CID,CAS,RT,NAME
58479,107-86-8 ,4.282,"2-Butenal, 3-methyl-"
6319,66-25-1 ,5.445,Hexanal
1155,6728-26-3,7.22,"2-Hexenal, (E)-"
1383,505-57-7 ,7.5,2-Hexenal
9276,928-97-2 ,7.848,"3-Hexen-1-ol, (E)-"
6810,928-95-0 ,8.26,"2-Hexen-1-ol, (E)-"
6337,111-27-3 ,8.388,1-Hexanol
16254,80-56-8 ,11.772,alpha-Pinene
16310,79-92-5 ,12.243,Camphene
15265,36262-09-6 ,12.581,"Bicyclo[3.1.0]hex-2-ene, 4-methylene-1-(1-methylethyl)-"
12587,100-52-7 ,13.047,Benzaldehyde
72809,3387-41-5 ,13.89,"Bicyclo[3.1.0]hexane, 4-methylene-1-(1-methylethyl)-"
16192,123-35-3 ,15.166,beta-Myrcene
16238,99-83-2 ,15.691,alpha-Phellandrene
22156, 99-86-5 ,16.5,"1,3-Cyclohexadiene, 1-methyl-4-(1-methylethyl)-"
2527, 142-92-7 ,16.721,"Acetic acid, hexyl ester"
21640,527-84-4 ,17.045,o-Cymene
15531,122-78-1 ,18.398,Benzeneacetaldehyde
14114, 695-06-7 ,19.119,"2(3H)-Furanone, 5-ethyldihydro-"
16247,99-85-4 ,19.36,gamma-Terpinene
10582,17699-16-0 ,19.904,"Bicyclo[3.1.0]hexan-2-ol, 2-methyl-5-(1-methylethyl)-, (1alpha,2alpha,5alpha)-"
22167,586-62-9 ,21.327,"Cyclohexene, 1-methyl-4-(1-methylethylidene)-"
42410,78-70-6 ,22.41,Linalool
19715,4501-58-0 ,23.882,alpha-Campholenal
22194,7216-56-0 ,24.136,"2,4,6-Octatriene, 2,6-dimethyl-, (E,Z)-"
15974,547-61-5 ,24.627,"Bicyclo[3.1.1]heptan-3-ol, 6,6-dimethyl-2-methylene-, [1S-(1alpha,3alpha,5alpha)]-"
93946,1820-09-3 ,25.201,trans-Verbenol
21619,488-23-3 ,25.505,"Benzene, 1,2,3,4-tetramethyl-"
13188,30460-92-5 ,26.315,Pinocarvone
16788,464-45-9 ,26.54,"Bicyclo[2.2.1]heptan-2-ol, 1,7,7-trimethyl-, (1S-endo)-"
10695,562-74-3 ,27.394,Terpinen-4-ol
8605,98-55-5 ,28.409,alpha-Terpineol
12941, 515-00-4 ,28.72,"Bicyclo[3.1.1]hept-2-ene-2-methanol, 6,6-dimethyl-"
19539,1196-01-6 ,29.547,"Bicyclo[3.1.1]hept-3-en-2-one, 4,6,6-trimethyl-, (1S)-"
21523,99-75-2 ,29.933,"Benzoic acid, 4-methyl-, methyl ester"
19929,1197-07-5 ,30.381,trans-Carveol
21389,50764-55-1 ,32.514,"Bicyclo[3.1.1]hept-2-en-6-ol, 2,7,7-trimethyl-, acetate, [1S-(1alpha,5alpha,6beta)]-"
163544, 6639-30-1 ,35.54,"2,4,5-Trichlorotoluene"
132450, 2219-78-5 ,36.296,"Phenol, 2-ethyl-4,5-dimethyl-"
165326, 17699-14-8 ,38.979,alpha-Cubebene
88458, 14912-44-8 ,40.195,Ylangene
28897,3856-25-5 ,40.408,Copaene
13387, 5208-59-3 ,41.073,(-)-beta-Bourbonene
18803,14912-44-8 ,41.191,Ylangene
28872,13744-15-5 ,41.461,"1H-Cyclopenta[1,3]cyclopropa[1,2]benzene, octahydro-7-methyl-3-methylene-4-(1-methylethyl)-, [3aS-(3aalpha,3bbeta,4beta,7alpha,7aS*)]-"
19028,489-29-2,42.589,"1H-Cyclopropa[a]naphthalene, 1a,2,3,3a,4,5,6,7b-octahydro-1,1,3a,7-tetramethyl-, [1aR-(1aalpha,3aalpha,7balpha)]-"
73222, 87-44-5 ,43.903,Caryophyllene
164985,17334-55-3 ,44.144,"1H-Cyclopropa[a]naphthalene, 1a,2,3,5,6,7,7a,7b-octahydro-1,1,7,7a-tetramethyl-, [1aR-(1aalpha,7alpha,7aalpha,7balpha)]-"
15356,489-39-4,44.51,Aromandendrene
88464,36577-33-0 ,44.83,"(1R,3aS,8aS)-7-Isopropyl-1,4-dimethyl-1,2,3,3a,6,8a-hexahydroazulene"
16226,6753-98-6 ,45.429,Humulene
28896,30021-74-0 ,46.777,gamma-Muurolene
18957,10208-80-7 ,48.2,alpha-Muurolene
28885,39029-41-9 ,48.94,"Naphthalene, 1,2,3,4,4a,5,6,8a-octahydro-7-methyl-4-methylene-1-(1-methylethyl)-, (1alpha,4abeta,8aalpha"
29008,523-47-7 ,49.642,"Naphthalene, 1,2,4a,5,8,8a-hexahydro-4,7-dimethyl-1-(1-methylethyl)-, [1S-(1alpha,4abeta,8aalpha)]-"
109177,29837-12-5 ,50.042,Cubenene
37123,40716-66-3 ,52.104,"1,6,10-Dodecatrien-3-ol, 3,7,11-trimethyl-, (E)-"
21390, 6750-60-3 ,52.565,"1H-Cycloprop[e]azulen-7-ol, decahydro-1,1,7-trimethyl-4-methylene-, [1ar-(1aalpha,4aalpha,7beta,7abeta,7balpha)]-"
2639,,53.904,Isoaromadendrene epoxide
6744,124-25-4 ,54.87,Tetradecanal
28844,1460-73-7 ,56.69,Agarospirol
7105,2765-11-9 ,60.148,Pentadecanal-
