CAS,Class,Name,RT,CID,MSDIAL RI,NIST RI,Note,Note.1
75-07-0,Aldehyde,Acetaldehyde(X),1.501,177  ,,404±23 (15),,分低
64-17-5,Alcohol,Ethanol,1.584,702 ,,427±19 (38),非靶确定,
67-64-1,Ketone,Acetone,1.663,180  ,,486±16 (51),非靶确定,
78-84-2,Aldehyde,"Propanal, 2-methyl-(X)",1.864,6561 ,,552±4 (67),,分低
78-85-3,Aldehyde,Methacrolein(X),1.938,6562 ,,567±7 (9),,分低
590-86-3,Aldehyde,"Butanal, 3-methyl-",2.526,11552  ,,652±5 (213),非靶确定,
625-74-1,Other,"Propane, 2-methyl-1-nitro-",2.629,69367 ,,775±1 (4),非靶确定,解卷积
51756-18-4 ,Ketone,"5-Hexen-2-one, 5-methyl-3-methylene-(X)",8.844,103953 ,886.0,880±6 (2),,分低
2867-05-2,Terpene,3-Thujene(X),10.816,17868  ,923.0,929±2 (488),,同分异构
2867-05-2,Terpene,3-Thujene(X),11.12,17868  ,928.0,929±2 (488),,同分异构
79-92-5,Terpene,Camphene(x),11.87,6616  ,941.0,952±2 (609),,RI 相差大
3387-41-5,Terpene,Sabinen,13.666,18818  ,972.0,974±2 (619),非靶确定,
92760-25-3,Terpene,"2,3-Dehydro-1,8-cineole",14.598,523035  ,988.0,991±2 (44),非靶确定,
123-35-3 ,Terpene,beta-Myrcene,14.833,31253  ,992.0,991±2 (840),非靶确定,
99-83-2,Terpene,alpha-Phellandrene,15.451,7460  ,1002.0,1005±2 (509),非靶确定,
470-82-6,Other,Eucalyptol,17.398,2758  ,1031.0,1032±2 (580),非靶确定,
3779-61-1,Terpene,trans-beta-Ocimene,18.36,5281553  ,1046.0,1049±2 (548),非靶确定,
122-78-1,Aldehyde,Benzeneacetaldehyde,18.531,998 ,1048.0,1045±4 (378),非靶确定,
3779-61-1,Terpene,trans-beta-Ocimene(X),18.796,5281553  ,1052.0,1049±2 (548),,同分异构
99-85-4,Terpene,gamma-Terpinene,19.35,7461 ,1060.0,1060±3 (739),非靶确定,
17699-16-0,Terpene,trans-Sabinene hydrate,19.762,6326181  ,1066.0,1070±5 (339),非靶确定,
108-39-4 ,Benzene Derivative,"Phenol, 3-methyl-(X)",20.081,342 ,1071.0,1075±5 (40),,分低
5989-33-3,Furan,cis-Linalool oxide(X),20.013,6428573,1070.0,1074±4 (179),,分低
111-87-5 ,Alcohol,1-Octanol,20.42,957 ,1076.0,1071±3 (226),非靶确定,解卷积
586-63-0 ,Terpene,Isoterpinolene,20.89,102443  ,1083.0,1086±3 (46),非靶确定,解卷积
1195-79-5,Terpene,Fenchone(X),21.008,14525 ,1085.0,1096±N/A (1),,RI 相差大
586-62-9,Terpene,Terpinolene,21.106,11463 ,1086.0,1088±2 (607),非靶确定,
1195-32-0,Terpene,p-Cymenene,21.195,62385  ,1088.0,1090±2 (106),非靶确定,
,Terpene,Unkown,21.636,129847957  ,1094.0,,,分低，无NIST RI
821-55-6 ,Ketone,2-Nonanone,21.67,13187 ,1095.0,1092±2 (159),非靶确定,
15537-55-0,Terpene,cis-Sabinene hydrate(X),21.808,20055523  ,1097.0,1070±4 (50),,RI 相差大
78-70-6,Terpene,Linalool,22.299,6549,1104.0,1099±2 (976),非靶确定,
29957-43-5,Other,"1,5,7-Octatrien-3-ol, 3,7-dimethyl-",22.47,5366264,1107.0,1107±1 (18),非靶确定,
18368-95-1,Terpene,"1,3,8-p-Menthatriene(X)",22.646,176983  ,1109.0,1119±N/A (1),,RI 相差大
1632-73-1,Terpene,Fenchol,22.794,15406  ,1111.0,1113±4 (39),非靶确定,解卷积
1100111-06-5,Other,trans-4-Methoxythujane,23.161,71338689  ,1117.0,1120±N/A (1),非靶确定,
19945-61-0,Terpene,"(E)-4,8-Dimethylnona-1,3,7-triene",23.24,6427110  ,1118.0,1116±1 (3),非靶确定,
29803-82-5,Other,cis-2-p-Menthen-1-ol,23.328,122485  ,1119.0,1122±3 (120),非靶确定,
4501-58-0,Aldehyde,alpha-Campholenal,23.642, 1252759  ,1124.0,1125±2 (165),非靶确定,
7216-56-0,Terpene,Neo-allo-ocimene,24.039,5371125 ,1129.0,1131±0 (2),非靶确定,解卷积
460-01-5 ,Terpene,Cosmene,24.167,5368451  ,1131.0,1131±1 (4),非靶确定,
547-61-5,Alcohol,L-Pinocarveol(X),24.344,1201530 ,1134.0,1139±2 (234),,同分异构
464-48-2 ,Terpene,L-camphor(X),24.662,444294  ,1138.0,1142±3 (2),,同分异构
89-79-2,Terpene,Isopulegol,24.957,170833  ,1143.0,1146±3 (32),非靶确定,
30460-92-5,Terpene,Pinocarvone,25.967,121719 ,1157.0,1164±N/A (1),非靶确定,解卷积
464-45-9 ,Terpene,L-Borneol(X),26.271,1201518,1162.0,1166±7 (3),,同分异构
7299-42-5,Terpene,delta-Terpineol,26.556,81722  ,1166.0,1166±3 (35),非靶确定,
15358-88-0 ,Terpene,Isocamphopinone,26.737,11038  ,1169.0,1173±2 (40),非靶确定,
562-74-3,Terpene,Terpinen-4-ol,27.174,11230 ,1175.0,1177±2 (764),非靶确定,
,Other,Unkown,27.483,,1179.0,,,无NIST RI
74410-10-9,Other,Dill ether(X),27.659,126537 ,1182.0,1186±2 (13),,分低
122-00-9 ,Benzene Derivative,"Ethanone, 1-(4-methylphenyl)-(X)",27.679,8500 ,1183.0,1183±4 (39),,同分异构
98-55-5,Terpene,alpha-Terpineol(X),28.513,17100 ,1194.0,1189±2 (811),,同分异构
515-00-4,Terpene,Myrtenol,28.655,10582  ,1196.0,1195±2 (203),非靶确定,
140-67-0,Benzene Derivative,Estragole,28.748,8815 ,1198.0,1196±1 (86),非靶确定,
74410-00-7 ,Terpene,(-)-trans-Isopiperitenol(X),28.895,439410  ,1200.0,1210±N/A (1),,RI 相差大
99-48-9,Terpene,Carveol(X),28.93,7348,1200.0,1219±19 (11),,"分低,RI相差大"
16721-39-4,Terpene,trans-Piperitol(X),29.327,85568  ,1206.0,1208±3 (86),,分低
16721-39-4,Terpene,trans-Piperitol(X),29.351,85568  ,1207.0,1208±3 (86),,分低
28715-26-6,Furan,"Benzofuran, 4,7-dimethyl-(X)",29.528,33109 ,1209.0,1220±2 (5),,"分低,RI相差大"
,Other,Unkown,29.768,,1213.0,,,分低，无NIST RI
,Other,Unkown,29.96,,1216.0,,,无NIST RI
,Other,Unkown,30.107,,1218.0,,,无NIST RI
18679-48-6,Terpene,2-Hydroxycineol,30.298,529885  ,1221.0,1228±5 (6),非靶确定,
1197-06-4,Terpene,cis-Carveol(X),30.676,330573 ,1226.0,1229±3 (115),,分低
1197-06-4,Terpene,cis-Carveol(X),30.892,330573 ,1230.0,1229±3 (115),,分低
106-22-9,Terpene,Citronellol,31.019,8842 ,1232.0,1228±3 (181),非靶确定,
122-03-2,Terpene,"Benzaldehyde, 4-(1-methylethyl)-",31.348,326 ,1236.0,1239±3 (122),非靶确定,
81801-58-3,Other,"3-exo-Hydroxy-1,8-cineole(X)",31.534,439906 ,1239.0,1250±9 (2),,RI 相差大
99-49-0,Terpene,Carvone(X),31.647,7439  ,1241.0,1242±4 (307),,同分异构
89-81-6,Terpene,Piperitone(X),32.324,6987  ,1251.0,1253±3 (129),,分低
,Other,Unkown,32.633,,1256.0,,,分低，无NIST RI
115-95-7,Terpene,Linalyl acetate,32.75,8294  ,1257.0,1257±3 (153),非靶确定,
,Other,Unkown,33.202,,1264.0,,,分低，无NIST RI
25080-84-6 ,Other,Unkown,33.638,576868 ,1270.0,,,分低，无NIST RI
5392-40-5,Terpene,Citral(X),33.727,638011,1272.0,1276±N/A (1),,分低
31295-56-4 ,Other,"Dodecane, 2,6,11-trimethyl-",34.266,35768  ,1280.0,1275±N/A (1),非靶确定,
4180-23-8,Other,Anethole(X),34.492,637563  ,1283.0,1284±3 (76),,同分异构
104-46-1,Other,Anethole(X),34.811,637563 ,1288.0,1286±2 (6),,分低
499-75-2,Benzene Derivative,Carvacrol(X),35.183,10364 ,1293.0,1299±2 (278),,同分异构
112-12-9,Ketone,2-Undecanone(X),35.286,8163  ,1295.0,1294±2 (160),,分低
4821-04-9,Terpene,4-Terpinenyl acetate(X),35.443,20960 ,1297.0,1301±19 (21),,同分异构
499-75-2,Benzene Derivative,Carvacrol(X),35.183,10364 ,1298.0,1299±2 (278),,分低
1619-26-7,Terpene,Isoascaridol,35.698,351031 ,1301.0,1306±3 (5),非靶确定,
2219-78-5,Benzene Derivative,"Phenol, 2-ethyl-4,5-dimethyl-",36.032,247477,1306.0,1305±3 (4),非靶确定,
93836-50-1,Terpene,"delta-Terpineol, acetate",36.557, 91691738  ,1314.0,1315±2 (2),非靶确定,
634-36-6,Benzene Derivative,Methylsyringol,36.6,12462  ,1316.0,1313±3 (8),非靶确定,
1678-97-3,Other,Unkown,36.895,15507 ,1320.0,,,分低，无NIST RI
57287-13-5,Other,(-)-Dihydrocarvyl acetate(X),37.013,6553874 ,1322.0,1330±N/A (1),,分低
,Benzene Derivative,Unkown,37.067,,1322.0,,,无NIST RI
20307-84-0,Terpene,delta-EIemene,37.66,89316 ,1332.0,1338±2 (220),非靶确定,
,Other,Unkown,38.18,,1340.0,,,无NIST RI
17699-14-8 ,Terpene,alpha-Cubebene,38.45, 442359 ,1345.0,1351±2 (337),非靶确定,
80-26-2 ,Terpene,alpha-Terpinyl acetate,38.779,111037  ,1349.0,1350±3 (156),非靶确定,
25905-14-0,Other,Unkown,39.225,30247 ,1356.0,,,分低，无NIST RI
22469-52-9,Terpene,Cyclosativene(X),39.392,16212927 ,1358.0,1368±3 (76),,RI 相差大
72257-53-5,Other,"2-Acetoxy-1,8-cineole(X)",39.588,175002 ,1361.0,1345±6 (7),,RI 相差大
22469-52-9,Terpene,Cyclosativene,39.774, 16212927 ,1364.0,1368±3 (76),非靶确定,
141-12-8 ,Ester,Nerol acetate,39.887,1549025 ,1366.0,1364±3 (151),非靶确定,
14912-44-8,Terpene,Ylangene(X),40.098,20055075 ,1369.0,1372±2 (170),,同分异构
515-13-9,Terpene,beta-Elemen(X),40.721,6918391  ,1379.0,1391±2 (521),,RI 相差大
13744-15-5,Terpene,beta-Cubebene,41.015,93081  ,1384.0,1389±2 (261),非靶确定,
515-13-9,Terpene,beta-Elemen,41.27,6918391  ,1387.0,1391±2 (521),非靶确定,
18794-50-8 ,Other,Unkown,41.869,587046  ,1397.0,,,分低，无NIST RI
489-40-7,Terpene,alpha-Gurjunene(X),42.104,16213731  ,1400.0,1409±2 (196),,RI 相差大
58319-06-5 ,Terpene,Sesquithujene,42.217,53439065 ,1402.0,1402±10 (6),非靶确定,
20479-06-5,Terpene,beta-Ylangene(X),42.428,25244198  ,1406.0,1421±2 (26),,RI 相差大
6443-69-2 ,Benzene Derivative,"Toluene, 3,4,5-trimethoxy-(X)",42.477,80922 ,1406.0,1407±7 (12),,分低
87-44-5,Terpene,Caryophyllene(X),42.688,5281515 ,1409.0,1419±3 (983),,RI 相差大
512-61-8,Terpene,alpha-Santalene,42.997,94164 ,1415.0,1420±3 (26),非靶确定,
20479-06-5,Terpene,beta-Ylangene,43.33,25244198  ,1420.0,1421±2 (26),非靶确定,
17334-55-3,Terpene,beta-Gurjunene(X),43.551, 28481  ,1424.0,1432±3 (234),,RI 相差大
29873-99-2,Terpene,gamma-Elemene,43.777,12309452  ,1428.0,1434±4 (116),非靶确定,
13474-59-4,Terpene,trans-alpha-Bergamotene,43.968,6429302  ,1431.0,1435±3 (183),非靶确定,
36577-33-0,Terpene,"Guaia-6,9-diene",44.292,14190790,1436.0,1443±8 (2),非靶确定,
489-39-4 ,Terpene,Aromandendrene,44.581,11095734  ,1441.0,1440±1 (5),非靶确定,
6753-98-6,Terpene,Humulene(X),44.782,5281520  ,1444.0,1454±3 (792),,RI 相差大
58319-04-3,Terpene,Sesquisabinene(X),45.292,25202482 ,1452.0,1464±3 (5),,RI 相差大
18794-84-8,Terpene,(E)-beta-Famesene,45.547,5281517 ,1456.0,1457±2 (253),非靶确定,
25246-27-9 ,Terpene,Alloaromadendrene(X),45.886,10899740  ,1462.0,1461±2 (343),,分低
23986-74-5,Terpene,Germacrene D,46.612,5317570  ,1474.0,1481±3 (689),非靶确定,
17066-67-0 ,Terpene,beta-Eudesmene,46.925,28237  ,1479.0,1486±3 (349),非靶确定,
54324-03-7,Other,Bicyclosesquiphellandrene,47.122,15694800,1482.0,1489±6 (11),非靶确定,
24703-35-3,Other,Bicyclogermacren,47.524,91224 ,1489.0,1495±4 (368),非靶确定,
10208-80-7,Terpene,alpha-Muurolene(X),47.666,12306047 ,1491.0,1499±3 (427),,分低
629-62-9,Alkane,Pentadecane(X),47.911,12391  ,1495.0,1500,,分低
39029-41-9,Terpene,gamma-Cadinene(X),48.186,92313  ,1499.0,1513±2 (485),,RI 相差大
495-61-4,Terpene,beta-Bisabolene,48.613,10104370 ,1507.0,1509±3 (312),非靶确定,解卷积
39029-41-9,Terpene,gamma-Cadinene,48.681,92313  ,1508.0,1513±2 (485),非靶确定,
13062-00-5,Terpene,cis-gamma-Bisabolene,48.809,3033866  ,1510.0,1515±3 (33),非靶确定,
56143-21-6,Ester,Unkown,48.976,,1513.0,,,无NIST RI
523-47-7,Terpene,"Cadina-3,9-diene(X)",49.221,10657,1517.0,1518±10 (30),,
20307-83-9,Terpene,beta-Sesquiphellandrene,49.383,519764  ,1520.0,1524±2 (114),非靶确定,
53585-13-0 ,Terpene,trans-gamma-Bisabolene,49.78,5352437 ,1527.0,1533±3 (62),非靶确定,
24406-05-1,Terpene,alpha-Cadinene,49.947,12306048 ,1530.0,1538±1 (31),非靶确定,
21391-99-1 ,Terpene,alpha-Calacorene(X),50.197,12302243  ,1534.0,1542±3 (219),,RI 相差大
25532-79-0,Terpene,trans-alpha-Bisabolene(X),50.413,5315468  ,1538.0,1512±8 (18),,RI 相差大
639-99-6 ,Terpene,Elemol,50.633,92138 ,1542.0,1549±2 (169),非靶确定,
15423-57-1,Terpene,Germacrene B(X),50.864,5281519  ,1545.0,1557±3 (232),,RI 相差大
58319-05-4,Terpene,cis-Sesquisabinene hydrate,50.996,6428435  ,1548.0,1543±3 (17),非靶确定,
,Other,Unkown,51.188,,1551.0,,,分低，无NIST RI
50277-34-4,Other,beta-Calacorene(X),51.325,529621  ,1553.0,1563±3 (59),,RI 相差大
1139-30-6,Terpene,Caryophyllene oxide(X),51.374,1742210 ,1554.0,1581±2 (669),,"分低,RI相差大"
40716-66-3,Terpene,E-Nerolidol,51.722,5284507,1560.0,1564±2 (277),非靶确定,
6750-60-3,Terpene,Spathulenol(X),52.075,92231 ,1566.0,1576±2 (539),,同分异构
1139-30-6,Terpene,Caryophyllene oxide(X),52.321,1742210 ,1570.0,1581±2 (669),,RI 相差大
32038-83-8,Other,Unkown,52.59,141680  ,1575.0,,,无NIST RI
489-41-8 ,Terpene,(-)-Globulol,52.659,12304985  ,1576.0,1580±N/A (1),非靶确定,
145512-84-1,Terpene,trans-Sesquisabinene hydrate(X),53.042,20055539  ,1583.0,1581±2 (7),,同分异构
489-86-1,Terpene,Guaiol,53.351,227829  ,1588.0,1596±3 (116),非靶确定,
465-28-1,Terpene,Carotol(X),53.552,442347,1592.0,1594±2 (26),,分低
19888-34-7,Terpene,Humulene oxide II,53.797,92476330 ,1596.0,1606±2 (160),非靶确定,
21284-22-0,Terpene,Cubenol(X),54.175,11770062  ,1602.0,1642±3 (125),,"分低,RI相差大"
,Other,"Humulane-1,6-dien-3-ol(X)",54.547,5353015 ,1609.0,1619±0 (3),,RI 相差大
20129-39-9,Other,alpha-Corocalene(X),54.724,5316074,1612.0,1623±4 (5),,"分低,RI相差大"
19912-67-5,Terpene,Epicubenol(X),55.151,12046149  ,1620.0,1627±2 (144),,分低
19431-79-9,Terpene,"Caryophylla-4(12),8(13)-dien-5alpha-ol(X)",55.347,,1624.0,1637±4 (25),,"分低,RI相差大"
5937-111,Terpene,T-Cadinol(X),55.7,160799,1630.0,1640±2 (241),,RI 相差大
473-15-4,Terpene,beta-Eudesmol(X),56.073,91457 ,1637.0,1649±2 (224),,RI 相差大
5937-111,Terpene,T-Cadinol,56.441,160799,1644.0,1640±2 (241),非靶确定,
,Other,Unkown,57.024,,1654.0,1651±N/A (1),,分低
15352-77-9,Other,beta-Bisabolol(X),57.427,27208 ,1662.0,1671±2 (57),,RI 相差大
,Other,Unkown,57.897,,1670.0,,,分低，无NIST RI
515-69-5 ,Terpene,alpha-Bisabolol,58.157,1549992  ,1675.0,1684±3 (158),非靶确定,
18319-35-2,Terpene,"Cedren-13-ol, 8-(X)",58.447,519545  ,1680.0,1688±1 (10),,分低
115-71-9,Terpene,alpha-Santalol,58.839,11085337,1687.0,1681±3 (12),非靶确定,
88034-74-6 ,Terpene,"Bergamotol, Z-alpha-trans-",59.643,5368743  ,1703.0,1700±8 (10),非靶确定,
77-42-9,Alcohol,beta-Santalol(X),60.212,6857681  ,1716.0,1715±10 (10),,分低
32391-46-1,,Unkown,60.879,613138 ,1731.0,,,分低，无NIST RI
473-08-5,Other,"7-Isopropenyl-1,4a-dimethyl-4,4a,5,6,7,8-hexahydro-3H-naphthalen-2-one(X)",61.463,6452086  ,1745.0,1755±16 (5),,RI 相差大
10067-28-4,Other,"Lanceol, cis(X)",62.375,71355833 ,1765.0,1763±3 (9),,分低
3243-36-5,Other,Ambrial(X),63.499,10037034  ,1792.0,1809±N/A (1),,RI 相差大
593-45-3,Alkane,Octadecane,63.768,11635  ,1799.0,1800,非靶确定,解卷积
19903-72-1,Other,"Santalol, cis,alpha-(X)",64.112,154734461  ,1828.0,,,无NIST RI
66964-63-4,Terpene,Callitrin(X),64.298,14038380  ,1845.0,1836±N/A (1),,"分低,RI相差大"
629-92-5 ,Alkane,Nonadecane,64.852,12401 ,1899.0,1900,非靶确定,解卷积
112-39-0 ,Ester,"Hexadecanoic acid, methyl ester",65.068,8181  ,1932.0,1926±2 (136),非靶确定,解卷积
