CAS,Class,Name,RT,CID,MSDIAL RI,NIST RI,Note,Note.1
868-57-5,Ester,"Butanoic acid, 2-methyl-, methyl ester(X)",4.732,13357  ,,775±3 (46),,分低
66-25-1,Aldehyde,Hexanal,5.389,6184,,800±2 (453),非靶确定,解卷积
503-74-2,Acid,"Butanoic acid, 3-methyl-",7.753,10430  ,,863±16 (120),非靶确定,解卷积
116-53-0,Acid,"Butanoic acid, 2-methyl-",8.244,8314  ,871.0,861±14 (91),非靶确定,解卷积
624-41-9,Ester,"1-Butanol, 2-methyl-, acetate(X)",8.631,12209 ,880.0,880±3 (41),,分低
17417-00-4,Other,Methyl 2-hydroxy-3-methylbutanoate,9.166,552631  ,893.0,889±N/A (1),非靶确定,
543-49-7,Alcohol,2-Heptanol,9.617,10976 ,903.0,900±4 (53),非靶确定,
2867-05-2,Terpene,3-Thujene,11.074,17868 ,928.0,929±2 (488),非靶确定,
79-92-5,Terpene,Camphene(x),11.854,6616 ,941.0,952±2 (609),,RI相差大
100-52-7,Aldehyde,Benzaldehyde,12.702,240  ,956.0,962±3 (416),非靶确定,
127-91-3,Terpene,beta-Pinene(X),13.517,14896 ,970.0,979±2 (849),,同分异构
3391-86-4,Alcohol,1-Octen-3-ol,14.228,18827  ,982.0,980±2 (355),非靶确定,解卷积
123-35-3,Terpene,beta-Myrcene,14.743,31253 ,991.0,991±2 (840),非靶确定,
108-95-2,Alcohol,Phenol(X),14.885,996  ,993.0,980±4 (94),,RI相差大
40348-72-9,Acid,"Pentanoic acid, 2-hydroxy-4-methyl-, methyl ester(X)",14.89,62908 ,993.0,995±N/A (1),,分低
99-83-2,Terpene,alpha-Phellandrene,15.351,7460 ,1001.0,1005±2 (509),非靶确定,
124-13-0,Aldehyde,Octanal,15.582,454 ,1004.0,1003±2 (364),非靶确定,解卷积
99-86-5,Terpene,alpha-Terpinene,16.165,7462 ,1013.0,1017±2 (534),非靶确定,
99-87-6,Terpene,p-Cymene(X),16.705,7463,1021.0,1025±2 (820),,同分异构
1461-27-4,Terpene,D-sylvestrene,16.94,102625  ,1024.0,1027±3 (19),非靶确定,
470-82-6,Other,Eucalyptol,17.082,2758 ,1026.0,1032±2 (580),非靶确定,
104-76-7,Alcohol,"1-Hexanol, 2-ethyl-",17.401,7720 ,1031.0,1030±3 (86),非靶确定,
13877-91-3,Terpene,beta-Ocimene,17.853,18756,1038.0,1037±7 (20),非靶确定,
1121-05-7,Other,"2-Cyclopenten-1-one, 2,3-dimethyl-(X)",17.97,14270  ,1040.0,1040±5 (9),,分低
122-78-1,Aldehyde,Benzeneacetaldehyde,18.142,998  ,1042.0,1045±4 (378),非靶确定,
3779-61-1,Terpene,trans-beta-Ocimene,18.5,5281553 ,1048.0,1049±2 (548),非靶确定,
99-85-4,Terpene,gamma-Terpinene,19.015,7461 ,1055.0,1060±3 (739),非靶确定,
98-86-2,Ketone,Acetophenone,19.51,7410  ,1063.0,1065±4 (134),非靶确定,
5989-33-3,Terpene,cis-Linalool oxide,20.021,6428573 ,1070.0,1074±4 (179),非靶确定,
111-87-5,Alcohol,1-Octanol,20.226,957 ,1074.0,1071±3 (226),非靶确定,
1195-79-5,Terpene,Fenchone(x),20.869,14525 ,1083.0,1096±N/A (1),,RI相差大
586-63-0,Other,"p-Mentha-2,4(8)-diene(X)",20.972,102443 ,1084.0,1086±3 (46),,分低
34995-77-2,Other,trans-Linalool oxide (furanoid),21.114,6431475  ,1087.0,1086±5 (156),非靶确定,解卷积
90-05-1,Benzene Derivative,"Phenol, 2-methoxy-",21.217,460,1088.0,1090±3 (130),非靶确定,
78-70-6,Terpene,Linalool,22.154, 6549 ,1102.0,1099±2 (976),非靶确定,
628-99-9 ,Alcohol,2-Nonanol,22.267,12367 ,1104.0,1102±4 (18),非靶确定,
29957-43-5,Other,Hotrienol(x),22.37,5366264 ,1105.0,1107±1 (18),,分低
1632-73-1,Terpene,Fenchol(X),22.684,15406  ,1110.0,1113±4 (39),,分低
19945-61-0,Terpene,"(E)-4,8-Dimethylnona-1,3,7-triene",23.17,6427110,1117.0,1116±1 (3),非靶确定,
586-82-3,Terpene,p-Menth-3-en-1-ol,24.239,11468  ,1132.0,1137±4 (38),非靶确定,
464-48-2,Terpene,(-)-Alcanfor(X),24.602,444294,1138.0,1142±3 (2),,同分异构
89-79-2,Terpene,Isopulegol,24.891,170833  ,1142.0,1146±3 (32),非靶确定,
1515-78-2,Benzene Derivative,"Benzene, 1,3-butadienyl-",25.386,5371758 ,1149.0,1150±N/A (1),非靶确定,
95-87-4,Benzene Derivative,"Phenol, 2,5-dimethyl-",25.97,7267,1157.0,1151±8 (18),,
507-70-0,Terpene,endo-Borneol(X),26.196,64685  ,1161.0,1167±2 (422),,同分异构
20268-00-2,Other,Unkown,26.426,140200  ,1164.0,,,分低，无NIST RI
15358-88-0,Terpene,Isocamphopinone(X),26.706,11038,1168.0,1173±2 (40),,分低
562-74-3,Terpene,Terpinen-4-ol,27.044,11230  ,1173.0,1177±2 (764),非靶确定,
143-08-8,Alcohol,1-Nonanol(X),27.172,8914  ,1175.0,1173±2 (61),,分低
98-55-5,Terpene,alpha-Terpineol,28.065, 17100 ,1188.0,1189±2 (811),非靶确定,
1195-09-1,Other,2-Methoxy-5-methylphenol,28.3,14519,1191.0,1193±5 (4),非靶确定,
140-67-0,Benzene Derivative,Estragole,28.609,8815 ,1196.0,1196±1 (86),非靶确定,
112-31-2,Aldehyde,Decanal,29.31,8175  ,1206.0,1206±2 (406),,分低
112-14-1,Ester,"Acetic acid, octyl ester",29.879,8164  ,1215.0,1210±3 (62),非靶确定,
92999-78-5 ,Terpene,exo-2-Hydroxycineole,30.296,529885  ,1221.0,1224±5 (6),非靶确定,
106-22-9,Terpene,Citronellol,30.968,8842  ,1231.0,1228±3 (181),非靶确定,
122-03-2,Terpene,"Benzaldehyde, 4-(1-methylethyl)-",31.317,326  ,1236.0,1239±3 (122),非靶确定,
769-59-5,Other,"2-Butanone, 3-phenyl-(X)",31.758,97744  ,1243.0,1244±N/A (1),,分低
57074-37-0,Alcohol,(Z)-4-Decen-1-ol,33.009,5362798  ,1261.0,1257±1 (7),非靶确定,
103-25-3,Ester,"Benzenepropanoic acid, methyl ester",33.852,7643 ,1274.0,1279±2 (7),非靶确定,解卷积
112-30-1,Alcohol,1-Decanol,33.936,8174  ,1275.0,1273±2 (69),非靶确定,
2785-89-9,Benzene Derivative,"Phenol, 4-ethyl-2-methoxy-",34.083, 62465 ,1277.0,1282±4 (46),非靶确定,
104-46-1 ,Other,Anethole(X),34.431,637563  ,1282.0,1286±2 (6),,同分异构
120-72-9,Other,Indole,35.191,798  ,1294.0,1295±7 (85),非靶确定,
19713-73-6,Other,Methyl cis-cinnamate,35.868,6428458  ,1304.0,1302±4 (12),非靶确定,
1191-02-2,Ester,"4-Decenoic acid, methyl ester(X)",36.261,23833  ,1310.0,,,无NIST RI
634-36-6,Benzene Derivative,"1,2,3-Trimethoxybenzene",36.697,12462  ,1317.0,1313±3 (8),非靶确定,
1189-09-9,Terpene,trans-Geranic acid methyl ester,37.183,5365910 ,1324.0,1324±2 (13),非靶确定,
110-42-9 ,Ester,"Decanoic acid, methyl ester",37.296, 8050 ,1326.0,1325±1 (48),非靶确定,
17699-14-8,Terpene,alpha-Cubebene(X),38.429,442359  ,1343.0,1351±2 (337),,RI相差大
80-26-2,Terpene,alpha-Terpinyl acetate,38.61,111037  ,1346.0,1350±3 (156),非靶确定,
91-10-1,Benzene Derivative,"Phenol, 2,6-dimethoxy-",39.091,7041 ,1354.0,1355±4 (31),非靶确定,
14912-44-8,Terpene,Ylangene,39.714,20055075  ,1363.0,1372±2 (170),非靶确定,
3856-25-5,Terpene,Copaene,39.998,12303902 ,1368.0,1376±2 (698),非靶确定,
122-72-5,Other,"3-Phenyl-1-propanol, acetate(X)",40.037,31226  ,1368.0,1373±6 (14),,分低
103-26-4,Other,Methyl cinnamate(X),40.886,637520  ,1382.0,1380±9 (21),,同分异构
,Other,(Z)-Dec-4-en-1-yl propyl carbonate(X),41.455,91694510 ,1390.0,,,无NIST RI
10415-88-0,Benzene Derivative,"Benzenepropanol, alpha-methyl-, acetate",41.69,61517,1394.0,1399±1 (3),非靶确定,
118-65-0,Terpene,Isocaryophyllene,41.985,5281522  ,1399.0,1406±3 (75),非靶确定,
93-15-2 ,Other,Methyleugenol(X),42.411,7127  ,1405.0,1402±2 (165),,分低
87-44-5,Terpene,Caryophyllene(X),42.696, 5281515  ,1410.0,1419±3 (983),,RI相差大
112-17-4,Ester,"Acetic acid, decyl ester",42.794,8167  ,1412.0,1408±2 (30),非靶确定,
178737-42-3,Other,"Caryophyllane, 4,8-beta-epoxy(X)",42.882,,1413.0,1421±N/A (1),,RI相差大
17334-55-3,Terpene,beta-Gurjunene,44.27,28481 ,1436.0,1432±3 (234),非靶确定,
4545-68-0,Other,Neoclovene(X),44.398,15973057  ,1438.0,1454±4 (10),,RI相差大
25246-27-9,Terpene,Alloaromadendrene(X),44.56,10899740  ,1440.0,1461±2 (343),,RI相差大
6753-98-6,Terpene,Humulene,44.785,5281520 ,1444.0,1454±3 (792),非靶确定,
40642-37-3,Alcohol,Z-4-Dodecenol,45.408,5365740,1454.0,1457±N/A (1),非靶确定,
35289-31-7,Alcohol,11-Dodecenol,45.722, 520725 ,1459.0,1455±12 (2),非靶确定,
157477-72-0,Other,"cis-Muurola-4(15),5-diene(X)",46.07,91747213  ,1465.0,1463±4 (52),,分低
30021-74-0,Other,gamma-Muurolene(X),46.266,6432308  ,1468.0,1477±3 (392),,RI相差大
20085-19-2,Other,alpha-Amorphene(X),46.477,12306046  ,1472.0,1482±6 (53),,RI相差大
515-17-3,Terpene,gamma-Selinene,46.58,10655819 ,1473.0,1479±6 (15),非靶确定,
17066-67-0 ,Terpene,beta-Eudesmene,47.11,28237  ,1482.0,1486±3 (349),非靶确定,
10208-80-7,Terpene,alpha-Muurolene,47.738,12306047  ,1492.0,1499±3 (427),非靶确定,
523-47-7 ,Terpene,"Cadina-3,9-diene(X)",48.111,10657  ,1498.0,1518±10 (30),,RI相差大
39029-41-9,Terpene,gamma-Cadinene,48.469,92313 ,1504.0,1513±2 (485),非靶确定,
523-47-7,Terpene,"Cadina-3,9-diene",49.101,10657  ,1515.0,1518±10 (30),非靶确定,
20481-17-8,Other,5-tert-Butylpyrogallol(X),49.734,597592  ,1526.0,1526±N/A (1),,分低
6813-21-4,Other,"Selina-3,7(11)-diene(x)",49.94,6432648  ,1530.0,1542±3 (45),,分低
21391-99-1,Other,alpha-Calacorene,50.112,12302243  ,1532.0,1542±3 (219),非靶确定,
6813-21-4,Other,"Selina-3,7(11)-diene(x)",50.774,6432648  ,1544.0,1542±3 (45),,分低
913176-41-7,Other,Caryophyllenyl alcohol(X),51.554,573880 ,1557.0,,,无NIST RI
40716-66-3,Terpene,(±)-trans-Nerolidol,51.686,5284507  ,1560.0,1564±2 (277),非靶确定,
5986-49-2,Other,Palustrol,52.03,110745,1565.0,1568±2 (9),,分低
6750-60-3 ,Terpene,Spathulenol(x),52.388,92231 ,1572.0,1576±2 (539),,分低
489-41-8,Terpene,(-)-Globulol,52.638,12304985  ,1576.0,1580±N/A (1),非靶确定,
88728-58-9,Other,Epiglobulol(X),53.04,11858788  ,1583.0,1585±5 (29),,分低
,Other,Isoaromadendrene epoxide(X),53.251,534398 ,1586.0,1589±10 (8),,分低
88728-58-9,Other,Epiglobulol(X),53.423,11858788  ,1589.0,1585±5 (29),,分低
19888-34-7,Other,Humulene epoxide II(X),53.79,92476330  ,1596.0,1606±2 (160),,RI相差大
73365-77-2 ,Other,"Di-epi-1,10-cubenol(X)",54.217,12304220  ,1603.0,1614±3 (77),,RI相差大
20129-39-9,Terpene,alpha-Corocalene(X),54.717,5316074 ,1612.0,1623±4 (5),,RI相差大
,,"Humulane-1,6-dien-3-ol(X)",54.845,5353015  ,1615.0,1619±0 (3),,分低
73365-77-2,Terpene,"Di-epi-1,10-cubenol",54.953,12304220  ,1617.0,1614±3 (77),非靶确定,
19912-67-5,Terpene,Epicubenol,55.149,12046149  ,1620.0,1627±2 (144),非靶确定,
5937-11-1,Terpene,alpha-epi-Cadinol(X),55.713,160799 ,1630.0,1640±2 (241),,分低
19435-97-3 ,Alcohol,delta-Cadinol(X),56.027,3084311  ,1636.0,1645±2 (220),,
483-78-3,Terpene,Cadalene(X),57.518,10225  ,1663.0,1674±3 (86),,RI相差大
629-78-7,Alkane,Heptadecane(X),59.279,12398  ,1695.0,1700,,分低
593-45-3,Alkane,Octadecane(x),63.772,11635  ,1799.0,1800,,分低
629-92-5,Alkane,Nonadecane,64.856, 12401  ,1899.0,1900,非靶确定,
112-39-0,Ester,"Hexadecanoic acid, methyl ester",65.067,8181,1932.0,1926±2 (136),非靶确定,
