CAS,Class,Name,RT,CID,MSDIAL RI,NIST RI,Note,Note.1
64-17-5,Alcohol,Ethanol,1.57,702 ,,427±19 (38),非靶确定,
75-05-8,Other,Acetonitrile,1.663,6342 ,,444±6 (15),非靶确定,
64-19-7,Acid,Acetic acid,2.148,176,,610±10 (91),非靶确定,
815-06-5,Other,N-Methyltrifluoroacetamide(X),3.164,69948 ,,,,无NIST RI
137-32-6,Alcohol,"1-Butanol, 2-methyl-",3.806,8723,,739±5 (105),非靶确定,
556-24-1,Ester,Methyl isovalerate,4.699,11160 ,,773±5 (21),非靶确定,
17417-00-4,Ester,Methyl 2-hydroxy-3-methylbutanoate,9.192,552631  ,894.0,889±N/A (1),非靶确定,
97-85-8 ,Ester,Isobutyl isobutyrate,10.364,7351 ,916.0,910±4 (13),非靶确定,
508-32-7,Terpene,Tricyclene(X),10.394,79035 ,916.0,925±2 (220),,RI 相差大
2867-05-2,Terpene,3-Thujene,11.09,17868  ,928.0,929±2 (488),非靶确定,
79-92-5,Terpene,Camphene(x),11.865,6616  ,941.0,952±2 (609),,RI 相差大
539-90-2,Ester,"Butanoic acid, 2-methylpropyl ester",12.748,10885  ,956.0,955±6 (13),非靶确定,
100-52-7 ,Aldehyde,Benzaldehyde,12.994,240  ,961.0,962±3 (416),非靶确定,
3387-41-5,Terpene,Sabinen,13.523,18818  ,970.0,974±2 (619),非靶确定,
110-93-0 ,Ketone,"5-Hepten-2-one, 6-methyl-",14.651,9862  ,989.0,986±2 (222),非靶确定,
123-35-3 ,Terpene,beta-Myrcene,14.774,31253  ,991.0,991±2 (840),非靶确定,解卷积
41654-19-7,Ester,Unkown,15.063,521064,996.0,975±3 (2),,分低，RI相差大
99-83-2,Terpene,alpha-Phellandrene,15.372,7460  ,1001.0,1005±2 (509),非靶确定,
2445-67-2,Ester,Isobutyl 2-methylbutanoate,15.637, 102820  ,1005.0,1004±4 (8),非靶确定,
99-86-5,Terpene,alpha-Terpinen,16.196,7462  ,1013.0,1017±2 (534),非靶确定,
470-82-6,Other,Eucalyptol,17.339,2758  ,1030.0,1032±2 (580),非靶确定,
3338-55-4,Terpene,beta-cis-Ocimene(X),17.943,5320250,1039.0,1038±2 (446),,分低
3779-61-1,Terpene,trans-beta-Ocimene,18.551,5281553  ,1048.0,1049±2 (548),非靶确定,
99-85-4,Terpene,gamma-Terpinene,19.066,7461 ,1056.0,1060±3 (739),非靶确定,
106-27-4,Ester,Isoamyl butanoate,19.213, 7795  ,1058.0,1056±4 (39),非靶确定,
51115-64-1,Ester,"Butanoic acid, 2-methylbutyl ester",19.37,162627 ,1061.0,1056±3 (8),非靶确定,
98-86-2,Ketone,Acetophenone,19.684,7410 ,1065.0,1065±4 (134),非靶确定,
4421-10-7,Other,Unkown,20.341,78137,1075.0,,,分低，无NIST RI
586-62-9,Terpene,Terpinolene(X),20.998,11463 ,1085.0,1088±2 (607),,同分异构
1195-32-0,Terpene,p-Cymenene,21.101,62385  ,1086.0,1090±2 (106),非靶确定,
93-58-3,Other,"Benzoic acid, methyl ester",21.543,7150  ,1093.0,1094±3 (86),非靶确定,
78-70-6,Terpene,Linalool,22.077,6549,1101.0,1099±2 (976),非靶确定,
2445-78-5,Ester,2-Methylbutyl 2-methylbutanoate(X),22.401,17129 ,1106.0,1105±2 (11),,同分异构
1632-73-1 ,Terpene,Fenchol(x),22.661,15406 ,1109.0,1113±4 (39),,同分异构
60-12-8,Alcohol,Phenylethyl Alcohol,23.063, 6054 ,1115.0,1116±5 (262),非靶确定,解卷积
464-48-2 ,Terpene,L-camphor(X),24.648,444294  ,1138.0,1142±3 (2),,同分异构
465-31-6,Terpene,Camphene hydrate,24.873,101680  ,1141.0,1148±2 (47),非靶确定,
124-76-5,Terpene,Isoborneol,25.531,6321405,1151.0,1157±3 (67),非靶确定,
464-41-5 ,Other,Bornyl chloride(X),25.732,12300207  ,1154.0,,,无NIST RI
464-45-9 ,Terpene,L-Borneol(X),26.262,1201518,1162.0,1166±7 (3),,同分异构
7299-42-5,Terpene,delta-Terpineol,26.554,81722  ,1165.0,1166±3 (35),非靶确定,
93-89-0,Other,"Benzoic acid, ethyl ester(X)",26.806,7165  ,1170.0,1171±2 (58),,同分异构
562-74-3,Terpene,Terpinen-4-ol,27.208,11230 ,1175.0,1177±2 (764),非靶确定,
74410-10-9,Furan,Dill ether,27.63,126537 ,1182.0,1186±2 (13),非靶确定,
98-55-5,Terpene,alpha-Terpineol(X),28.41,17100 ,1193.0,1189±2 (811),,同分异构
106-31-0,Other,Unkown,28.576,7798 ,1195.0,,,分低，无NIST RI
140-67-0,Benzene Derivative,Estragole,28.689,8815 ,1196.0,1196±1 (86),非靶确定,
5208-49-1,Other,Unkown,29.268,16211586  ,1205.0,,,分低，无NIST RI
107598-08-3,Other,"2-Oxabicyclo[2.2.2]octan-6-one, 1,3,3-trimethyl-",29.616,112203  ,1211.0,1217±N/A (1),非靶确定,
13851-11-1 ,Ester,Fenchyl acetate,30.038,107217 ,1217.0,1223±4 (19),非靶确定,
18679-48-6,Terpene,2-Hydroxycineol,30.269,529885 ,1220.0,1228±5 (6),非靶确定,
106-22-9,Terpene,Citronellol,31.009,8842 ,1231.0,1228±3 (181),非靶确定,
122-03-2,Terpene,"Benzaldehyde, 4-(1-methylethyl)-",31.289,326 ,1236.0,1239±3 (122),非靶确定,
81801-58-3 ,Other,"3-exo-Hydroxy-1,8-cineole(X)",31.5,439906 ,1239.0,1250±9 (2),,RI 相差大
2550-26-7,Ketone,"2-Butanone, 4-phenyl-",31.691,17355  ,1242.0,1232±16 (4),非靶确定,
89-81-6,Terpene,Piperitone(x),32.319,6987  ,1251.0,1253±3 (129),,分低
2198-61-0 ,Other,Isopentyl hexanoate,32.388,16617  ,1252.0,1252±2 (33),非靶确定,解卷积
2601-13-0,Ester,"Hexanoic acid, 2-methylbutyl ester",32.564,102855  ,1255.0,1247±1 (6),非靶确定,
103-45-7,Ester,"Acetic acid, 2-phenylethyl ester",32.697,7654 ,1256.0,1258±3 (76),非靶确定,
103-25-3,Ester,"Benzenepropanoic acid, methyl ester",33.898,7643 ,1274.0,1279±2 (7),非靶确定,
2082-59-9,Other,Valeric anhydride(X),34.33,74959 ,1281.0,1283±N/A (1),,分低
104-46-1,Benzene Derivative,Anethole(X),34.438,637563  ,1282.0,1286±2 (6),,同分异构
2082-59-9,Other,Valeric anhydride(X),34.86,74959 ,1289.0,1283±N/A (1),,分低
536-60-7 ,Alcohol,p-Cymen-7-ol,34.997,325 ,1291.0,1289±2 (57),非靶确定,
18479-68-0 ,Other,p-Menth-1-en-9-ol,35.272, 86753,1295.0,1295±3 (4),非靶确定,
3564-98-5,Terpene,Menthoglycol(X),35.733,19100 ,1302.0,1301±N/A (1),,分低
2219-78-5,Benzene Derivative,"Phenol, 2-ethyl-4,5-dimethyl-",36.022,247477 ,1306.0,1305±3 (4),非靶确定,
120-50-3,Ester,"Benzoic acid, 2-methylpropyl ester",37.224,61048,1325.0,1321±10 (2),非靶确定,
1079-01-2 ,Other,Myrtenyl acetate(x),37.44,11435490 ,1328.0,1327±4 (22),,分低
20307-84-0,Other,delta-EIemene,37.69,89316  ,1332.0,1338±2 (220),非靶确定,
80-26-2,Terpene,alpha-Terpinyl acetate(x),38.631,111037  ,1347.0,1350±3 (156),,分低
97-53-0,Other,Eugenol,39.24,3314  ,1356.0,1357±3 (355),非靶确定,
22469-52-9,Terpene,Cyclosativene(X),39.382,16212927 ,1358.0,1368±3 (76),,RI 相差大
22469-52-9,Terpene,Cyclosativene,39.784,16212927 ,1364.0,1368±3 (76),非靶确定,
14912-44-8,Terpene,Ylangene(X),40.044,20055075 ,1368.0,1372±2 (170),,同分异构
95910-36-4 ,Other,isoledene,40.216,15431199  ,1371.0,1375±2 (2),非靶确定,
3650-28-0,Other,(+)-Sativen(X),40.78,11275742  ,1380.0,1396±0 (2),,RI 相差大
515-13-9,Terpene,beta-Elemen,41.221,6918391 ,1387.0,1391±2 (521),非靶确定,
103-48-0,Other,beta-Phenylethyl isobutyrate,41.569, 7655 ,1392.0,1396±0 (5),非靶确定,
118-65-0,Terpene,Isocaryophyllene,41.952,5281522  ,1398.0,1406±3 (75),非靶确定,
87-44-5,Terpene,Caryophyllene(X),42.663,5281515 ,1409.0,1419±3 (983),,RI 相差大
512-61-8,Terpene,alpha-Santalene,42.962,94164 ,1414.0,1420±3 (26),非靶确定,
29873-99-2,Terpene,gamma-Elemene,43.806,12309452 ,1428.0,1434±4 (116),非靶确定,
13474-59-4,Other,trans-alpha-Bergamotene,44.105,6429302  ,1433.0,1435±3 (183),非靶确定,
3691-12-1,Terpene,alpha-Guaiene,44.164,5317844  ,1434.0,1439±2 (125),非靶确定,
36577-33-0,Terpene,"Guaia-6,9-diene",44.375,14190790  ,1437.0,1443±8 (2),非靶确定,
508-55-4 ,Other,gamma-Patchoulene(X),44.689,,1442.0,1441±0 (7),,同分异构
6753-98-6,Terpene,Humulene,44.915,5281520  ,1446.0,1454±3 (792),非靶确定,
405112-35-8 ,Other,"1,1,4,7-Tetramethyl-1a,2,3,4,6,7,7a,7b-octahydro-1H-cyclopropa[e]azulene",45.027,579031 ,1448.0,1447±N/A (1),非靶确定,
157477-72-0,Other,"cis-Muurola-4(15),5-diene(X)",45.394,91747213  ,1453.0,1463±4 (52),,RI 相差大
18794-84-8,Terpene,(E)-beta-Famesene,45.542,5281517,1456.0,1457±2 (253),非靶确定,
515-17-3,Terpene,gamma-Selinene(X),46.278, 10655819 ,1468.0,1479±6 (15),,RI 相差大
30021-74-0,Terpene,gamma-Muurolene,46.44,6432308 ,1471.0,1477±3 (392),非靶确定,
20085-19-2,Other,alpha-Amorphene,46.656,12306046 ,1474.0,1482±6 (53),非靶确定,
17066-67-0,Terpene,beta-Eudesmene,46.916, 28237  ,1479.0,1486±3 (349),非靶确定,
4630-07-3,Terpene,Valencen(X),47.514,9855795 ,1488.0,1492±3 (152),,同分异构
54324-03-7 ,Other,Bicyclosesquiphellandrene(X),47.519,15694800 ,1489.0,1489±6 (11),,分低
41702-63-0,Terpene,Epizonarene(X),47.784,10987383  ,1493.0,1501±4 (28),,RI 相差大
3691-11-0,Terpene,alpha-Bulnesene,48.147,94275,1499.0,1505±3 (51),非靶确定,
523-47-7,Terpene,"Cadina-3,9-diene(X)",48.269,10657,1501.0,1518±10 (30),,RI 相差大
39029-41-9,Terpene,gamma-Cadinene,48.789,92313 ,1510.0,1513±2 (485),非靶确定,
483-77-2,Terpene,L-calamenene,49.28,6429077 ,1518.0,1523±5 (145),非靶确定,
523-47-7,Terpene,"Cadina-3,9-diene(X)",49.505,10657,1522.0,1518±10 (30),,同分异构
6813-21-4,Terpene,"Selina-3,7(11)-diene(X)",49.986,6432648 ,1530.0,1542±3 (45),,RI 相差大
6813-21-4,Terpene,"Selina-3,7(11)-diene(X)",50.369,6432648 ,1537.0,1542±3 (45),,同分异构
21391-99-1,Terpene,alpha-Calacorene,50.457, 12302243 ,1538.0,1542±3 (219),非靶确定,
15423-57-1,Terpene,Germacrene B(X),50.525,5281519  ,1540.0,1557±3 (232),,RI 相差大
639-99-6,Terpene,Elemol,50.727,92138 ,1543.0,1549±2 (169),非靶确定,
51766-65-5,Other,gamma-Dehydro-ar-himachalene,51.006,6428455,1548.0,1544±7 (2),非靶确定,
58893-88-2,Terpene,Unkown,51.384,521334 ,1554.0,1544±N/A (1),,RI 相差大
40716-66-3,Terpene,E-Nerolidol,51.732,5284507 ,1560.0,1564±2 (277),非靶确定,
88728-58-9,Other,Epiglobulol(X),52.728,11858788  ,1577.0,1585±5 (29),,同分异构
88728-58-9,Other,Epiglobulol(X),53.012,11858788  ,1582.0,1585±5 (29),,分低
72203-99-7 ,Terpene,Axenol,53.11,6429080  ,1584.0,1586±1 (13),非靶确定,
73365-77-2,Other,"Di-epi-1,10-cubenol(X)",54.307,12304220  ,1605.0,1614±3 (77),,RI 相差大
20129-39-9,Other,alpha-Corocalene(X),54.748,5316074 ,1613.0,1623±4 (5),,RI 相差大
,Other,"Phenylglyoxylic Acid, 3-methylbutyl ester(X)",54.876,,1615.0,1636±N/A (1),,"分低,RI相差大"
73365-77-2,Other,"1,10-Diepicubenol",54.994,12304220 ,1617.0,1614±3 (77),非靶确定,
19912-67-5,Terpene,Epicubenol,55.185,12046149 ,1621.0,1627±2 (144),非靶确定,
5937-11-1,Terpene,alpha-epi-Cadinol,55.715,160799 ,1631.0,1640±2 (241),非靶确定,
21284-22-0,Terpene,Cubenol(X),56.053,11770062 ,1637.0,1642±3 (125),,同分异构
1460-73-7 ,Terpene,Agarospirol,56.377,21675005 ,1643.0,1645±3 (8),非靶确定,
117066-77-0 ,Terpene,epi-gamma-Eudesmol(X),56.912,6428429 ,1652.0,1662±2 (2),,RI 相差大
15352-77-9,Other,beta-Bisabolol(X),57.441,27208 ,1662.0,1671±2 (57),,RI 相差大
483-78-3 ,Terpene,Cadalene(X),57.515,10225 ,1663.0,1674±3 (86),,RI 相差大
515-69-5,Terpene,alpha-Bisabolol,58.187,1549992,1676.0,1684±3 (158),非靶确定,
473-04-1,Other,Juniper camphor,58.574,5318734 ,1683.0,1692±8 (40),非靶确定,
115-71-9,Other,alpha-Santalol,58.884,11085337 ,1688.0,1681±3 (12),非靶确定,
88034-74-6 ,Alcohol,"Bergamotol, Z-alpha-trans-",59.643,5368743  ,1703.0,1700±8 (10),非靶确定,
122842-83-5,Other,Unkown,59.781,,1706.0,,,无NIST RI
37172-32-0,Other,Unkown,61.1,6450269  ,1737.0,1741±3 (7),,分低
135118-51-3 ,Other,15-Hydroxy-alpha-muurolene(X),62.238,,1763.0,1777±4 (22),,分低，RI相差大
593-45-3,Alkane,Octadecane,63.768,11635 ,1799.0,1800,非靶确定,解卷积
112-95-8 ,Alkane,Eicosane,65.495,8222  ,1999.0,2000,非靶确定,解卷积
