CID,CAS,RT,NAME
58479,107-86-8 ,4.243,"2-Butenal, 3-methyl-"
6319,66-25-1,5.445,Hexanal
1383, 505-57-7 ,7.47,2-Hexenal
9276,928-97-2 ,7.637,"3-Hexen-1-ol, (E)-"
15395,106-42-3 ,8.118,p-Xylene
6337,111-27-3 ,8.324,1-Hexanol
18123,100-42-5 ,9.143,Styrene
15265,36262-09-6,12.517,"Bicyclo[3.1.0]hex-2-ene, 4-methylene-1-(1-methylethyl)-"
12587,100-52-7,13.052,Benzaldehyde
72809,3387-41-5 ,13.81,"Bicyclo[3.1.0]hexane, 4-methylene-1-(1-methylethyl)-"
2920,110-93-0 ,14.862,"5-Hepten-2-one, 6-methyl-"
16192,123-35-3 ,15.05,beta-Myrcene
74451,1569-60-4 ,15.289,"5-Hepten-2-ol, 6-methyl-"
1038,124-13-0,15.838,Octanal
72587,1461-27-4 ,17.256,"Cyclohexene, 1-methyl-5-(1-methylethenyl)-, (R)-"
10291,470-82-6,17.378,Eucalyptol
15248,122-78-1 ,18.398,Benzeneacetaldehyde
16233,99-85-4 ,19.34,gamma-Terpinene
8387,5989-33-3 ,20.346,"2-Furanmethanol, 5-ethenyltetrahydro-alpha,alpha,5-trimethyl-, "
127445,1124-20-5 ,21.434,"Benzene, 1-methyl-3-(1-methylethenyl)-"
10682,78-70-6,22.352,Linalool
1250,124-19-6,22.68,Nonanal
13188,30460-92-5 ,26.3,Pinocarvone
10695,562-74-3 ,27.384,Terpinen-4-ol
6933,112-31-2,29.665,Decanal
25392,432-25-7 ,30.327,"1-Cyclohexene-1-carboxaldehyde, 2,6,6-trimethyl-"
10837,14936-66-4 ,31.955,"2-Nonanol, acetate"
9830,5392-40-5,34.02,Citral
75048,5655-61-8 ,34.776,"Bicyclo[2.2.1]heptan-2-ol, 1,7,7-trimethyl-, acetate, (1S-endo)-"
6888,629-50-5,36.0,Tridecane
22134,20307-84-0 ,38.101,"Cyclohexene, 4-ethenyl-4-methyl-3-(1-methylethenyl)-1-(1-methylethyl"
29397,97-53-0 ,39.514,Eugenol
28897,3856-25-5,40.46,Copaene
54863,515-13-9 ,41.647,"Cyclohexane, 1-ethenyl-1-methyl-2,4-bis(1-methylethenyl)-, [1S-(1alpha,2beta,4beta)]-"
16331,118-65-0 ,42.363,"Bicyclo[7.2.0]undec-4-ene, 4,11,11-trimethyl-8-methylene-,[1R-(1R*,"
7041,629-59-4 ,42.56,Tetradecane
73222,87-44-5 ,43.325,Caryophyllene
22132,29873-99-2 ,44.159,gamma-Elemene
18797, 3691-12-1 ,44.418,alpha-Guaiene
9857,18794-84-8 ,45.959,(E)-beta-Famesene
7057,629-62-9 ,49.009,Pentadecane
10098, 20307-83-9 ,49.902,"Cyclohexene, 3-(1,5-dimethyl-4-hexenyl)-6-methylene-, [S-(R*,S*)]-"
2191,1139-30-6 ,52.84,Caryophyllene oxide
7098,544-76-3 ,54.267,Hexadecane
35580,81265-03-4,58.058,"6,9-Heptadecadiene"
7012,629-78-7 ,59.863,Heptadecane
