CAS,Class,Name,RT,CID,MSDIAL RI,NIST RI,Note,Note.1
64-17-5,Alcohol,Ethanol,1.585,702 ,,427±19 (38),非靶确定,
67-64-1,Ketone,Acetone,1.663,180  ,,486±16 (51),非靶确定,
64-19-7,Acid,Acetic acid,2.252,176  ,,610±10 (91),非靶确定,
590-86-3,Aldehyde,"Butanal, 3-methyl-",2.512,11552  ,,652±5 (213),非靶确定,解卷积
107-87-9,Ketone,2-Pentanone(x),2.914,7895,,685±7 (134),,同分异构
6032-29-7,Alcohol,2-Pentanol,3.061,22386 ,,703±9 (33),非靶确定,解卷积
137-32-6 ,Alcohol,"1-Butanol, 2-methyl-(X)",3.807,8723 ,,739±5 (105),,分低
156564-41-9,Acid,"Propanoic acid, 2-methyl-",4.67,6590  ,,777±N/A (1),非靶确定,
513-85-9,Alcohol,"2,3-Butanediol(X)",4.969,262,,788±7 (34),,分低
513-85-9,Alcohol,"2,3-Butanediol",5.234,262,,788±7 (34),非靶确定,
66-25-1 ,Aldehyde,Hexanal,5.357,6184  ,,800±2 (453),非靶确定,
82461-31-2 ,Other,Unkown,5.872,537593  ,,,,分低，无NIST RI
1757-42-2 ,Ketone,"Cyclopentanone, 3-methyl-(X)",7.064,15650  ,,853±5 (8),,同分异构
503-74-2,Acid,"Butanoic acid, 3-methyl-",7.741,10430,,863±16 (120),非靶确定,解卷积
116-53-0,Acid,"Butanoic acid, 2-methyl-",8.153,8314 ,869.0,861±14 (91),非靶确定,解卷积
110-43-0,Ketone,2-Heptanone,9.138,8051 ,893.0,891±2 (212),非靶确定,解卷积
543-49-7,Alcohol,2-Heptanol(X),9.649,10976  ,904.0,900±4 (53),,同分异构
2867-05-2,Terpene,3-Thujene,10.777,17868  ,923.0,929±2 (488),非靶确定,
7785-70-8,Terpene,1R-alpha-Pinene,11.066,82227 ,928.0,929±7 (7),非靶确定,
79-92-5,Terpene,Camphene(x),11.841,6616  ,941.0,952±2 (609),,RI 相差大
20019-64-1,Furan,"2(5H)-Furanone, 5,5-dimethyl-",12.616,29909  ,954.0,952±5 (10),非靶确定,解卷积
100-52-7,Aldehyde,Benzaldehyde,12.793,240 ,957.0,962±3 (416),非靶确定,
3479-89-8,Other,"3,7,7-Trimethylcyclohepta-1,3,5-triene(X)",13.219,576718  ,964.0,971±5 (4),,分低
3387-41-5,Terpene,Sabinen,13.499,18818  ,969.0,974±2 (619),非靶确定,
111-70-6,Alcohol,1-Heptanol(X),13.734,8129 ,973.0,970±2 (68),,分低
110-93-0,Ketone,"5-Hepten-2-one, 6-methyl-",14.573,9862 ,988.0,986±2 (222),非靶确定,
123-35-3 ,Terpene,beta-Myrcene,14.74,31253  ,990.0,991±2 (840),非靶确定,
99-83-2,Terpene,alpha-Phellandrene,15.343,7460  ,1001.0,1005±2 (509),非靶确定,
13466-78-9,Terpene,3-Carene,15.687,26049 ,1006.0,1011±2 (336),非靶确定,
99-86-5,Terpene,alpha-Terpinene,16.201,7462 ,1013.0,1017±2 (534),非靶确定,
527-84-4,Terpene,o-Cymene(X),16.771,10703  ,1022.0,1022±2 (114),,同分异构
1461-27-4 ,Terpene,D-sylvestrene(X),16.996,102625  ,1025.0,1027±3 (19),,同分异构
470-82-6,Other,Eucalyptol(X),17.153,2758  ,1028.0,1032±2 (580),,分低
104-76-7,Alcohol,"1-Hexanol, 2-ethyl-",17.428,7720,1032.0,1030±3 (86),非靶确定,解卷积
3338-55-4,Terpene,beta-cis-Ocimene(X),17.845,5320250 ,1038.0,1038±2 (446),,同分异构
3779-61-1,Terpene,trans-beta-Ocimene(X),18.512,5281553  ,1048.0,1049±2 (548),,同分异构
99-85-4,Terpene,gamma-Terpinene,19.046,7461 ,1056.0,1060±3 (739),非靶确定,
98-85-1 ,Alcohol,"Benzenemethanol, alpha-methyl-",19.414,7409  ,1061.0,1061±5 (9),非靶确定,
98-86-2,Ketone,Acetophenone,19.532,7410  ,1063.0,1065±4 (134),非靶确定,
5989-33-3,Other,Linalool oxide,20.008,6428573  ,1070.0,1074±4 (179),非靶确定,
,Other,Unkown,20.253,,1074.0,,,无NIST RI
1124-20-5,Other,"Benzene, 1-methyl-3-(1-methylethenyl)-",20.631,70759 ,1079.0,1082±2 (7),非靶确定,
586-63-0 ,Terpene,Isoterpinolene(X),20.959,102443  ,1084.0,1086±3 (46),,同分异构
1195-32-0,Terpene,p-Cymenene,21.057,62385  ,1086.0,1090±2 (106),非靶确定,
821-55-6,Ketone,2-Nonanone(X),21.597,13187  ,1094.0,1092±2 (159),,同分异构
78-70-6,Terpene,Linalool,22.068,6549,1101.0,1099±2 (976),非靶确定,
1604-28-0,Other,"6-Methyl-3,5-heptadiene-2-one(X)",22.367, 5370101  ,1105.0,1107±1 (13),,同分异构
21195-59-5,Other,"p-Mentha-1,5,8-triene(X)",22.539,527424,1108.0,1111±1 (58),,分低
471-15-8,Terpene,beta-Thujone(X),22.867,91456 ,1112.0,1114±2 (129),,分低
19945-61-0 ,Terpene,"(E)-4,8-Dimethylnona-1,3,7-triene(X)",23.152,6427110  ,1116.0,1116±1 (3),,分低
4501-58-0,Aldehyde,alpha-Campholenal,23.544,1252759  ,1122.0,1125±2 (165),非靶确定,
460-01-5 ,Terpene,Cosmene,24.074,5368451  ,1130.0,1131±1 (4),非靶确定,
24903-95-5,Other,Nopinon(X),24.167,32735 ,1131.0,1137±2 (22),,同分异构
547-61-5,Terpene,L-Pinocarveol(X),24.265,1201530  ,1133.0,1139±2 (234),,同分异构
43219-68-7,Ketone,"1,4-Dimethyl-delta-3-tetrahydroacetophenone",25.187,65289  ,1146.0,1149±4 (2),非靶确定,解卷积
513-20-2,Ketone,Sabina ketone,25.732,92784,1154.0,1156±2 (34),非靶确定,
30460-92-5,Terpene,Pinocarvone,25.913,121719  ,1157.0,1164±N/A (1),非靶确定,
513-23-5,Other,Isothujol(X),26.409,10550  ,1164.0,1168±3 (2),,分低
1686-20-0,Other,"p-Mentha-1,5-dien-8-ol(X)",26.458,519323  ,1164.0,1167±3 (83),,分低
15358-88-0,Terpene,Isocamphopinone(X),26.678, 11038 ,1168.0,1173±2 (40),,分低
562-74-3,Terpene,Terpinen-4-ol,27.027,11230 ,1173.0,1177±2 (764),非靶确定,
57129-54-1 ,Aldehyde,alpha-Thujenal(X),27.537,530411 ,1180.0,1190±N/A (1),,RI 相差大
585-74-0,Ketone,"Ethanone, 1-(3-methylphenyl)-(X)",27.596,11455  ,1181.0,1182±7 (7),,同分异构
1197-01-9,Terpene,p-Cymen-8-ol,27.753,14529  ,1183.0,1183±2 (237),非靶确定,
98-55-5 ,Terpene,alpha-Terpineol(X),28.022,17100 ,1187.0,1189±2 (811),,同分异构
564-94-3 ,Terpene,Myrtenal(X),28.415,61130 ,1190.0,1193±3 (145),,同分异构
515-00-4 ,Terpene,Myrtenol,28.395,10582 ,1193.0,1195±2 (203),非靶确定,
140-67-0 ,Terpene,Estragole,28.606,8815  ,1196.0,1196±1 (86),非靶确定,
515-00-4 ,Terpene,Myrtenol(X),28.753,10582 ,1198.0,1195±2 (203),,分低
1196-01-6 ,Terpene,Levoverbenone(X),29.204,92874  ,1205.0,1204±N/A (1),,同分异构
112-31-2 ,Aldehyde,Decanal(X),29.307,8175,1206.0,1206±2 (406),,分低
56816-08-1,Other,Unkown,29.651,53439215  ,1211.0,,,分低，无NIST RI
1197-07-5 ,Terpene,trans-Carveol,30.068,5287883 ,1217.0,1217±2 (217),非靶确定,
122-03-2,Terpene,Cumaldehyde(X),30.166,326 ,1219.0,1239±3 (122),,RI 相差大
50764-55-1,Other,trans-Chrysanthenyl acetate(X),30.328,71366452  ,1221.0,1239±1 (3),,RI 相差大
56143-21-6,Other,Unkown,30.818,,1229.0,,,无NIST RI
106-22-9,Terpene,Citronellol,30.965,8842  ,1231.0,1228±3 (181),非靶确定,
122-03-2,Terpene,Cumaldehyde,31.245,326 ,1235.0,1239±3 (122),非靶确定,
99-49-0,Terpene,Carvone(x),31.613,7439 ,1240.0,1242±4 (307),,同分异构
2550-26-7,Ketone,"2-Butanone, 4-phenyl-(X)",31.73,17355,1242.0,1232±16 (4),,"分低,RI相差大"
,Other,Unkown,32.201,,1249.0,,,分低，无NIST RI
499-74-1,Other,Carvenone,32.471,10363 ,1253.0,1257±5 (14),非靶确定,解卷积
614-14-2 ,Other,"Benzenemethanol, alpha-propyl-(X)",32.697,95372 ,1256.0,1265±45 (2),,"分低,RI相差大"
2111-75-3,Aldehyde,Perillal,33.535,16441 ,1269.0,1272±4 (61),非靶确定,
1197-15-5,Terpene,alpha-Terpinen-7-al,34.168,526762  ,1278.0,1283±2 (21),非靶确定,
104-46-1,Benzene Derivative,Anethole(X),34.423,637563  ,1283.0,1286±2 (6),,同分异构
89-83-8,Terpene,Thymol,34.987,6989 ,1291.0,1291±2 (277),非靶确定,
72747-24-1,Other,3-Thujyl acetate(x）,35.38, 524251 ,1297.0,1294±N/A (1),,分低
499-75-2,Terpene,Carvacrol,35.352, 10364 ,1299.0,1299±2 (278),非靶确定,
1619-26-7,Other,Isoascaridol,35.645,351031  ,1300.0,1306±3 (5),非靶确定,
499-75-2,Terpene,Carvacrol(X),35.352, 10364 ,1304.0,1299±2 (278),,RI 相差大
942-43-8,Other,Unkown,36.469,523106 ,1313.0,1311±N/A (1),,分低
55402-15-8,Other,Unkown,37.042,316589 ,1322.0,,,分低，无NIST RI
59149-01-8,Other,Unkown,37.675,,1332.0,,,分低，无NIST RI
17699-14-8,Terpene,alpha-Cubebene,38.44,442359  ,1344.0,1351±2 (337),非靶确定,
97-53-0 ,Other,Eugenol,39.25,3314,1356.0,1357±3 (355),非靶确定,
22469-52-9,Terpene,Cyclosativene(X),39.72,16212927,1363.0,1368±3 (76),,分低
14912-44-8,Terpene,Ylangene(X),40.088,20055075 ,1369.0,1372±2 (170),,分低
515-13-9,Terpene,beta-Elemen(X),40.682,6918391  ,1378.0,1391±2 (521),,"分低,RI相差大"
13744-15-5,Terpene,beta-Cubebene,40.981,93081  ,1383.0,1389±2 (261),非靶确定,
515-13-9,Terpene,beta-Elemen,41.153,6918391  ,1386.0,1391±2 (521),非靶确定,
75023-40-4,Terpene,Unkown,41.628,6440527  ,1393.0,,,分低，无NIST RI
394217-21-1,Terpene,"Cypera-2,4(15)-diene(X)",41.854, 91710045 ,1396.0,1443±N/A (1),,RI 相差大
87-44-5,Terpene,Caryophyllene,42.624,5281515 ,1409.0,1419±3 (983),,RI 相差大
18252-44-3,Terpene,beta-Copaene(X),43.272,87529 ,1419.0,1432±3 (71),,RI 相差大
17699-05-7,Other,alpha-Bergamotene,43.943,86608 ,1430.0,1435±4 (33),非靶确定,
31145-21-8 ,Other,Prezizaene(X),44.125,73950880  ,1433.0,1444±N/A (1),,"分低,RI相差大"
489-39-4,Terpene,Aromandendrene,44.836,11095734  ,1445.0,1440±1 (5),非靶确定,
823810-22-6,Other,Unkown,45.194,,1451.0,1476±N/A (1),,RI 相差大
25246-27-9,Terpene,Alloaromadendrene,45.376,10899740 ,1454.0,1461±2 (343),非靶确定,
82462-31-5,Other,"Eudesma-2,4,11-triene(X)",45.572,73015594 ,1457.0,1479±N/A (1),,RI 相差大
823810-22-6,Other,Unkown,45.768,,1460.0,1476±N/A (1),,RI 相差大
,Other,"Aromadendrene, dehydro-(X)",46.053,589433 ,1465.0,1464±1 (2),,分低
18431-82-8,Terpene,Chamigren,46.827,442353  ,1477.0,1476±2 (49),非靶确定,
4630-07-3,Terpene,Valencen,47.813,9855795  ,1493.0,1492±3 (152),非靶确定,
6980-46-7,Other,gamma-Amorphene,47.96,12313019 ,1496.0,1496±1 (19),非靶确定,
10219-75-7,Other,Eremophilene,48.098,12309744  ,1498.0,1499±8 (12),非靶确定,
74841-81-9,Other,(+)-Cycloisolongifol-5-ol(X),48.215,71308801 ,1500.0,1519±N/A (1),,RI 相差大
5090-61-9,Other,Nootkatene(X),48.721,25200342  ,1509.0,1511±N/A (1),,同分异构
123123-37-5,Terpene,7-epi-alpha-Selinene,49.02,91753195  ,1514.0,1517±4 (45),非靶确定,
483-77-2,Terpene,L-calamenene,49.206,6429077  ,1517.0,1523±5 (145),非靶确定,
523-47-7,Terpene,"Cadina-3,9-diene(X)",49.285,10657,1518.0,1518±10 (30),,同分异构
29837-12-5,Terpene,Cubenene(X),49.667,57357909 ,1525.0,1532±1 (119),,RI 相差大
69460-62-4,Other,"6S,10R-Dimethylbicyclo[4.4.0]decan-1-en3-one",49.756,107219 ,1526.0,1529±1 (2),非靶确定,
21391-99-1,Other,alpha-Calacorene(X),50.217,12302243  ,1534.0,1542±3 (219),,RI 相差大
61847-19-6,Other,Unkown,50.447,,1538.0,1553±N/A (1),,RI 相差大
1139-30-6,Terpene,Caryophyllene oxide(X),50.673,1742210 ,1542.0,1581±2 (669),,"分低,RI相差大"
51766-65-5,Other,gamma-Dehydro-ar-himachalene(X),50.962,6428455 ,1547.0,1544±7 (2),,分低
39007-93-7 ,Furan,Sesquirosefuran(X),51.158,5366078  ,1550.0,1553±4 (2),,分低
,Other,Diepicedrene-1-oxide(X),51.399,534683 ,1555.0,1551±N/A (1),,分低
,Other,Unkown,51.703,,1560.0,,,分低，无NIST RI
40716-66-3,Terpene,E-Nerolidol,51.781,5284507,1563.0,1564±2 (277),非靶确定,
6750-60-3,Terpene,Espatulenol(X),52.169,92231 ,1568.0,1576±2 (539),,RI 相差大
1139-30-6,Terpene,Caryophyllene oxide(X),51.414,1742210 ,1572.0,1581±2 (669),,"分低,RI相差大"
1143-45-9 ,Other,Furopelargone A,52.894,6451194,1580.0,1588±N/A (1),非靶确定,
88728-58-9,Other,Epiglobulol(X),53.62,11858788 ,1593.0,1585±5 (29),,"分低,RI相差大"
19888-34-7,Other,Humulene epoxide 2,53.973,92476330 ,1599.0,1606±2 (160),非靶确定,
19890-84-7 ,Aldehyde,Longifolenaldehyde(X),54.905,12311375  ,1616.0,1631±0 (3),,"分低,RI相差大"
19431-79-9,Other,"Caryophylla-4(12),8(13)-dien-5alpha-ol(X)",55.229,,1622.0,1637±4 (25),,"分低,RI相差大"
19431-79-9,Other,"Caryophylla-4(12),8(13)-dien-5alpha-ol(X)",55.229,,1625.0,1637±4 (25),,RI 相差大
88395-46-4,Terpene,Isospathulenol(X),55.617,102303030 ,1629.0,1638±5 (32),,分低
1460-73-7,Terpene,Agarospirol,56.436,21675005  ,1644.0,1645±3 (8),非靶确定,
21698-41-9,Terpene,Pogostole(X),56.573,5320651  ,1646.0,1655±N/A (1),,"分低,RI相差大"
119120-23-9 ,Other,"Eudesma-4(15),7-dien-1beta -ol(X)",57.524,,1663.0,1688±2 (27),,"分低,RI相差大"
1209-91-2,Ketone,Mustakone(X),57.745,,1668.0,1687±N/A (1),,"分低,RI相差大"
,Other,Unkown,58.358,,1679.0,1690±0 (3),,"分低,RI相差大"
,Other,"6-Isopropenyl-4,8a-dimethyl-1,2,3,5,6,7,8,8a-octahydro-naphthalen-2-ol(X)",58.873,594234 ,1688.0,1690±0 (3),,分低
57494-10-7,Terpene,4-Isopropyl-6-methyl-1-tetralone(X),58.986,6429078  ,1690.0,1706±4 (4),,RI 相差大
1212211-43-2,Other,Unkown,59.393,,1698.0,,,分低，无NIST RI
62255-25-8,Other,Unkown,60.193,536095  ,1715.0,,,分低，无NIST RI
470-41-7,Other,Widdrenal(X),60.394,12444331  ,1720.0,1724±N/A (1),,分低
1563-66-2,Other,Carbofuran(X),60.742,2566 ,1730.0,1735±6 (12),,分低
1911-78-0,Other,Oplopanone,60.933,10466745  ,1733.0,1730±14 (23),非靶确定,
562-23-2,Other,Unkown,61.075,21591457  ,1736.0,1756±N/A (1),,RI 相差大
473-08-5,Other,Unkown,61.34,6452086 ,1742.0,1755±16 (5),,RI 相差大
6831-17-0,Other,Aristolone(X),61.634,165536  ,1749.0,1762±5 (13),,"分低,RI相差大"
473-08-5,Other,Unkown,61.816,6452086 ,1753.0,1755±16 (5),,分低
54594-42-2,Other,Unkown,62.13,41133  ,1761.0,,,分低，无NIST RI
6831-17-0,Other,Aristolone(X),62.635,165536  ,1772.0,1762±5 (13),,RI 相差大
15932-80-6,Terpene,Unkown,63.42,6988,1791.0,,,分低，无NIST RI
4674-50-4,Terpene,Nootkatone,63.773,1268142 ,1799.0,1808±10 (43),非靶确定,
54878-25-0 ,Furan,Solavetivone(X),63.9,442399 ,1807.0,1838±N/A (1),,"分低,RI相差大"
112-39-0 ,Ester,"Hexadecanoic acid, methyl ester(X)",65.058,8181  ,1930.0,1926±2 (136),,分低
