CAS,Class,Name,RT,CID,MSDIAL RI,NIST RI,Note,Note.1
64-17-5,Alcohol,Ethanol,1.584,702 ,,427±19 (38),非靶确定,
67-64-1,Ketone,Acetone,1.663,180  ,,486±16 (51),非靶确定,
78-79-5,Other,Isoprene,1.692,6557,,498±2 (14),非靶确定,
115-18-4 ,Alcohol,"3-Buten-2-ol, 2-methyl-",2.153,8257 ,,614±6 (9),非靶确定,解卷积
64-19-7,Acid,Acetic acid,2.227,176  ,,610±10 (91),非靶确定,
137-32-6,Alcohol,"1-Butanol, 2-methyl-(x)",3.831,8723  ,,739±5 (105),,分低
4313-57-9,Other,"2.2,5-Dihydrotoluene",4.375,78006 ,,790±4 (5),非靶确定,
108-88-3 ,Benzene Derivative,Toluene(X),4.4,1140 ,,763±8 (328),,分低
66-25-1,Aldehyde,Hexanal,5.41,6184 ,,800±2 (453),非靶确定,解卷积
111-27-3,Alcohol,1-Hexanol,8.329, 8103 ,873.0,868±4 (223),非靶确定,
4466-24-4,Furan,2-n-Butyl furan(X),9.132,20534 ,892.0,893±1 (17),,分低
111-71-7,Aldehyde,Heptanal,9.658,8130,904.0,901±2 (292),非靶确定,
543-49-7,Alcohol,2-Heptanol(x),9.781,10976,906.0,900±4 (53),,分低
2867-05-2,Terpene,3-Thujene,10.801,17868  ,923.0,929±2 (488),非靶确定,
7785-70-8,Terpene,1R-alpha-Pinene,11.806,82227 ,928.0,929±7 (7),非靶确定,
79-92-5,Terpene,Camphene(x),11.86,6616  ,941.0,952±2 (609),,RI 相差大
36262-09-6,Terpene,Dehydrosabinene,12.248,524198 ,948.0,956±2 (59),非靶确定,解卷积
3387-41-5,Terpene,Sabinen,13.523,18818  ,970.0,974±2 (619),非靶确定,
111-70-6,Alcohol,1-Heptanol,13.975,8129  ,979.0,970±2 (68),非靶确定,解卷积
3391-86-4,Alcohol,1-Octen-3-ol,14.475,18827  ,977.0,980±2 (355),非靶确定,
110-93-0,Ketone,"5-Hepten-2-one, 6-methyl-",14.612,9862,988.0,986±2 (222),非靶确定,
123-35-3 ,Terpene,beta-Myrcene,14.779,31253  ,991.0,991±2 (840),非靶确定,
99-83-2,Terpene,alpha-Phellandrene,15.382,7460  ,1001.0,1005±2 (509),非靶确定,
124-13-0,Aldehyde,Octanal,15.608,454,1004.0,1003±2 (364),非靶确定,
99-86-5,Terpene,alpha-Terpinene,16.206,7462 ,1013.0,1017±2 (534),非靶确定,
470-82-6,Other,Eucalyptol,17.383,2758  ,1031.0,1032±2 (580),非靶确定,
3338-55-4,Terpene,beta-cis-Ocimene(X),17.859,5320250 ,1038.0,1038±2 (446),,同分异构
3779-61-1,Terpene,trans-beta-Ocimene(X),18.531,5281553  ,1048.0,1049±2 (548),,同分异构
99-85-4,Terpene,gamma-Terpinene,19.036,7461 ,1056.0,1060±3 (739),非靶确定,
2548-87-0,Aldehyde,"2-Octenal, (E)-",19.203,5283324  ,1058.0,1060±3 (124),非靶确定,
108-39-4,Benzene Derivative,"Phenol, 3-methyl-",19.787,342,1067.0,1075±5 (40),非靶确定,
19074-25-0,Other,Unkown,19.91,140470,1069.0,,,分低，无NIST RI
5989-33-3,Other,Linalool oxide,20.032,6428573  ,1070.0,1074±4 (179),非靶确定,
111-87-5,Alcohol,1-Octanol,20.272,957  ,1074.0,1071±3 (226),非靶确定,
586-63-0 ,Terpene,Isoterpinolene(X),20.984,102443  ,1085.0,1086±3 (46),,同分异构
1195-32-0,Terpene,p-Cymenene,21.082,62385  ,1086.0,1090±2 (106),非靶确定,
3777-70-6,Furan,"Furan, 2-hexyl-",21.435,77408  ,1091.0,1095±1 (6),非靶确定,
821-55-6,Ketone,2-Nonanone(X),21.562,13187 ,1094.0,1092±2 (159),,同分异构
15186-51-3 ,Furan,3-Methyl-2-(2-methyl-2-butenyl)-furan,21.832,84825 ,1097.0,1093±11 (5),非靶确定,
78-70-6,Terpene,Linalool,22.063,6549,1100.0,1099±2 (976),非靶确定,
628-99-9,Alcohol,2-Nonanol,22.279,12367,1104.0,1102±4 (18),非靶确定,
124-19-6 ,Aldehyde,Nonanal(X),22.362,31289  ,1105.0,1104±2 (556),,分低
21195-59-5,Other,"p-Mentha-1,5,8-triene",22.548,527424  ,1108.0,1111±1 (58),非靶确定,
1632-73-1,Terpene,Fenchol(X),22.646,15406,1109.0,1113±4 (39),,分低
432-24-6,Other,Filipendulal(x),23.088, 94143 ,1116.0,1116±9 (6),,分低
7212-40-0,Terpene,"1R,4R-p-Mentha-2,8-dien-1-ol",23.264,111274,1118.0,1123±4 (18),非靶确定,
4501-58-0 ,Aldehyde,alpha-Campholenal,23.554,1252759 ,1122.0,1125±2 (165),非靶确定,
673-84-7,Terpene,Allo-Ocimene,23.985,5368821  ,1129.0,1131±2 (89),非靶确定,
460-01-5,Terpene,Cosmene,24.093,5368451 ,1130.0,1131±1 (4),非靶确定,
24903-95-5 ,Terpene,beta-Pinone(X),24.182,32735,1131.0,1137±2 (22),,同分异构
547-61-5,Terpene,L-Pinocarveol(X),24.28,1201530  ,1133.0,1139±2 (234),,同分异构
89-79-2,Terpene,Isopulegol,24.849,170833  ,1141.0,1146±3 (32),非靶确定,
1845-30-3,Other,cis-Verbenol(X),25.143,87839  ,1145.0,1142±2 (87),,分低
89-79-2,Terpene,Isopulegol(X),25.526,170833  ,1151.0,1146±3 (32),,RI 相差大
124-76-5,Terpene,Isoborneol(X),25.717,6321405,1151.0,1157±3 (67),,分低
30460-92-5,Terpene,Pinocarvone,25.938,121719  ,1157.0,1164±N/A (1),非靶确定,
464-45-9 ,Terpene,L-Borneol(X),26.193,1201518,1161.0,1166±7 (3),,同分异构
7299-42-5,Terpene,delta-Terpineol,26.423,81722 ,1164.0,1166±3 (35),非靶确定,
562-74-3,Terpene,Terpinen-4-ol,27.09,11230 ,1174.0,1177±2 (764),非靶确定,
16721-38-3,Terpene,cis-Piperitol(X),27.247,85567 ,1176.0,1195±2 (63),,"分低,RI相差大"
1197-01-9 ,Terpene,p-Cymen-8-ol,27.9,14529  ,1185.0,1183±2 (237),非靶确定,
98-55-5 ,Terpene,alpha-Terpineol(X),28.179,17100 ,1190.0,1189±2 (811),,同分异构
1195-09-1,Other,2-Methoxy-5-methylphenol,28.375,14519 ,1192.0,1193±5 (4),非靶确定,
515-00-4 ,Terpene,Myrtenol,28.454,10582 ,1194.0,1195±2 (203),非靶确定,
140-67-0 ,Terpene,Estragole,28.63,8815  ,1196.0,1196±1 (86),非靶确定,
,Other,Unkown,28.748,,1198.0,,,分低，无NIST RI
1197-07-5,Terpene,trans-Carveol(X),29.111,5287883,1203.0,1217±2 (217),,"分低,RI相差大"
112-31-2,Aldehyde,Decanal,29.297,8175,1206.0,1206±2 (406),非靶确定,解卷积
28587-54-4,Other,Unkown,29.665,,1207.0,,,分低，无NIST RI
112-14-1,Ester,"Acetic acid, octyl ester",29.897,8164 ,1214.0,1210±3 (62),非靶确定,
185-65-9,Other,Unkown,29.96,135988 ,1216.0,,,分低，无NIST RI
92999-78-5,Terpene,exo-2-Hydroxycineole(X),30.352,529885  ,1222.0,1224±5 (6),,同分异构
106-25-2,Terpene,Nerol,30.887,643820  ,1230.0,1228±2 (174),非靶确定,
106-22-9,Terpene,Citronellol,31.053,8842 ,1232.0,1228±3 (181),非靶确定,
122-03-2,Terpene,Cumaldehyde,31.323,326 ,1236.0,1239±3 (122),非靶确定,
106-26-3,Terpene,Neral,31.662,643779 ,1241.0,1240±3 (168),非靶确定,
18476-57-8 ,Other,"2,6-Octadiene, 4,5-dimethyl-(X)",32.049,519579  ,1247.0,,,分低，无NIST RI
89-81-6 ,Terpene,Piperitone(X),32.299,6987 ,1251.0,1253±3 (129),,分低
624-15-7,Terpene,"2,6-Octadien-1-ol, 3,7-dimethyl-",33.079,637566  ,1262.0,1260±N/A (1),非靶确定,
3913-81-3,Aldehyde,"2-Decenal, (E)-",33.187,5283345 ,1264.0,1263±3 (117),非靶确定,
5392-40-5,Terpene,Citral(x),33.913,638011,1275.0,1276±N/A (1),,同分异构
14174-50-6 ,Furan,Unkown,34.379,,1282.0,,,分低，无NIST RI
104-46-1,Benzene Derivative,Anethole(X),34.526,637563  ,1284.0,1286±2 (6),,同分异构
112-05-0,Acid,Nonanoic acid(X),34.943,8158 ,1290.0,1273±7 (97),,"分低,RI相差大"
4179-38-8,Furan,2-n-Octylfuran,35.208,77845 ,1294.0,1297±0 (3),非靶确定,
112-12-9,Ketone,2-Undecanone,35.276,8163,1295.0,1294±2 (160),非靶确定,
3805-10-5,Acid,Unkown,35.546,283879 ,1299.0,,,分低，无NIST RI
105-86-2,Terpene,Geranyl formate,35.791,5282109  ,1303.0,1300±3 (22),非靶确定,
3520-52-3 ,Benzene Derivative,2-Methyl-6-propylphenol(X),35.904,248475 ,1304.0,1320±N/A (1),,RI 相差大
74685-67-9,Other,"3-Nonen-5-yne, 4-ethyl-(X)",36.105,5368780 ,1307.0,1321±N/A (1),,"分低,RI相差大"
,,Unkown,36.282,,1310.0,,,分低，无NIST RI
,,Unkown,36.508,,1314.0,,,分低，无NIST RI
2363-88-4,Aldehyde,"2,4-Decadienal",36.728,5283349  ,1317.0,1317±9 (26),非靶确定,
1470-94-6,Other,"1H-Inden-5-ol, 2,3-dihydro-(X)",36.88,15118  ,1319.0,1335±N/A (1),,RI 相差大
,,Unkown,37.268,,1325.0,,,分低，无NIST RI
110-42-9,Ester,"Decanoic acid, methyl ester",37.356, 8050 ,1327.0,1325±1 (48),非靶确定,解卷积
51932-70-8,Aldehyde,Indane-4-carboxaldehyde(X),37.896,576135 ,1335.0,1307±N/A (1),,RI 相差大
57709-95-2,Other,exo-2-Hydroxycineole acetate,38.175,100954827  ,1340.0,1344±2 (4),非靶确定,
17699-14-8,Terpene,alpha-Cubebene,38.474,442359  ,1344.0,1351±2 (337),非靶确定,
80-26-2,Terpene,alpha-Terpinyl acetate,38.626,111037 ,1347.0,1350±3 (156),非靶确定,
91-10-1,Benzene Derivative,"Phenol, 2,6-dimethoxy-",38.98,7041  ,1352.0,1355±4 (31),非靶确定,
150-84-5,Terpene,Citronellol acetate,39.2,9017  ,1355.0,1354±2 (98),非靶确定,
97-53-0 ,Other,Eugenol,39.289,3314,1357.0,1357±3 (355),非靶确定,
101-39-3,Aldehyde,Unkown,39.921, 5372813 ,1366.0,1309±3 (4),,RI 相差大
14912-44-8,Terpene,Ylangene(X),40.064,20055075 ,1369.0,1372±2 (170),,同分异构
459-80-3,Acid,Geranic acid(X),40.417,5275520 ,1374.0,1355±N/A (1),,RI 相差大
105-87-3,Terpene,Geranyl acetate,41.265,1549026  ,1387.0,1382±3 (206),非靶确定,
99172-18-6,Other,"3,5-Heptadienal, 2-ethylidene-6-methyl-(X)",41.766,572127  ,1395.0,1395±N/A (1),,分低
33046-89-8,Ketone,"5-Hepten-2-one, 7-phenyl-(X)",42.276,5371743  ,1403.0,,,无NIST RI
87-44-5,Terpene,Caryophyllene(X),42.648,5281515 ,1409.0,1419±3 (983),,"分低,RI相差大"
2497-23-6 ,Ester,(E)-2-Decenyl acetate,42.756,5363207 ,1411.0,1406±N/A (1),非靶确定,
18252-44-3,Terpene,beta-Copaene(X),43.316,87529 ,1420.0,1432±3 (71),,RI 相差大
489-39-4,Terpene,Aromandendrene(X),43.811,11095734 ,1428.0,1440±1 (5),,RI 相差大
6704-19-4,Ketone,Unkown,44.468,549699  ,1439.0,,,分低，无NIST RI
6753-98-6,Terpene,Humulene(X),44.713,5281520  ,1443.0,1454±3 (792),,RI 相差大
6638-05-7,Benzene Derivative,"3,5-Dimethoxy-4-hydroxytoluene",44.89,240925 ,1146.0,1447±2 (4),非靶确定,
25246-27-9,Terpene,Alloaromadendrene(X),45.145,10899740  ,1450.0,1461±2 (343),,RI 相差大
157477-72-0,Other,"cis-Muurola-4(15),5-diene(X)",45.331, 91747213  ,1453.0,1463±4 (52),,RI 相差大
18794-84-8,Terpene,(E)-beta-Famesene,45.415,5281517 ,1454.0,1457±2 (253),非靶确定,
20407-84-5,Aldehyde,"2-Dodecenal, (E)-(X)",45.989,5283361 ,1465.0,1468±5 (17),,同分异构
30021-74-0,Terpene,gamma-Muurolene,46.278,6432308  ,1468.0,1477±3 (392),非靶确定,
23986-74-5 ,Terpene,Germacrene D(x),46.44,5317570  ,1471.0,1481±3 (689),,RI 相差大
23986-74-5 ,Terpene,Germacrene D,47.028,5317570  ,1481.0,1481±3 (689),非靶确定,
483-75-0,Other,"Naphthalene, 1,2,4a,5,6,8a-hexahydro-4,7-dimethyl-1-(1-methylethyl)-",47.333,101708 ,1486.0,1485±10 (25),非靶确定,
10208-80-7,Terpene,alpha-Muurolene,47.725,12306047  ,1492.0,1499±3 (427),非靶确定,
593-08-8,Aldehyde,2-Tridecanone(x),47.833,11622 ,1494.0,1497±4 (50),,分低
39029-41-9,Terpene,gamma-Cadinene(X),48.441,92313  ,1504.0,1513±2 (485),,RI 相差大
502-61-4,Terpene,alpha-Farnesene(X),48.49,5281516 ,1505.0,1508±2 (262),,分低
483-76-1,Terpene,delta-Cadinene(X),49.02,441005 ,1514.0,1524±2 (751),,"分低,RI相差大"
523-47-7,Terpene,"Cadina-3,9-diene(X)",49.098,10657,1515.0,1518±10 (30),,同分异构
29837-12-5,Terpene,Cubenene(X),49.52,57357909 ,1522.0,1532±1 (119),,RI 相差大
20481-17-8,Other,5-tert-Butylpyrogallol(X),49.633,597592 ,1524.0,1526±N/A (1),,分低
51149-78-1,Other,Unkown,49.883,5358347  ,1529.0,,,分低，无NIST RI
21391-99-1,Other,alpha-Calacorene(X),50.104,12302243  ,1532.0,1542±3 (219),,RI 相差大
639-99-6,Terpene,Elemol,50.638,92138 ,1542.0,1549±2 (169),非靶确定,
70901-63-2,Other,Unkown,51.408,5365895,1555.0,,,分低，无NIST RI
40716-66-3,Terpene,E-Nerolidol,51.83,5284507,1562.0,1564±2 (277),非靶确定,
6750-60-3,Terpene,Spathulenol(X),52.08,92231 ,1566.0,1576±2 (539),,同分异构
1139-30-6,Terpene,Caryophyllene oxide(X),51.272,1742210 ,1570.0,1581±2 (669),,"分低,RI相差大"
88395-47-5,Other,"6,10-Epoxy-7(14)-isodaucene(X)",52.953,91750031  ,1581.0,1573±4 (7),,分低
489-86-1,Terpene,Guaiol,53.356,227829 ,1588.0,1596±3 (116),非靶确定,
544-76-3,Alkane,Hexadecane(X),53.797,11006,1596.0,1600,,分低
,Other,"trans-2-Dodecen-1-ol, acetate",54.366,6441593 ,1606.0,1609±N/A (1),非靶确定,
,Other,"Fumaric acid, di(pent-4-en-2-yl) ester(X)",54.479,,1608.0,1616±N/A (1),,分低
23811-08-7,Terpene,Hinesol(X),54.989,10878761  ,1617.0,1635±4 (11),,
1209-71-8,Terpene,gamma-Eudesmol(X),55.146,6432005  ,1620.0,1631±1 (137),,RI 相差大
5937-11-1,Terpene,alpha-epi-Cadinol(X),55.71,160799,1630.0,1640±2 (241),,RI 相差大
473-15-4,Terpene,beta-Eudesmol(X),56.078,91457  ,1637.0,1649±2 (224),,RI 相差大
1460-73-7,Terpene,Agarospirol,56.264,21675005  ,1641.0,1645±3 (8),非靶确定,
28400-11-5,Other,beta-Acorenol(X),56.441,14105907,1644.0,1649±N/A (1),,分低
72084-21-0 ,Other,Unkown,57.078,556373 ,1655.0,,,分低，无NIST RI
2345-28-0,Ketone,2-Pentadecanone(X),59.271,61303  ,1695.0,1698±4 (42),,分低
56797-40-1 ,Aldehyde,"7-Hexadecenal, (Z)-",63.764,5364438 ,1799.0,1798±N/A (1),非靶确定,
,Other,Unkown,64.087,,1825.0,,,分低，无NIST RI
73019-15-5,Ester,Geranyl heptanoate,64.436,6450452 ,1859.0,1856±1 (2),非靶确定,解卷积
112-39-0 ,Ester,"Hexadecanoic acid, methyl ester",65.054,8181  ,1930.0,1926±2 (136),非靶确定,解卷积
