CAS,Class,Name,RT,CID,MSDIAL RI,NIST RI,Note,Note.1
64-17-5,Alcohol,Ethanol,1.57,702 ,,427±19 (38),非靶确定,
67-64-1,Ketone,Acetone,1.653,180 ,,486±16 (51),非靶确定,解卷积
78-79-5,Terpene,Isoprene,1.682,6557 ,,498±2 (14),非靶确定,解卷积
110-54-3,Other,n-Hexane,2.041,8058  ,,600,非靶确定,解卷积
115-18-4,Alcohol,"3-Buten-2-ol, 2-methyl-",2.139,8257  ,,614±6 (9),非靶确定,解卷积
96-17-3 ,Aldehyde,"Butanal, 2-methyl-(X)",2.619,7284  ,,662±8 (146),,分低
123-51-3,Alcohol,"1-Butanol, 3-methyl-",3.718,31260 ,,736±5 (154),非靶确定,
137-32-6,Alcohol,"1-Butanol, 2-methyl-",3.772,8723  ,,739±5 (105),非靶确定,
110-19-0 ,Other,Isobutyl acetate,4.65,8038  ,,771±6 (43),非靶确定,
123-92-2,Alcohol,"1-Butanol, 3-methyl-, acetate",8.456,31276 ,876.0,876±2 (100),非靶确定,
624-41-9,Ester,"1-Butanol, 2-methyl-, acetate",8.559,12209 ,879.0,880±3 (41),非靶确定,
508-32-7,Terpene,Tricyclene(X),10.394,79035 ,916.0,925±2 (220),,RI 相差大
2867-05-2,Terpene,3-Thujene,10.796,17868  ,923.0,929±2 (488),非靶确定,
7785-70-8,Terpene,1R-alpha-Pinene,11.105,82227  ,928.0,929±7 (7),非靶确定,
79-92-5,Terpene,Camphene(x),11.851,6616  ,941.0,952±2 (609),,RI 相差大
36262-09-6,Terpene,Dehydrosabinene,12.243,524198,948.0,956±2 (59),非靶确定,解卷积
100-52-7,Aldehyde,Benzaldehyde,13.067,240 ,962.0,962±3 (416),非靶确定,
3387-41-5,Terpene,Sabinen,13.566,18818  ,972.0,974±2 (619),非靶确定,
123-35-3,Terpene,beta-Myrcene,14.754,31253,991.0,991±2 (840),非靶确定,
554-61-0,Terpene,2-Carene,15.122,79044,997.0,1001±1 (62),非靶确定,
99-83-2,Terpene,alpha-Phellandrene,15.353,7460  ,1001.0,1005±2 (509),非靶确定,
13466-78-9,Terpene,3-Carene,15.706,26049 ,1006.0,1011±2 (336),非靶确定,
99-86-5,Terpene,alpha-Terpinene,16.172,7462 ,1013.0,1017±2 (534),非靶确定,
142-92-7,Ester,"Acetic acid, hexyl ester",16.447,8908 ,1017.0,1011±4 (112),非靶确定,
99-87-6 ,Terpene,p-Cymene(X),16.756,7463 ,1022.0,1025±2 (820),,同分异构
1461-27-4 ,Terpene,D-sylvestrene,16.986,102625  ,1025.0,1027±3 (19),非靶确定,
138-86-3,Terpene,Limonene(X),17.04,22311  ,1026.0,1030±2 (1004),,分低
470-82-6,Other,Eucalyptol,17.153,2758  ,1028.0,1032±2 (580),非靶确定,
3779-61-1,Terpene,trans-beta-Ocimene,18.531,5281553  ,1048.0,1049±2 (548),非靶确定,
99-85-4,Terpene,gamma-Terpinene,19.012,7461 ,1055.0,1060±3 (739),非靶确定,
4125-18-2,Other,"1,3-Cyclopentadiene, 5,5-dimethyl-(X)",19.905,138124 ,1069.0,,,分低，无NIST RI
5989-33-3,Furan,cis-Linalool oxide,20.037,6428573,1070.0,1074±4 (179),非靶确定,
111-87-5,Alcohol,1-Octanol,20.351,957 ,1075.0,1071±3 (226),非靶确定,解卷积
586-62-9,Terpene,Terpinolene(X),20.969,11463 ,1084.0,1088±2 (607),,同分异构
1195-32-0,Terpene,p-Cymenene,21.082,62385  ,1086.0,1090±2 (106),非靶确定,
78-70-6,Terpene,Linalool,22.063,6549,1101.0,1099±2 (976),非靶确定,
29957-43-5 ,Other,"1,5,7-Octatrien-3-ol, 3,7-dimethyl-(X)",22.391,5366264 ,1105.0,1107±1 (18),,分低
1632-73-1,Terpene,Fenchol(X),22.632,15406 ,1109.0,1113±4 (39),,同分异构
471-15-8,Terpene,beta-Thujone,22.892,91456 ,1113.0,1114±2 (129),非靶确定,
15714-10-0,Alcohol,Unkown,23.068,579276  ,1115.0,1141±0 (2),,分低，无NIST RI
29803-82-5,Other,cis-2-p-Menthen-1-ol,23.279,122485 ,1118.0,1122±3 (120),非靶确定,
4501-58-0,Aldehyde,alpha-Campholenal,23.539,1252759,1122.0,1125±2 (165),非靶确定,
24903-95-5,Other,beta-Pinone,24.152,32735 ,1131.0,1137±2 (22),非靶确定,
547-61-5,Alcohol,L-trans-Pinocarveol(X),24.285, 1201530 ,1133.0,1139±2 (234),,同分异构
464-48-2,Terpene,(-)-Alcanfor(X),24.613,444294,1138.0,1142±3 (2),,同分异构
465-31-6,Terpene,Camphene hydrate,24.859,101680  ,1141.0,1148±2 (47),非靶确定,
1845-30-3,Other,cis-Verbenol(X),25.114,87839  ,1145.0,1142±2 (87),,分低
124-76-5,Terpene,Isoborneol,25.54,6321405  ,1151.0,1157±3 (67),非靶确定,
464-41-5,Other,Bornyl chloride(X),25.712,12300207 ,1154.0,,,无NIST RI
67690-48-6,Other,Sabinone(X),25.918,57358490  ,1157.0,1163±N/A (1),,RI 相差大
464-45-9,Terpene,L-Borneol(X),26.207,1201518  ,1161.0,1166±7 (3),,同分异构
1686-20-0,Terpene,"p-Mentha-1,5-dien-8-ol",26.497,519323  ,1165.0,1167±3 (83),非靶确定,解卷积
562-74-3,Terpene,Terpinen-4-ol,27.056,11230 ,1173.0,1177±2 (764),非靶确定,
4764-14-1,Other,Myrtanal(X),27.218,165266 ,1176.0,1188±8 (5),,RI 相差大
500-02-7,Other,Crypton,27.684,92780  ,1182.0,1184±4 (38),非靶确定,
1197-01-9,Terpene,p-Cymen-8-ol,27.821,14529  ,1184.0,1183±2 (237),非靶确定,
98-55-5,Terpene,alpha-Terpineol(X),28.115,17100 ,1189.0,1189±2 (811),,同分异构
564-94-3,Terpene,Myrtenal,28.263, 61130 ,1191.0,1193±3 (145),非靶确定,
515-00-4,Terpene,2-Pinen-10-ol,28.42,10582 ,1193.0,1195±2 (203),非靶确定,
140-67-0 ,Terpene,Estragole,28.635,8815  ,1196.0,1196±1 (86),非靶确定,
80-57-9,Terpene,2-Pinen-4-one(X),29.234,29025  ,1205.0,1205±2 (185),,分低
28587-54-4,Other,Unkown,29.665,,1211.0,,,分低，无NIST RI
112-14-1,Ester,"Acetic acid, octyl ester",29.876, 8164 ,1215.0,1210±3 (62),非靶确定,
1197-07-5,Other,trans-Carveol(X),30.068,5287883 ,1217.0,1217±2 (217),,分低
7492-41-3,Other,"Borneol, formate",30.381,518472,1222.0,1226±4 (6),非靶确定,
1197-06-4,Terpene,cis-Carveol,30.857,330573 ,1229.0,1229±3 (115),非靶确定,
106-22-9,Terpene,Citronellol,30.99,8842  ,1231.0,1228±3 (181),非靶确定,
122-03-2,Terpene,"Benzaldehyde, 4-(1-methylethyl)-",31.259,326 ,1235.0,1239±3 (122),非靶确定,
99-49-0,Terpene,Carvone(x),31.608,7439  ,1240.0,1242±4 (307),,同分异构
2550-26-7,Ketone,"2-Butanone, 4-phenyl-(X)",31.696,17355,1242.0,1232±16 (4),,RI相差大
499-71-8,Ketone,"p-Menth-6-en-2-one, (S)-(+)-(x)",31.809,6432475 ,1243.0,1246±2 (13),,分低
490-91-5 ,Other,Thymoquinone(X),32.093, 10281 ,1248.0,1250±3 (21),,分低
89-81-6,Terpene,Piperitone,32.245,6987  ,1250.0,1253±3 (129),非靶确定,
103-45-7,Ester,"Acetic acid, 2-phenylethyl ester",32.711,7654 ,1257.0,1258±3 (76),非靶确定,
3913-81-3 ,Aldehyde,"2-Decenal, (E)-(X)",33.055,5283345,1262.0,1263±3 (117),,分低
21391-98-0,Terpene,Phellandral,33.511,89488 ,1269.0,1276±4 (20),非靶确定,
5392-40-5,Terpene,Citral,33.663,638011  ,1271.0,1276±N/A (1),非靶确定,
1197-15-5,Terpene,alpha-Terpinen-7-al,34.178,526762,1279.0,1283±2 (21),非靶确定,
125-12-2,Terpene,Isobornyl acetate(X),34.399,6950273  ,1282.0,1286±2 (91),,同分异构
104-46-1,Benzene Derivative,Anethole(X),34.467,637563  ,1283.0,1286±2 (6),,同分异构
536-60-7,Alcohol,p-Cymen-7-ol,34.933,325,1290.0,1289±2 (57),非靶确定,
139757-62-3,Terpene,trans-Sabinyl acetate,35.375,6430313 ,1296.0,1297±N/A (1),非靶确定,
1619-26-7,Terpene,Isoascaridol,35.684, 351031  ,1301.0,1306±3 (5),非靶确定,
2219-78-5,Other,"Phenol, 2-ethyl-4,5-dimethyl-",35.889,247477  ,1304.0,1305±3 (4),非靶确定,
18680-27-8,Other,"(1S,2S,3R,5S)-(+)-Pinanediol(X)",36.567,10219606  ,1315.0,1316±3 (2),,分低
1079-01-2,Other,Myrtenyl acetate,37.047,11435490  ,1322.0,1327±4 (22),非靶确定,
22469-52-9,Terpene,Cyclosativene(X),37.4,16212927  ,1328.0,1368±3 (76),,RI 相差大
20348-18-9,Other,2-Amino-4-methyl-3-pyridinol(X),37.577,580054 ,1330.0,,,无NIST RI
2078-54-8,Benzene Derivative,Propofol(X),37.925,4943 ,1336.0,1364±1 (4),,RI 相差大
17699-14-8,Terpene,alpha-Cubebene,38.484,442359  ,1344.0,1351±2 (337),非靶确定,
29621-55-4,Other,"1-Cyclohexene-1-methanol, 4-(1-methylethenyl)-, formate",38.882,122512 ,1350.0,1356±N/A (1),非靶确定,解卷积
97-53-0 ,Other,Eugenol,39.181,3314,1355.0,1357±3 (355),非靶确定,
22469-52-9,Terpene,Cyclosativene(X),39.338,16212927  ,1358.0,1368±3 (76),,RI 相差大
14912-44-8,Terpene,Ylangene(X),39.725,20055075  ,1364.0,1372±2 (170),,RI 相差大
141-12-8 ,Other,Nerol acetate,39.853,1549025  ,1366.0,1364±3 (151),非靶确定,
3856-25-5,Terpene,Copaene(X),40.103,12303902  ,1369.0,1376±2 (698),,同分异构
515-13-9,Terpene,beta-Elemen(X),40.696,6918391  ,1379.0,1391±2 (521),,RI 相差大
13744-15-5,Terpene,beta-Cubebene,40.996,93081  ,1383.0,1389±2 (261),非靶确定,
515-13-9,Terpene,beta-Elemen,41.202,6918391  ,1386.0,1391±2 (521),非靶确定,
53282-47-6,Other,Unkown,41.672,40707 ,1394.0,,,无NIST RI
629-59-4,Alkane,Tetradecane(X),42.021,12389 ,1399.0,1400,,分低
2387-78-2,Terpene,Cyperene(X),42.089,12308843  ,1400.0,1399±2 (44),,同分异构
87-44-5,Terpene,Caryophyllene,42.781,5281515 ,1411.0,1419±3 (983),非靶确定,
512-61-8 ,Terpene,alpha-Santalene,42.894,94164  ,1413.0,1420±3 (26),非靶确定,
18252-44-3,Terpene,beta-Copaene(X),43.296,87529 ,1420.0,1432±3 (71),,RI 相差大
489-39-4,Terpene,Aromandendrene(X),43.816,11095734  ,1428.0,1440±1 (5),,RI 相差大
3691-12-1,Terpene,alpha-Guaiene,44.115,5317844  ,1433.0,1439±2 (125),非靶确定,
267665-20-3 ,Terpene,"Cadina-3,5-diene(X)",44.419,91723677 ,1438.0,1458±N/A (1),,RI 相差大
157477-72-0,Other,"cis-Muurola-4(15),5-diene(X)",44.655,91747213 ,1442.0,1463±4 (52),,RI 相差大
6753-98-6,Terpene,Humulene(X),44.802,5281520  ,1444.0,1454±3 (792),,RI 相差大
25246-27-9,Terpene,Alloaromadendrene(X),45.263,10899740 ,1452.0,1461±2 (343),,RI 相差大
157477-72-0,Other,"cis-Muurola-4(15),5-diene(X)",45.366,91747213 ,1453.0,1463±4 (52),,RI 相差大
25246-27-9,Terpene,Alloaromadendrene,45.719,10899740 ,1459.0,1461±2 (343),非靶确定,
157477-72-0,Other,"cis-Muurola-4(15),5-diene",46.092,91747213 ,1465.0,1463±4 (52),非靶确定,
30021-74-0,Other,gamma-Muurolene,46.381,6432308 ,1470.0,1477±3 (392),非靶确定,
515-17-3,Other,gamma-Selinene,46.651,10655819,1474.0,1479±6 (15),非靶确定,
17066-67-0 ,Terpene,beta-Selinene(X),46.764,28237  ,1476.0,1486±3 (349),,RI 相差大
23986-74-5,Terpene,Germacrene D,47.092,5317570 ,1481.0,1481±3 (689),非靶确定,
103827-22-1,Terpene,"4a,8-Dimethyl-2-(prop-1-en-2-yl)-1,2,3,4,4a,5,6,7-octahydronaphthalene",47.308,605019  ,1485.0,1492±N/A (1),非靶确定,
10208-80-7,Terpene,alpha-Muurolene,47.848,12306047  ,1494.0,1499±3 (427),非靶确定,
629-62-9 ,Alkane,Pentadecane,48.26,12391 ,1501.0,1500,非靶确定,
39029-41-9 ,Terpene,gamma-Cadinene,48.74,92313,1509.0,1513±2 (485),非靶确定,
483-77-2,Terpene,L-calamenene,49.059,6429077  ,1514.0,1523±5 (145),非靶确定,
523-47-7,Terpene,"Cadina-3,9-diene(X)",49.442,10657 ,1521.0,1518±10 (30),,同分异构
29837-12-5,Terpene,Cubenene(X),49.682,57357909 ,1525.0,1532±1 (119),,RI 相差大
24406-05-1,Terpene,alpha-Cadinene,49.971,12306048,1530.0,1538±1 (31),非靶确定,
21391-99-1,Other,alpha-Calacorene,50.231,12302243  ,1535.0,1542±3 (219),非靶确定,
639-99-6,Terpene,Elemol,50.658,92138 ,1542.0,1549±2 (169),非靶确定,
50277-34-4,Other,beta-Calacorene,51.325, 529621  ,1553.0,1563±3 (59),非靶确定,
577-27-5,Terpene,Ledol,51.453,11074994  ,1556.0,1565±4 (89),非靶确定,
40716-66-3,Terpene,E-Nerolidol,51.742,5284507,1561.0,1564±2 (277),非靶确定,
115728-41-1,Other,"Tricyclo[4.4.0.0(2,7)]dec-3-ene-3-methanol, 1-methyl-8-(1-methylethyl)-(X)",51.958,179519,1564.0,1574±N/A (1),,"分低,RI相差大"
6750-60-3,Terpene,Spathulenol(X),52.174,92231  ,1568.0,1576±2 (539),,同分异构
1139-30-6,Terpene,Caryophyllene oxide,52.424,1742210 ,1572.0,1581±2 (669),非靶确定,
72203-99-7,Terpene,Axenol(X),52.664,6429080 ,1576.0,1586±1 (13),,RI 相差大
,Other,Isoaromadendrene epoxide(X),52.993,534398  ,1582.0,1589±10 (8),,分低
19888-33-6,Other,Humulene epoxide I(X),53.262,22559443 ,1587.0,1604±3 (11),,"分低,RI相差大"
552-02-3,Terpene,Viridiflorol,53.478,11996452  ,1590.0,1591±2 (198),非靶确定,
19888-34-7,Other,Humulene epoxide II,53.836,92476330 ,1596.0,1606±2 (160),非靶确定,
56143-21-6 ,Other,alpha-Methoxyphenylacetic acid methyl ester(X),54.067,344720 ,1600.0,,,无NIST RI
73365-77-2,Other,"Di-epi-1,10-cubenol",54.234,12304220 ,1604.0,1614±3 (77),非靶确定,
131734-08-2,Other,Unkown,54.42,,1607.0,1639±N/A (1),,"分低,RI相差大"
20129-39-9,Other,alpha-Corocalene(X),54.729,5316074 ,1613.0,1623±4 (5),,RI 相差大
73365-77-2,Other,"Di-epi-1,10-cubenol",54.984,12304220 ,1617.0,1614±3 (77),非靶确定,
1209-71-8 ,Terpene,gamma-Eudesmol(X),55.165,6432005  ,1621.0,1631±1 (137),,RI 相差大
19431-79-9 ,Other,Caryophylladienol II(x),55.386,527418  ,1625.0,1637±4 (25),,"分低,RI相差大"
5937-11-1,Terpene,Cadinol T,55.774,160799 ,1632.0,1640±2 (241),非靶确定,
19912-62-0,Terpene,.tau.-Muurolol,56.867,3084331 ,1633.0,1642±2 (206),非靶确定,
19435-97-3,Terpene,delta-Cadinol,56.068,3084311 ,1637.0,1645±2 (220),非靶确定,
473-15-4,Terpene,beta-Eudesmol(X),56.146,91457,1638.0,1649±2 (224),,RI 相差大
481-34-5,Terpene,alpha-Cadinol,56.539, 10398656  ,1646.0,1653±2 (400),非靶确定,
79580-01-1,,"11,11-Dimethyl-4,8-dimethylenebicyclo[7.2.0]undecan-3-ol(X)",56.656,91715484  ,1648.0,1646±N/A (1),,分低
19890-84-7,Other,Longifolenaldehyde(X),57.054,12311375 ,1655.0,1631±0 (3),,RI 相差大
483-78-3 ,Other,Cadalene(X),57.363,10225 ,1663.0,1674±3 (86),,RI 相差大
119120-23-9 ,Other,"Eudesma-4(15),7-dien-1beta -ol(X)",57.78,,1668.0,1688±2 (27),,"分低,RI相差大"
1136-86-3,Ketone,"Ethanone, 1-(3,4,5-trimethoxyphenyl)-(X)",58.471,14345  ,1681.0,1687±N/A (1),,分低
81968-62-9,Other,"ent-Germacra-4(15),5,10(14)-trien-1beta-ol(X)",58.986,73554075  ,1690.0,1695±N/A (1),,分低
629-78-7,Alkane,Heptadecane(X),59.285,12398,1696.0,1700,,分低
1911-78-0,Other,Oplopanone,60.874,10466745 ,1731.0,1730±14 (23),非靶确定,
3243-36-5,Other,Ambrial(X),63.499,10037034 ,1792.0,1809±N/A (1),,RI 相差大
593-45-3,Alkane,Octadecane(X),63.774,11635,1799.0,1800,,分低
55012-72-1,Other,5-Hydroxycalamenene,63.817,600417 ,1800.0,1801±N/A (1),非靶确定,解卷积
638-36-8,Terpene,"Hexadecane, 2,6,10,14-tetramethyl-(X)",63.911,12523  ,1808.0,1792±3 (31),,"分低,RI相差大"
101527-74-6,Other,trans-Valerenyl acetate(X),64.009,91730074  ,1818.0,1832±N/A (1),,"分低,RI相差大"
629-92-5,Alkane,Nonadecane,64.852,12401 ,1899.0,1900,非靶确定,解卷积
167817-63-2,Other,"(E)-15,16-Dinorlabda-8(17),12-dien-14-al(X)",65.039,91715712 ,1927.0,1958±10 (2),,"分低,RI相差大"
76497-69-3,Other,"(E)-15,16-Dinorlabda-8(17),11-dien-13-one",65.436,13994560  ,1990.0,1994±N/A (1),非靶确定,
