CAS,Class,Name,RT,CID,MSDIAL RI,NIST RI,Note,Note.1
7446-09-5,Other,Sulfur dioxide(X),1.447,1119 ,,,,无NIST RI
75-07-0,Aldehyde,Acetaldehyde(X),1.486,177 ,,404±23 (15),,分低
64-17-5,Alcohol,Ethanol,1.57,702 ,,427±19 (38),非靶确定,
591-93-5,Other,"1,4-Pentadiene",1.682,11587 ,,464±1 (11),非靶确定,
115-18-4,Alcohol,"3-Buten-2-ol, 2-methyl-",2.124,8257 ,,614±6 (9),非靶确定,
64-19-7,Acid,Acetic acid,2.217,176,,610±10 (91),非靶确定,
590-86-3,Aldehyde,"Butanal, 3-methyl-(X)",2.502,11552 ,,652±5 (213),,分低
503-60-6,Other,"2-Butene, 1-chloro-3-methyl-(X)",4.523,10429  ,,725±1 (2),,分低
4675-87-0,Alcohol,"2-Buten-1-ol, 2-methyl-(X)",4.675,20799,,769±3 (2),,同分异构
2155-30-8,Other,"Lactic acid, methyl ester, (±)-",4.949,11040 ,,751±3 (2),非靶确定,解卷积
513-85-9,Alcohol,"2,3-Butanediol",5.209,262 ,,788±7 (34),非靶确定,解卷积
66-25-1,Aldehyde,Hexanal,5.327,6184 ,,800±2 (453),非靶确定,
498-60-2,Furan,3-Furaldehyde(X),6.852,10351  ,,832±14 (15),,同分异构
503-74-2,Acid,"Butanoic acid, 3-methyl-",7.73,10430 ,,863±16 (120),非靶确定,解卷积
111-71-7,Aldehyde,Heptanal,9.643,8130 ,903.0,901±2 (292),非靶确定,
123-35-3,Terpene,beta-Myrcene,14.774,31253,991.0,991±2 (840),非靶确定,
99-83-2,Terpene,alpha-Phellandrene,15.363,7460  ,1001.0,1005±2 (509),非靶确定,解卷积
124-13-0,Aldehyde,Octanal,15.588,454 ,1004.0,1003±2 (364),非靶确定,
99-86-5,Terpene,alpha-Terpinene,16.177,7462 ,1013.0,1017±2 (534),非靶确定,解卷积
99-87-6 ,Terpene,p-Cymene(X),16.731,7463 ,1021.0,1025±2 (820),,同分异构
1461-27-4 ,Terpene,D-sylvestrene(X),16.942,102625  ,1024.0,1027±3 (19),,同分异构
470-82-6,Other,Eucalyptol,17.089,2758  ,1027.0,1032±2 (580),非靶确定,
104-76-7,Alcohol,"1-Hexanol, 2-ethyl-",17.408,7720 ,1031.0,1030±3 (86),非靶确定,
122-78-1,Aldehyde,Benzeneacetaldehyde,18.119,998 ,1042.0,1045±4 (378),非靶确定,
3779-61-1,Terpene,trans-beta-Ocimene(X),18.512,5281553,1048.0,1049±2 (548),,分低
5989-33-3,Furan,cis-Linalool oxide(X),20.047,6428573,1071.0,1074±4 (179),,分低
586-63-0,Other,Isoterpinolene(X),20.984,102443 ,1085.0,1086±3 (46),,分低
1195-32-0,Terpene,p-Cymenene,21.131,62385  ,1087.0,1090±2 (106),非靶确定,
78-70-6,Terpene,Linalool,22.043,6549,1100.0,1099±2 (976),非靶确定,
124-19-6,Aldehyde,Nonanal,22.362,31289 ,1105.0,1104±2 (556),非靶确定,
1632-73-1,Terpene,Fenchol(X),22.642,15406 ,1109.0,1113±4 (39),,分低
28664-35-9,Furan,Sotolone,22.98,62835  ,1114.0,1110±3 (59),非靶确定,
60-12-8,Alcohol,Phenylethyl Alcohol,23.235,6054,1118.0,1116±5 (262),非靶确定,
4501-58-0,Aldehyde,alpha-Campholenal(X),23.579,1252759 ,1123.0,1125±2 (165),,分低
89-79-2,Terpene,Isopulegol,24.868,170833  ,1141.0,1146±3 (32),非靶确定,
464-45-9,Terpene,L-Borneol(X),26.188,1201518  ,1161.0,1166±7 (3),,同分异构
562-74-3,Terpene,Terpinen-4-ol,27.036,11230 ,1173.0,1177±2 (764),非靶确定,
500-02-7,Other,Crypton(X),27.748,92780  ,1183.0,1184±4 (38),,分低
1197-01-9,Terpene,p-Cymen-8-ol(X),27.821,14529  ,1186.0,1183±2 (237),,分低
98-55-5,Terpene,alpha-Terpineol(X),28.022,17100 ,1187.0,1189±2 (811),,同分异构
140-67-0 ,Terpene,Estragole,28.635,8815  ,1197.0,1196±1 (86),非靶确定,
80-57-9,Terpene,Berbenone(X),29.219,29025  ,1205.0,1205±2 (185),,同分异构
112-31-2,Aldehyde,Decanal,29.312,8175,1206.0,1206±2 (406),非靶确定,
1197-07-5,Terpene,trans-Carveol(X),30.122,5287883 ,1218.0,1217±2 (217),,分低
106-22-9,Terpene,Citronellol,30.956,8842  ,1231.0,1228±3 (181),非靶确定,
122-03-2,Terpene,"Benzaldehyde, 4-(1-methylethyl)-",31.289,326 ,1236.0,1239±3 (122),非靶确定,
99-49-0,Terpene,Carvone(X),31.608,7439,1240.0,1242±4 (307),,同分异构
89-81-6,Terpene,Piperitone,32.29,6987  ,1250.0,1253±3 (129),非靶确定,
624-15-7 ,Terpene,"2,6-Octadien-1-ol, 3,7-dimethyl-(X)",32.702,637566,1257.0,1260±N/A (1),,同分异构
112-30-1,Alcohol,1-Decanol,33.967,8174 ,1275.0,1273±2 (69),非靶确定,解卷积
104-46-1,Benzene Derivative,Anethole(X),34.413,637563  ,1282.0,1286±2 (6),,同分异构
80-26-2 ,Terpene,alpha-Terpinyl acetate,38.607,111037 ,1346.0,1350±3 (156),,分低
97-53-0,Other,Eugenol,39.152,3314  ,1355.0,1357±3 (355),非靶确定,解卷积
14912-44-8,Other,Ylangene,39.99,20055075 ,1368.0,1372±2 (170),非靶确定,
515-13-9,Terpene,beta-Elemen(X),41.128,6918391  ,1385.0,1391±2 (521),,分低
93-15-2,Other,Methyleugenol,42.384,7127 ,1405.0,1402±2 (165),非靶确定,
112-54-9,Aldehyde,Dodecanal,42.516,8194,1407.0,1409±4 (142),非靶确定,
13474-59-4,Other,trans-alpha-Bergamotene(X),43.865,6429302,1429.0,1435±3 (183),,分低
6753-98-6 ,Terpene,Humulene(X),44.675,5281520 ,1442.0,1454±3 (792),,"分低,RI相差大"
3796-70-1,Terpene,trans-Geranylacetone(X),45.248,1549778  ,1452.0,1453±2 (154),,分低
112-53-8,Alcohol,1-Dodecanol,46.637,8193 ,1474.0,1473±4 (64),非靶确定,
495-60-3,Terpene,l-Zingiberene,47.593,92776,1490.0,1495±2 (93),非靶确定,解卷积
629-62-9 ,Alkane,Pentadecane(X),48.034,12391 ,1497.0,1500,,分低
29837-07-8,Terpene,cis-alpha-Bisabolene(X),48.353,5352653 ,1502.0,1504±4 (32),,同分异构
5875-45-6,Benzene Derivative,"Phenol, 2,5-bis(1,1-dimethylethyl)-",48.907,79983,1512.0,1514±N/A (1),非靶确定,
483-77-2,Terpene,L-calamenene(X),49.01,6429077  ,1514.0,1523±5 (145),,"分低,RI相差大"
483-76-1,Terpene,delta-Cadinene(X),49.079,441005,1515.0,1524±2 (751),,RI 相差大
21391-99-1,Other,alpha-Calacorene(X),50.104,12302243  ,1532.0,1542±3 (219),,RI 相差大
487-11-6,Benzene Derivative,Elemicin,51.551,10248  ,1557.0,1554±4 (56),非靶确定,
112-70-9,Alcohol,n-Tridecan-1-ol(X),52.527,8207 ,1574.0,1577±5 (16),,分低
72203-99-7,Terpene,Axenol(X),52.63,6429080 ,1576.0,1586±1 (13),,"分低,RI相差大"
544-76-3,Alkane,Hexadecane(X),53.793,11006 ,1596.0,1600,,分低
112-66-3,Ester,Lauryl acetate(X),54.45,8205,1607.0,1607±2 (14),,分低
484-31-1,Other,Dill apiol(X),55.048,10231 ,1618.0,1622±4 (36),,分低
28400-11-5,Other,beta-Acorenol(X),56.343,14105907 ,1642.0,1649±N/A (1),,分低
532-65-0,Ketone,aR-Turmerone(X),57.3,160512 ,1659.0,1664±5 (17),,分低
10482-53-8,Other,"1,8,11,14-Heptadecatetraene, (Z,Z,Z)-(X)",57.417,5352710,1662.0,1664±0 (3),,分低
112-72-1,Alcohol,1-Tetradecanol,58.065,8209 ,1673.0,1676±4 (42),非靶确定,
,Other,"3-Heptadecene, (Z)-",58.516,5352250  ,1682.0,1689±1 (3),非靶确定,
629-78-7,Alkane,Heptadecane,59.271,12398,1695.0,1700,非靶确定,
3537-83-5 ,Other,Oxacyclopentadecan-2-one(X),60.179,77076,1715.0,1736±9 (2),,RI 相差大
56797-43-4,Other,"cis,cis,cis-7,10,13-Hexadecatrienal(X)",60.517,5367366 ,1723.0,,,无NIST RI
593-45-3,Alkane,Octadecane(X),63.769,11635 ,1799.0,1800,,分低
104-66-5,Benzene Derivative,"Ethane, 1,2-diphenoxy-",63.902,7713,1807.0,1811±N/A (1),非靶确定,
638-59-5,Ester,1-Tetradecyl acetate,63.951,12531,1812.0,1810±2 (7),非靶确定,解卷积
,Ester,"Butyric acid, 2-methyl-, dodecyl ester(X)",64.23,,1839.0,1832±N/A (1),,分低
80367-94-8,Terpene,Bohlmann k2631(X),64.819,327378  ,1896.0,1916±N/A (1),,RI 相差大
629-92-5,Alkane,Nonadecane,64.848,12401 ,1898.0,1900,非靶确定,
109-29-5,Other,Oxacycloheptadecan-2-one,65.059,7984  ,1931.0,1932±4 (5),非靶确定,
7561-64-0,Other,"7,10,13-Hexadecatrienoic acid, (Z,Z,Z)-",65.152,5312428  ,1945.0,1945±N/A (1),非靶确定,
628-97-7,Other,"Hexadecanoic acid, ethyl ester(X)",65.481, 12366 ,1993.0,1993±3 (69),,分低
