CID,Class,CAS,RT ,Name
522287  ,Ether,6795-88-6,3.105,"Pentane, 2-methoxy-"
31260,Alcohol,123-51-3 ,3.782,"1-Butanol, 3-methyl-"
5281168  ,Aldehyde,6728-26-3 ,7.476,"2-Hexenal, (E)-"
5284503 ,Alcohol,928-97-2 ,7.691,"3-Hexen-1-ol, (Z)-"
7809 ,Benzene derivatives,106-42-3 ,8.108,p-Xylene
5318042,Alcohol,928-95-0 ,8.201,"2-Hexen-1-ol, (E)-"
7501 ,Benzene derivatives,100-42-5 ,9.138,Styrene
17868,Terpene,2867-05-2,11.08,alpha-Thujene
6654  ,Terpene,80-56-8,11.399,alpha-Pinene
6616 ,Terpene,79-92-5 ,12.13,Camphene
524198 ,Terpene,36262-09-6 ,12.527,"2,4(10)-Thujadiene"
18818 ,Terpene,3387-41-5 ,13.837,Sabinen
31253  ,Terpene,123-35-3 ,15.092,beta-Myrcene
68140  ,Terpene,499-97-8,15.676,"p-Mentha-1(7),8-diene"
7462,Terpene,99-86-5 ,16.54,alpha-Terpinene
7463 ,Benzene derivatives,99-87-6 ,17.03,p-Cymene
22311,Terpene,138-86-3 ,17.295,Limonene
2758 ,Ether,470-82-6,17.43,Eucalyptol
5320250 ,Terpene,3338-55-4,18.17,beta-cis-Ocimene
5281553  ,Terpene,3779-61-1,18.8,trans-beta-Ocimene
12756 ,Ketone,695-06-7 ,19.18,gamma-Caprolactone
7461 ,Terpene,99-85-4 ,19.34,gamma-Terpinene
20055523 ,Terpene,15537-55-0 ,19.9,cis-4-Thujanol
102443 ,Terpene,586-63-0,21.322,Isoterpinolene
62385 ,Benzene derivatives,1195-32-0 ,21.46,"Benzene, 1-methyl-4-(1-methylethenyl)-"
6549  ,Terpene,78-70-6 ,22.425,Linalool
6054 ,Benzene derivatives,60-12-8,23.2,Phenylethyl Alcohol
11038 ,Terpene,15358-88-0 ,27.05,Isocamphopinone
11230 ,Terpene,562-74-3 ,27.462,Terpinen-4-ol
5352331 ,Ester,53398-84-8 ,28.443,"Butanoic acid, 3-hexenyl ester, (E)-"
17525  ,Ester,2639-63-6 ,28.87,"Butanoic acid, hexyl ester"
92874,Ketone,1196-01-6 ,29.547,Levoverbenone
28453,Alk,17301-23-4 ,30.214,"Undecane, 2,6-dimethyl-"
5365069 ,Ester, 53398-85-9 ,31.509,cis-3-Hexenyl-alpha-methylbutyrate
 17095  ,Alk,2437-56-1,35.428,1-Tridecene
 89316  ,Sesquiterpene, 20307-84-0 ,38.02,delta-EIemene
442359  ,Sesquiterpene,17699-14-8 ,38.85,alpha-Cubebene
16212927  ,Sesquiterpene,22469-52-9,39.62,Cyclosativene
 20055075  ,Sesquiterpene,14912-44-8 ,40.156,Ylangene
 12303902  ,Sesquiterpene,3856-25-5 ,40.426,Copaene
530816  ,Sesquiterpene,——,41.05,alpha-Bourbonene
93081  ,Sesquiterpene,13744-15-5 ,41.426,beta-Cubebene
6918391  ,Sesquiterpene,515-13-9 ,41.603,"beta-Elemene, (-)-"
6918391  ,Sesquiterpene,489-29-2,42.52,"1H-Cyclopropa[a]naphthalene, 1a,2,3,3a,4,5,6,7b-octahydro-1,1,3a,7-tetramethyl-, [1aR-(1aalpha,3aalpha,7balpha)]-"
 15560276  ,Sesquiterpene,489-40-7 ,42.7,alpha-Gurjunene
 5281515  ,Sesquiterpene,87-44-5 ,43.1,Caryophyllene
 87529  ,Sesquiterpene,18252-44-3,43.73,beta-Copaene
28481,Sesquiterpene,17334-55-3,43.95,beta-Gurjunene
11095734  ,Sesquiterpene,489-39-4 ,44.27,"1H-Cyclopropa[a]naphthalene, decahydro-1,1,3a-trimethyl-7-methylene-, [1aS-(1aalpha,3aalpha,7abeta,7balpha)]-"
91354  ,Sesquiterpene,489-39-4 ,44.61,Aromandendrene
91723677  ,Sesquiterpene,267665-20-3 ,44.801,"Cadina-3,5-diene"
51351708  ,Sesquiterpene,——,45.02,"cis-muurola-3,5-diene"
 5281520  ,Sesquiterpene,6753-98-6,45.14,Humulene
91354  ,Sesquiterpene,25246-27-9,45.6,Alloaromadendrene
91747213  ,Sesquiterpene,157477-72-0 ,45.733,"cis-Muurola-4(15),5-diene"
90805  ,Sesquiterpene,22567-17-5,46.488,gamma-Gurjunene
12313020  ,Sesquiterpene,30021-74-0 ,46.665,gamma-Muurolene
5317570  ,Sesquiterpene,23986-74-5,46.91,Germacrene D
 28237  ,Sesquiterpene, 17066-67-0 ,47.165,beta-Eudesmene
15694800  ,Sesquiterpene,54324-03-7 ,47.469,Bicyclosesquiphellandrene
 10910653 ,Sesquiterpene,21747-46-6 ,47.724,Leden
12306047  ,Sesquiterpene,10208-80-7,48.2,alpha-Muurolene
92313  ,Sesquiterpene,39029-41-9 ,48.94,gamma-Cadinene
10657  ,Sesquiterpene,523-47-7 ,49.514,"Cadina-3,9-diene"
 57357909  ,Sesquiterpene,29837-12-5 ,49.941,Cubenene
12306048  ,Sesquiterpene,24406-05-1 ,50.27,alpha-Cadinene
12302243,Sesquiterpene,21391-99-1 ,50.54,alpha-Calacorene
12313488  ,Ketone,13844-03-6,51.55,Norbourbonone
92231  ,Sesquiterpene,6750-60-3 ,52.47,Espatulenol
12304985  ,Alcohol,489-41-8,52.77,Globulol
6443227  ,Sesquiterpene,62235-06-7 ,52.98,"(3E,7E)-4,8,12-Trimethyltrideca-1,3,7,11-tetraene"
