CID,CAS,Class,RT,NAME
6212  ,67-66-3,Alkane,2.256,Trichloromethane
6560 ,78-83-1,Alcohol,2.325,"1-Propanol, 2-methyl-"
263 ,71-36-3,Alcohol,2.698,1-Butanol
31260 ,123-51-3,Alcohol,3.846,"1-Butanol, 3-methyl-"
8723 ,137-32-6,Alcohol,3.909,"1-Butanol, 2-methyl-"
6276 ,71-41-0,Alcohol,4.66,1-Pentanol
20799 ,4675-87-0,Alcohol,4.817,"2-Buten-1-ol, 2-methyl-"
13357,868-57-5,Ester,4.93,"Butanoic acid, 2-methyl-, methyl ester"
6184  ,66-25-1,Aldehyde,5.582,Hexanal
31272, 123-86-4 ,Ester,6.161,"Acetic acid, butyl ester"
8103 ,111-27-3,Alcohol,8.515,1-Hexanol
12209 ,624-41-9,Ester,8.937,"1-Butanol, 2-methyl-, acetate"
7237,95-47-6,Benzene derivatives,9.378,o-Xylene
10976 ,543-49-7,Alcohol,9.982,2-Heptanol
8133 ,111-76-2 ,Alcohol,10.315,"Ethanol, 2-butoxy-"
18827 ,3391-86-4,Alcohol,14.632,1-Octen-3-ol
9862 ,110-93-0,Ketone,15.093,"5-Hepten-2-one, 6-methyl-"
20745 ,1569-60-4,Alcohol,15.465,"5-Hepten-2-ol, 6-methyl-"
454,124-13-0,Aldehyde,16.054,Octanal
8908 ,142-92-7 ,Ester,16.883,"Acetic acid, hexyl ester"
2733294,2497-18-9,Ester,17.109,"2-Hexen-1-ol, acetate, (E)-"
7720 , 104-76-7 ,Alcohol,17.859,"1-Hexanol, 2-ethyl-"
5283324 ,2548-87-0 ,Aldehyde,19.713,"2-Octenal, (E)-"
7409 ,98-85-1,Benzene derivatives,19.899,"Benzenemethanol, alpha-methyl-, (R)-"
957 ,111-87-5,Alcohol,20.792,1-Octanol
6549 ,78-70-6,Terpene,22.602,Linalool
31289  ,124-19-6 ,Aldehyde,22.916,Nonanal
4133 ,119-36-8,Benzene derivatives,28.836,Methyl salicylate
8815  ,140-67-0 ,Benzene derivatives,29.214,Estragole
22015 ,5779-94-2 ,Benzene derivatives,30.151,"Benzaldehyde, 2,5-dimethyl-"
24838 ,10032-15-2 ,Ester,32.098,"Butanoic acid, 2-methyl-, hexyl ester"
12389 ,629-59-4,Alkane,42.264,Tetradecane
12391  ,629-62-9,Alkane,48.701,Pentadecane
10408 ,502-69-2 ,Ketone,64.505,"2-Pentadecanone, 6,10,14-trimethyl-"
