CAS,Class,Name,RT,CID,MSDIAL RI,NIST RI,Note,Note.1
64-17-5,Alcohol,Ethanol,1.57,702 ,,427±19 (38),非靶确定,
75-05-8,Other,Acetonitrile,1.648,6342 ,,444±6 (15),非靶确定,解卷积
64-19-7,Acid,Acetic acid,2.139,176,,610±10 (91),非靶确定,
71-36-3,Alcohol,1-Butanol,2.629, 263,,659±8 (80),非靶确定,
110-62-3,Aldehye,Pentanal,3.017,8063 ,,699±5 (147),非靶确定,
815-06-5,Other,Unkown,3.115,69948  ,,,,无NIST RI
123-51-3,Alcohol,"1-Butanol, 3-methyl-",3.728,31260 ,,736±5 (154),非靶确定,
71-41-0,Alcohol,1-Pentanol,4.449,6276,,765±4 (146),非靶确定,
66-25-1 ,Aldehye,Hexanal,5.307,6184,,800±2 (453),非靶确定,
111-27-3,Alcohol,1-Hexanol(X),8.245,8103 ,871.0,868±4 (223),,分低
4466-24-4,Furan,2-n-Butyl furan,9.099,20534  ,892.0,893±1 (17),非靶确定,
110-43-0,Ketone,2-Heptanone,9.138,8051  ,893.0,891±2 (212),非靶确定,
111-71-7,Aldehye,Heptanal,9.629,8130 ,903.0,901±2 (292),非靶确定,
109-52-4,Acid,Pentanoic acid,10.021,7991 ,910.0,904±16 (47),非靶确定,
2867-05-2,Terpene,3-Thujene,11.081,17868,928.0,929±2 (488),非靶确定,
18829-55-5,Aldehye,"2-Heptenal, (E)-",12.724,5283316 ,956.0,958±4 (74),非靶确定,
111-70-6 ,Alcohol,1-Heptanol,13.715,8129 ,973.0,970±2 (68),非靶确定,
3391-86-4,Alcohol,1-Octen-3-ol,14.186,18827  ,981.0,980±2 (355),非靶确定,
110-93-0,Ketone,"5-Hepten-2-one, 6-methyl-",14.651,9862 ,989.0,986±2 (222),非靶确定,
3777-69-3,Furan,"Furan, 2-pentyl-",14.764, 19602  ,991.0,993±2 (179),非靶确定,
99-83-2,Terpene,alpha-Phellandrene,15.353,7460  ,1001.0,1005±2 (509),非靶确定,
124-13-0,Aldehye,Octanal,15.559,454  ,1004.0,1003±2 (364),非靶确定,
13466-78-9,Terpene,3-Carene,15.696,26049,1006.0,1011±2 (336),非靶确定,
527-84-4,Terpene,o-Cymene(X),16.697, 10703  ,1023.0,1022±2 (114),,同分异构
1461-27-4,Terpene,D-sylvestrene(X),16.932,102625  ,1024.0,1027±3 (19),,同分异构
470-82-6,Other,Eucalyptol,17.065,2758  ,1026.0,1032±2 (580),非靶确定,
104-76-7,Alcohol,"1-Hexanol, 2-ethyl-",17.418,7720 ,1031.0,1030±3 (86),非靶确定,
1669-44-9,Ketone, 3-Octen-2-one,18.001,5363229 ,1040.0,1040±3 (18),非靶确定,
3779-61-1,Terpene,trans-beta-Ocimene(X),18.531,5281553  ,1048.0,1049±2 (548),,分低
99-85-4,Terpene,gamma-Terpinene,19.012,7461 ,1055.0,1060±3 (739),非靶确定,
2548-87-0,Aldehye,"2-Octenal, (E)-",19.159,5283324  ,1057.0,1060±3 (124),非靶确定,
2432-77-1,Other,"Hexanethioic acid, S-methyl ester(X)",19.399,75515 ,1061.0,1063±N/A (1),,分低
111-87-5,Alcohol,1-Octanol,20.287,957  ,1074.0,1071±3 (226),非靶确定,
586-62-9,Terpene,Terpinolene,20.969,11463 ,1084.0,1088±2 (607),非靶确定,
1195-32-0,Terpene,p-Cymenene,21.106,62385  ,1086.0,1090±2 (106),非靶确定,
3777-70-6,Furan,"Furan, 2-hexyl-",21.425,77408 ,1091.0,1095±1 (6),非靶确定,
67801-33-6,Other,"2-Nonanone, 3-(hydroxymethyl)-",21.597,106823  ,1094.0,1093±N/A (1),非靶确定,解卷积
78-70-6,Terpene,Linalool,22.063,6549,1101.0,1099±2 (976),非靶确定,
124-19-6,Aldehye,Nonanal,22.342,31289 ,1105.0,1104±2 (556),非靶确定,
89-79-2,Terpene,Isopulegol,24.893,170833  ,1142.0,1146±3 (32),非靶确定,
464-45-9 ,Terpene,L-Borneol(X),26.423,1201518,1164.0,1166±7 (3),,分低
81396-36-3,Ketone,Unkown,26.688,565599  ,1168.0,,,无NIST RI
562-74-3,Terpene,Terpinen-4-ol,27.036,11230 ,1173.0,1177±2 (764),非靶确定,
98-55-5,Terpene,alpha-Terpineol(X),28.052,17100 ,1188.0,1189±2 (811),,同分异构
140-67-0,Benzene Derivative,Estragole,28.621,8815 ,1196.0,1196±1 (86),非靶确定,
6712-79-4,Other,Isopinocarveol(X),28.792,10931630 ,1198.0,1180±4 (11),,RI 相差大
112-31-2 ,Aldehye,Decanal,29.312, 8175  ,1206.0,1206±2 (406),非靶确定,
122-03-2,Benzene Derivative,"Benzaldehyde, 4-(1-methylethyl)-",31.294,326  ,1236.0,1239±3 (122),非靶确定,
99-49-0,Terpene,Carvone(X),31.652,7439 ,1241.0,1242±4 (307),,同分异构
89-81-6,Terpene,Piperitone,32.309,6987 ,1251.0,1253±3 (129),非靶确定,
106-24-1,Terpene,Geraniol(X),32.775,637566 ,1258.0,1255±3 (343),,分低
3913-81-3 ,Aldehye,"2-Decenal, (E)-",33.035,5283345,1262.0,1263±3 (117),非靶确定,
5392-40-5,Terpene,Citral,33.702,638011 ,1271.0,1276±N/A (1),非靶确定,
4180-23-8,Benzene Derivative,Anethole(X),34.134,637563 ,1278.0,1284±3 (76),,分低
104-46-1,Benzene Derivative,Anethole(X),34.438,637563  ,1282.0,1286±2 (6),,同分异构
4179-38-8,Furan,2-n-Octylfuran,35.125,77845 ,1292.0,1297±0 (3),非靶确定,
112-12-9 ,Ketone,2-Undecanone,35.237,8163 ,1294.0,1294±2 (160),非靶确定,
115754-80-8,Furan,Unkown,35.385,590478 ,1296.0,,,分低，无NIST RI
61141-72-8,Other,"Dodecane, 4,6-dimethyl-(X)",37.258,545627 ,1325.0,1325±N/A (1),,分低
51932-70-8,Aldehye,Indane-4-carboxaldehyde(X),37.67,576135  ,1332.0,1307±N/A (1),,RI 相差大
6555-95-9,Other,"Bicyclo[2.2.2]octane, 1-methoxy-4-methyl-(X)",38.475,23049 ,1342.0,1341±N/A (1),,分低
97-53-0,Other,Eugenol,39.22,3314  ,1356.0,1357±3 (355),非靶确定,
53448-07-0 ,Aldehye,"2-Undecenal, E-(X)",39.691,5283356  ,1363.0,1365±4 (49),,分低
148-24-3,Benzene Derivative,8-Hydroxyquinoline(X),39.809,1923  ,1365.0,1358±3 (3),,分低
14912-44-8,Terpene,Ylangene(X),39.99,20055075 ,1368.0,1372±2 (170),,分低
629-59-4,Alkane,Tetradecane,41.962,12389 ,1398.0,1400,非靶确定,解卷积
87-44-5,Terpene,Caryophyllene(X),42.605,5281515 ,1408.0,1419±3 (983),,RI 相差大
629-62-9,Alkane,Pentadecane(X),48.039,12391 ,1497.0,1500,,分低
40716-66-3,Terpene,(6E)-Nerolidol,51.708,5284507 ,1560.0,1564±2 (277),非靶确定,
143-07-7 ,Acid,Dodecanoic acid(X0,52.675,3893,1576.0,1568±3 (103),非靶确定,
106-33-2,Ester,"Dodecanoic acid, ethyl ester",53.67,7800 ,1594.0,1595±2 (52),非靶确定,解卷积
124-06-1,Ester,"Tetradecanoic acid, ethyl ester(x)",63.716,31283,1797.0,1794±1 (45),,分低
593-45-3,Alkane,Octadecane(x),63.77,11635  ,1799.0,1800,,分低
