CAS,Class,Name,RT,CID,MSDIAL RI,NIST RI,Note,Note.1
110-19-0,Ester,Isobutyl acetate,4.713,8038 ,,771±6 (43),非靶确定,
591-78-6 ,Ketone,2-Hexanone,5.105,11583 ,,790±3 (106),,
66-25-1,Aldehyde,Hexanal,5.394,6184 ,,"800±2 (453)
",非靶确定,
105-54-4 ,Ester,"Butanoic acid, ethyl ester",5.478,7762 ,,802±2 (154),非靶确定,
123-86-4,Ester,"Acetic acid, butyl ester",5.949,31272,,812±4 (96),非靶确定,
626-38-0 ,Ester,"2-Pentanol, acetate",7.366,12278,,849±10 (6),非靶确定,
6728-26-3,Aldehyde,"2-Hexenal, (E)-",7.405,5281168 ,,854±3 (243),非靶确定,解卷积
108-64-5,Acid,"Butanoic acid, 3-methyl-, ethyl ester",7.484,7945 ,,854±2 (72),非靶确定,解卷积
111-27-3,Alcohol,1-Hexanol,8.47,8103 ,873.0,868±4 (223),非靶确定,
123-92-2,Ester,"1-Butanol, 3-methyl-, acetate",8.661,31276  ,877.0,876±2 (100),非靶确定,
928-92-7,Alcohol,"4-Hexen-1-ol, (E)-(X)",8.759,641248 ,879.0,883±3 (3), ,分低
53897-30-6,Others,Unknown,8.901,543881 ,883.0,,,分低，无NIST RI
53897-30-6,Others,Unknown,9.053,543881 ,883.0,,,分低，无NIST RI
110-43-0,Ketone,2-Heptanone,9.196,8051 ,890.0,891±2 (212),非靶确定,
684-94-6 ,Others,"3-Penten-2-one, 3,4-dimethyl-(X)",9.426,12700 ,895.0,901±13 (2),,分低
543-49-7,Alcohol,2-Heptanol,9.74,10976  ,902.0,900±4 (53),非靶确定,
97-85-8,Ester,Isobutyl isobutyrate,10.461, 7351 ,914.0,910±4 (13),,
,Others,Unknown,10.903,,921.0,,,分低，无NIST RI
108-83-8,Ketone,"4-Heptanone, 2,6-dimethyl-(X)",12.021,7958 ,940.0,952±13 (4),,分低
5953-49-1,Ester,"2-Hexanol, acetate",12.325,110740 ,945.0,937±N/A (1),非靶确定,
539-90-2,Ester,"Butanoic acid, 2-methylpropyl ester",12.899,10885 ,955.0,955±6 (13),非靶确定,
2441-06-7,Ester,Ethyl 2-hydroxyisovalerate,13.409,520125  ,964.0,975±7 (7),非靶确定,
4291-79-6,Others,"Cyclohexane, 1-methyl-2-propyl-(X)",14.895,107252  ,989.0,983±0 (2),,分低
109-21-7,Ester,"Butanoic acid, butyl ester",15.366,7983  ,997.0,995±2 (38),非靶确定,
2445-67-2 ,Ester,Isobutyl 2-methylbutanoate,15.753,102820,1003.0,1004±4 (8),非靶确定,
589-59-3,Ester,Isobutyl isovalerate,16.009,11514 ,1007.0,1005±2 (15),非靶确定,
2050-01-3,Ester,"Isobutyric acid, isopentyl ester",16.43,519786,1013.0,1015±3 (16),非靶确定,
142-92-7,Ester,"Acetic acid, hexyl ester",16.548,8908,1015.0,1011±4 (112),非靶确定,
72237-36-6 ,Others,"4-Hexen-1-ol, acetate",17.043,57349892 ,1022.0,1020±3 (4),非靶确定,
51115-64-1,Ester,"Butanoic acid, 2-methylbutyl ester(X)",17.289,162627 ,1026.0,1056±3 (8),,RI相差大
104-76-7,Alcohol,"1-Hexanol, 2-ethyl-",17.612,7720 ,1030.0,1030±3 (86),非靶确定,
,Ester,"Acetic acid, 1,4-dimethylpent-4-enyl ester(X)",18.078,,1037.0,,,无 NIST RI
5921-82-4,Others,"2-Heptanol, acetate",18.515,80018  ,1044.0,1045±6 (6),非靶确定,
109-19-3,Ester,"Isovaleric acid, butyl ester",18.696,7981,1046.0,1047±1 (9),非靶确定,
106-27-4,Ester,"Butanoic acid, 3-methylbutyl ester",19.545,7795 ,1059.0,1056±4 (39),非靶确定,
20125-84-2,Alcohol,"3-Octen-1-ol, (Z)-(X)",19.839,5364519 ,1063.0,1055±4 (6),,RI相差大
97-72-3,Others,Isobutyric anhydride(X),20.271,7346 ,1070.0,,,无 NIST RI
64275-73-6,Alcohol,"5-Octen-1-ol, (Z)-",20.472,5352837,1073.0,1074±N/A (1),非靶确定,
,Ester,"Valeric acid, 3-pentyl ester(X)",20.707,,1076.0,,,无 NIST RI
36687-99-7,Others,"2-Butanone, 3-ethoxy-3-methyl-(X)",20.825,37509 ,1078.0,,,无 NIST RI
53605-94-0,Others,"Butanoic acid, 3-hydroxy-, butyl ester(X)",21.526,103808  ,1088.0,1080±2 (3),,分低
27625-35-0,Ester,iso-Amyl 2-methyl butyrate,22.326,520326 ,1100.0,1101±1 (23),非靶确定,
,Acid,Unknown,22.61,,1104.0,1092±N/A (1),,分低，RI相差大
659-70-1,Ester,iso-Amyl isovalerate,22.856,12613,1108.0,1104±1 (45),非靶确定,
5455-24-3,Ester,Unknown,23.057,138508 ,1111.0,,,分低，无NIST RI
,Ketone,"2,4-Dimethylpentan-3-yl ethyl carbonate(X)",23.327,,1115.0,1115±N/A (1),,分低
1086255-73-3,Acid,3-(Methoxymethoxy)butanoic acid(X),23.572,537631 ,1118.0,1118±N/A (1),,分低
93691-87-3,Ester,Unknown,24.116,,1126.0,,,分低，无NIST RI
40780-64-1,Ester,"3-Hexanol, acetate(X)",24.862,12545759 ,1137.0,,,分低，无NIST RI
625-08-1,Acid,"Butanoic acid, 3-hydroxy-3-methyl-(X)",25.362,69362,1144.0,980±5 (2),,分低，RI相差大
105-79-3,Ester,"Hexanoic acid, 2-methylpropyl ester",25.867,7775 ,1151.0,1149±4 (16),非靶确定,
2173-56-0,Ester,"Pentanoic acid, pentyl ester",25.98,62433 ,1153.0,1150±N/A (1),非靶确定,
,Ester,Unknown,26.147,,1155.0,1118±N/A (1),,分低，RI相差大
35035-69-9,Others,Unknown,26.417,559114 ,1159.0,,,分低，无NIST RI
22927-13-5,Aldehyde,"Benzaldehyde, 2-ethyl-(X)",27.324,123406  ,1172.0,1176±2 (3),,分低
,Others,Unknown,28.143,,1184.0,,,分低，无NIST RI
32815-70-6 ,Alcohol,2-Methyl-5-hexen-3-ol(X),28.334,141746 ,1187.0,,,无 NIST RI
5426-43-7,Others,Pentyl glycolate(X),28.599,225038,1191.0,,,无 NIST RI
2639-63-6 ,Ester,"Butanoic acid, hexyl ester(X)",28.702,17525 ,1192.0,1192±2 (43),,分低
,Furan,"2,5-Dibutyl-3-ethenyltetrahydrofuran(X)",29.109,,1198.0,,,无 NIST RI
69727-41-9,Ester,"Butanoic acid, 4-hexenyl ester, (Z)-",29.33,5352835 ,1201.0,1203±N/A (1),非靶确定,
56009-31-5,Ester,Unknown,29.516,538804 ,1204.0,,,分低，无NIST RI
115-18-4 ,Alcohol,Unknown,29.909,8257 ,1210.0,614±6 (9),,RI相差大
,Others,Unknown,30.12,,1213.0,,,分低，无NIST RI
,Ester,Unknown,30.487,,1219.0,1180±N/A (1),,分低，RI相差大
105-72-6,Ester,Ethylene glycol di-n-butyrate(X),31.517,135966 ,1234.0,,,无 NIST RI
494-99-5,Benzene Derivative,"3,4-Dimethoxytoluene",31.841,68126  ,1239.0,1233±8 (4),非靶确定,
10032-13-0 ,Ester,"Butanoic acid, 3-methyl-, hexyl ester",32.028,61455 ,1242.0,1244±1 (12),非靶确定,
2650-40-0,Alcohol,Unknown,32.341,75851,1246.0,,,分低，无NIST RI
2198-61-0,Ester,Isopentyl hexanoate,32.567,16617 ,1250.0,1252±2 (33),非靶确定,
,Ester,"Pentanoic acid, 4-hexen-1-yl ester(X)",32.675,,1251.0,,,无 NIST RI
51174-12-0,Others,"2,4,4-Trimethyl-1-hexene(X)",32.847,142817 ,1254.0,,,无 NIST RI
57074-37-0,Alcohol,(Z)-4-Decen-1-ol,33.028,5362798 ,1256.0,1257±1 (7),非靶确定,
85235-39-8,Ester,Unknown,33.239,,1260.0,1256±1 (2),,分低
26533-33-5 ,Alcohol,"3-Nonanol, 2-methyl-(X)",34.568, 141300 ,1279.0,,,分低，无NIST RI
52939-61-4,Alcohol,Unknown,34.867,142990 ,1284.0,,,分低，无NIST RI
,Ester,Unknown,35.054,,1287.0,,,分低，无NIST RI
112-12-9,Ketone,2-Undecanone,35.422,8163  ,1292.0,1294±2 (160),非靶确定,
,Ester,Unknown,35.986,,1300.0,,,分低，无NIST RI
1540-36-9,Ketone,Unknown,36.363,,1306.0,,,分低，无NIST RI
26533-33-5,Alcohol,Unknown,37.315,141300  ,1321.0,,,分低，无NIST RI
26533-33-5,Alcohol,Unknown,38.914,141300  ,1338.0,,,分低，无NIST RI
97-53-0,Acid,Eugenol,39.38,3314 ,1353.0,1357±3 (355),非靶确定,
88973-62-0,Ester,"Propyl 2,4-hexadienecarboxylate(X)",39.811,5368950 ,1360.0,1366±N/A (1),,分低
54211-14-2,Others,7-Methylenenorcarane(X),40.336,556458 ,1368.0,,,无 NIST RI
,Furan,Unknown,40.748,,1374.0,,,无 NIST RI
51174-12-0,Others,Unknown,41.195,142817  ,1382.0,,,分低，无NIST RI
89116-19-8,Ester,Shisool acetate(X),41.832,71322199 ,1391.0,1419±N/A (1),,分低，RI相差大
93-15-2,Benzene Derivative,Methyleugenol,42.558, 7127 ,1403.0,1402±2 (165),非靶确定,
1004-24-6,Alcohol,Unknown,43.161, 13860 ,1413.0,,,分低，无NIST RI
54211-14-2,Others,Unknown,43.367,556458  ,1416.0,,,无 NIST RI
1215128-07-6,Ester,6-Methyl-4-heptenyl pentanoate(X),43.779,91697812  ,1423.0,1438±N/A (1),,RI相差大
1215128-07-6,Ester,6-Methyl-4-heptenyl pentanoate,44.476,91697812  ,1434.0,1438±N/A (1),非靶确定,
7786-58-5,Ester,Octyl isovalerate(X),44.638,228769  ,1437.0,1441±4 (4),,分低
2460-77-7,Others,"2,5-di-tert-Butyl-p-quinone(X)",45.942,17161 ,1458.0,1466±N/A (1),,分低
593-08-8 ,Ketone,2-Tridecanone,48.042,11622 ,1492.0,1497±4 (50),非靶确定,解卷积
629-62-9,Alkane,Pentadecane,48.262,12391 ,1496.0,1500,非靶确定,
50505-61-8,Others,Unknown,48.557,606644,1500.0,,,无 NIST RI
5875-45-6,Benzene Derivative,"Phenol, 2,5-bis(1,1-dimethylethyl)-",49.062,79983  ,1509.0,1514±N/A (1),,
142-50-7,Alcohol,Unknown,49.817,5356544  ,1522.0,1544±16 (61),,RI相差大
487-11-6,Benzene Derivative,Elemicin,51.72,10248,1555.0,1554±4 (56),非靶确定,
56666-90-1,Others,Unknown,52.323,534869 ,1565.0,,,分低，无NIST RI
6627-88-9,Acid,Methoxyeugenol,54.177,226486,1597.0,1608±5 (14),非靶确定,
,Ester,Unknown,54.732,,1607.0,,,无 NIST RI
,Others,Unknown,55.021,,1612.0,,,无 NIST RI
,Ester,Unknown,55.663,,1624.0,,,分低，无NIST RI
2306-91-4,Ester,iso-Amyl n-decanoate(X),56.546,75320 ,1640.0,1646±2 (13),,分低
629-78-7 ,Alkane,Heptadecane,59.504,12398  ,1694.0,1700,非靶确定,
117421-32-6 ,Ester,"Pentanoic acid, 1,1-dimethylpropyl ester(X)",60.71,559101  ,1721.0,,,无 NIST RI
593-45-3 ,Alkane,Octadecane(X),63.845,11635  ,1798.0,1800,,分低
6309-51-9,Ester,Isoamyl laurate,64.409,61386 ,1848.0,1846±2 (10),非靶确定,
