CAS,Class,Name,RT,CID,MSDIAL RI,NIST RI,Note,Note.1
64-17-5,Alcohol,Ethanol,1.584,702 ,,427±19 (38),非靶确定,
123-51-3,Alcohol,"1-Butanol, 3-methyl-",3.757,31260 ,,736±5 (154),非靶确定,
137-32-6 ,Alcohol,"1-Butanol, 2-methyl-",3.821,8723 ,,739±5 (105),非靶确定,
508-32-7,Terpene,Tricyclene,10.414,79035  ,917.0,925±2 (220),非靶确定,
2867-05-2,Terpene,3-Thujene,10.816, 17868  ,923.0,929±2 (488),非靶确定,
7785-70-8 ,Terpene,1R-alpha-Pinene,11.13,82227 ,929.0,929±7 (7),非靶确定,
79-92-5,Terpene,Camphene(x),11.87,6616 ,941.0,952±2 (609),,RI 相差大
36262-09-6,Terpene,"2,4(10)-Thujadiene(X)",12.258,524198 ,948.0,956±2 (59),,RI 相差大
3387-41-5 ,Terpene,Sabinen,13.533,18818  ,970.0,974±2 (619),非靶确定,
123-35-3,Terpene,beta-Myrcene,14.794,31253,991.0,991±2 (840),非靶确定,
13466-78-9,Terpene,3-Carene,15.75,26049 ,1007.0,1011±2 (336),非靶确定,
99-86-5 ,Terpene,alpha-Terpinene,16.197,7462 ,1013.0,1017±2 (534),非靶确定,
535-77-3,Benzene derivative,m-Cymene(x),16.609,10812  ,1019.0,1023±6 (53),,同分异构
1461-27-4,Terpene,D-sylvestrene,16.78,102625  ,1022.0,1027±3 (19),非靶确定,
138-86-3,Terpene,Limonene,17.03,22311 ,1026.0,1030±2 (1004),非靶确定,
3338-55-4,Terpene,beta-cis-Ocimene(X),17.958,5320250  ,1039.0,1038±2 (446),,同分异构
3779-61-1 ,Terpene,trans-beta-Ocimene,18.58,5281553  ,1049.0,1049±2 (548),非靶确定,
99-85-4 ,Terpene,gamma-Terpinene(X),18.924,7461  ,1054.0,1060±3 (739),,分低
99-85-4 ,Terpene,gamma-Terpinene,19.051,7461  ,1056.0,1060±3 (739),非靶确定,
586-62-9 ,Terpene,Terpinolene(x),21.004,11463 ,1084.0,1088±2 (607),,同分异构
1195-32-0,Terpene,p-Cymenene,21.18,62385  ,1087.0,1090±2 (106),非靶确定,
19945-61-0,Terpene,"(E)-4,8-Dimethylnona-1,3,7-triene",23.186,6427110 ,1117.0,1116±1 (3),非靶确定,
18368-95-1,Other,"1,3,8-p-Menthatriene",23.471,176983 ,1121.0,1119±N/A (1),非靶确定,
7216-56-0 ,Terpene,"(4E,6Z)-allo-Ocimene",23.986,5371125  ,1128.0,1131±0 (2),非靶确定,
3016-19-1,Terpene,"(4E,6E)-Allocimene",24.829,5368821  ,1140.0,1144±1 (4),非靶确定,解卷积
41519-23-7 ,Other,cis-3-Hexenyl iso-butyrate,25.232,5352539 ,1146.0,1145±0 (3),非靶确定,解卷积
547-60-4 ,Terpene,trans-3-Pinanone,25.815,6427105  ,1155.0,1160±3 (48),非靶确定,
30460-92-5,Terpene,Pinocarvone,25.958,121719  ,1157.0,1164±N/A (1),非靶确定,
15358-88-0,Terpene,"3-Pinanone, cis",26.713,11038  ,1168.0,1173±2 (40),非靶确定,
515-00-4,Terpene,2-Pinen-10-ol,28.474,10582  ,1193.0,1195±2 (203),非靶确定,解卷积
5948-04-9,Terpene,trans-Dihydrocarvone(X),28.969,22227 ,1200.0,1201±2 (50),,分低
80-57-9 ,Terpene,2-Pinen-4-one,29.249,29025  ,1204.0,1205±2 (185),非靶确定,
99-49-0,Terpene,Carvone,31.775,7439  ,1242.0,1242±4 (307),非靶确定,
10032-15-2 ,Other,Hexyl 2-methylbutyrate(X),32.795,24838  ,1246.0,1236±3 (41),,分低，RI相差大
76-49-3,Terpene,Bornyl acetate(X),34.429,93009  ,1281.0,1285±3 (328),,分低
139757-62-3,Terpene,trans-Sabinyl acetate(X),35.405,6430313  ,1294.0,1297±N/A (1),,分低
1079-01-2,Other,Myrtenyl acetate,37.092,11435490  ,1322.0,1327±4 (22),非靶确定,解卷积
618-45-1,Benzene Derivative,m-Cumenol(X),37.637,12059  ,1330.0,1228±1 (5),,分低
17699-14-8,Terpene,alpha-Cubebene(x),38.456,442359  ,1343.0,1351±2 (337),,RI 相差大
14912-44-8,Other,Ylangene,39.736,20055075  ,1363.0,1372±2 (170),非靶确定,
3856-25-5,Terpene,Copaene,40.02,12303902  ,1367.0,1376±2 (698),非靶确定,
16661-00-0,Other,Daucene(X),40.295,177773  ,1371.0,1381±2 (14),,RI 相差大
,Terpene,alpha-Bourbonene,40.531,530816  ,1375.0,1384±8 (3),非靶确定,
16661-00-0,Other,Daucene,40.844,177773  ,1380.0,1381±2 (14),非靶确定,
13744-15-5,Terpene,beta-Cubebene,40.987,93081 ,1382.0,1389±2 (261),非靶确定,
515-13-9,Terpene,beta-Elemen,41.163,6918391  ,1385.0,1391±2 (521),非靶确定,
118-65-0,Terpene,Isocaryophyllene,42.654,5281522  ,1408.0,1406±3 (75),非靶确定,
20479-06-5,Terpene,beta-Ylangene,43.312,25244198  ,1419.0,1421±2 (26),非靶确定,
17699-05-7,Other,alpha-Bergamotene,43.905,86608  ,1429.0,1435±4 (33),非靶确定,
,Terpene,"cis-muurola-3,5-diene(X)",44.391,51351708  ,1437.0,1454±N/A (1),,RI 相差大
6753-98-6,Terpene,Humulene,44.719,5281520 ,1442.0,1454±3 (792),非靶确定,
157477-72-0 ,Terpene,"cis-Muurola-4(15),5-diene(X)",45.333,91747213  ,1452.0,1463±4 (52),,RI 相差大
18794-84-8,Terpene,(E)-beta-Famesene,45.44,5281517  ,1454.0,1457±2 (253),非靶确定,
,Terpene,"cis-muurola-3,5-diene",45.754,51351708  ,1459.0,1454±N/A (1),非靶确定,
22567-17-5,Terpene,gamma-Gurjunene(X),46.078,90805  ,1464.0,1473±2 (85),,RI 相差大
30021-74-0,Terpene,gamma-Muurolene,46.284,6432308  ,1467.0,1477±3 (392),非靶确定,
23986-74-5,Terpene,Germacrene D(X),46.446,5317570  ,1470.0,1481±3 (689),,RI 相差大
23986-74-5,Terpene,Germacrene D,47.039,5317570  ,1470.0,1481±3 (689),非靶确定,
483-75-0,Other,"Naphthalene, 1,2,4a,5,6,8a-hexahydro-4,7-dimethyl-1-(1-methylethyl)-",47.363,101708,1485.0,1485±10 (25),非靶确定,
10208-80-7,Terpene,alpha-Muurolene,47.746,12306047  ,1491.0,1499±3 (427),非靶确定,
523-47-7,Terpene,"Cadina-3,9-diene(X)",48.114,10657 ,1497.0,1518±10 (30),,RI 相差大
39029-41-9,Terpene,gamma-Cadinene,48.462,92313  ,1503.0,1513±2 (485),非靶确定,
523-47-7,Terpene,"Cadina-3,9-diene",49.109,10657  ,1514.0,1518±10 (30),非靶确定,
29837-12-5,Terpene,Cubenene(X),49.536,57357909  ,1522.0,1532±1 (119),,RI 相差大
24406-05-1 ,Terpene,alpha-Cadinene,49.845,12306048 ,1527.0,1538±1 (31),非靶确定,
21391-99-1,Terpene,alpha-Calacorene,50.139,12302243  ,1532.0,1542±3 (219),非靶确定,
,Other,Diepicedrene-1-oxide(x),50.031,534683  ,1535.0,1551±N/A (1),,分低，RI 相差大
1139-30-6,Terpene,Caryophyllene oxide(X),50.635,1742210  ,1540.0,1581±2 (669),,分低，RI 相差大
1139-30-6,Terpene,Caryophyllene oxide(X),50.973,1742210  ,1546.0,1581±2 (669),,分低，RI 相差大
88395-47-5,Other,"1,5-Epoxysalvial-4(14)-ene(X)",51.316,91750031  ,1552.0,1573±4 (7),,分低，RI 相差大
1139-30-6,Terpene,Caryophyllene oxide(X),50.973,1742210  ,1546.0,1581±2 (669),,RI 相差大
62235-06-7 ,Terpene,"(E,E)-4,8,12-Trimethyl-1,3,7,11-tridecatetraene",52.602,6443227  ,1575.0,1577±4 (2),非靶确定,
73809-82-2,Other,Salvial-4(14)-en-1-one(X),52.955,42608172 ,1581.0,1595±4 (39),,RI 相差大
86-73-7,Other,Fluorene(X),53.22,6853,1585.0,1583±10 (44),,分低
19888-34-7,Other,Humulene oxide II,53.779,92476330  ,1595.0,1606±2 (160),非靶确定,
,Other,Isoaromadendrene epoxide(X),53.97,534398 ,1598.0,1589±10 (8),,分低
64180-68-3,Other,Longiverbenone(X),55.486,530428  ,1626.0,1649±5 (16),,RI 相差大
41610-69-9,Other,Ylangenol(x),56.158,179519 ,1638.0,1666±N/A (1),,
19431-79-9,Other,"Caryophylla-4(12),8(13)-dien-5alpha-ol(X)",56.614,,1646.0,1637±4 (25),,分低
41610-68-8,Other,Ylangenal(X),56.8,12303906  ,1650.0,1675±N/A (1),,RI 相差大
28102-79-6,Other,Zizanol(X),57.369,101306903  ,1660.0,1677±N/A (1),,分低，RI 相差大
4300-27-0,Other,"Benzene, 1,3,5-heptatriyn-1-yl-",60.007,77981,1712.0,1725±N/A (1),非靶确定,
502-69-2,Terpene,"2-Pentadecanone, 6,10,14-trimethyl-",64.368,10408  ,1852.0,1844±4 (20),非靶确定,
