CID,CAS,Class,RT,NAME
8063 ,110-62-3,Aldehyde,3.1,Pentanal
18554 ,3208-16-0,Furan,3.154,"Furan, 2-ethyl-"
10977 ,543-59-9,Others,4.199,"Pentane, 1-chloro-"
6184 ,66-25-1,Aldehyde,5.469,Hexanal
5281168 ,505-57-7,Aldehyde,7.24,2-Hexenal
5281168 ,6728-26-3 ,Aldehyde,7.662,"2-Hexenal, (E)-"
5281167 ,928-96-1,Alcohol,7.765,"3-Hexen-1-ol, (Z)-"
5318042,928-95-0,Alcohol,8.275,"2-Hexen-1-ol, (E)-"
8103,111-27-3,Alcohol,8.417,1-Hexanol
7237 ,95-47-6,Benzene Derivative,9.271,o-Xylene
8051 ,110-43-0,Ketone,9.369,2-Heptanone
522514,7392-19-0 ,Others,13.749,"2,2,6-Trimethyl-6-vinyltetrahydropyran"
18827,3391-86-4,Alcohol,14.485,1-Octen-3-ol
9862 ,110-93-0 ,Ketone,14.926,"5-Hepten-2-one, 6-methyl-"
31253,123-35-3,Terpene,15.107,beta-Myrcene
7460 ,99-83-2,Terpene,15.755,alpha-Phellandrene
7462,99-86-5,Terpene,16.545,alpha-Terpinene
102625 ,1461-27-4 ,Others,17.32,(+)-Sylvestrene
2758 ,470-82-6,Others,17.457,Eucalyptol
7720 ,104-76-7 ,Alcohol,17.717,"1-Hexanol, 2-ethyl-"
5320250,3338-55-4 ,Terpene,18.227,beta-cis-Ocimene
998 ,122-78-1,Aldehyde,18.511,Benzeneacetaldehyde
5320249 ,502-99-8,Terpene,18.884,alpha-Ocimene
7461,99-85-4,Terpene,19.409,gamma-Terpinene
5283324 ,2548-87-0,Aldehyde,19.551,"2-Octenal, (E)-"
6428573 ,5989-33-3,Furan,20.395,cis-Linalool oxide
62385,1195-32-0,Benzene Derivative,21.479,p-Cymenene
6549 ,78-70-6,Terpene,22.489,Linalool
5366264,29957-43-5,Others,22.735,Hotrienol
5368451,460-01-5,Others,24.942,Cosmene
61275 ,1786-08-9,Terpene,26.134,Nerol oxide
17100 ,98-55-5 ,Terpene,28.468,alpha-Terpineol
443181,3792-53-8,Terpene,28.846,cis-Dihydrocarvone
22227 ,5948-04-9,Terpene,29.341,trans-Dihydrocarvone
8175,112-31-2 ,Aldehyde,29.724,Decanal
22015 ,5779-94-2,Aldehyde,29.93,"Benzaldehyde, 2,5-dimethyl-"
637566 ,106-24-1,Terpene,33.104,Geraniol
121677 ,30364-38-6 ,Benzene Derivative,38.945,Dehydro-ar-ionene
5366074  ,23726-93-4,Others,41.221,trans-beta-Damascenone
12389 ,629-59-4,Alkane,42.433,Tetradecane
11326 ,575-37-1 ,Others,43.129,"Naphthalene, 1,7-dimethyl-"
1549778 ,3796-70-1,Terpene,45.646,trans-Geranylacetone
 7311 ,96-76-4,Benzene Derivative,49.261,"2,4-Di-tert-butylphenol"
12302243 ,21391-99-1,Benzene Derivative,50.604,alpha-Calacorene
11006 ,544-76-3,Alkane,54.278,Hexadecane
