CID,Class,CAS,Name,RT 
6184,Aldehyde,66-25-1,Hexanal,5.508
5281168,Aldehyde,505-57-7 ,2-Hexenal,7.215
5281168,Aldehyde,6728-26-3,"2-Hexenal, (E)-",7.6
5281167,Alcohol,928-96-1,"3-Hexen-1-ol, (Z)-",7.853
5324489,Alcohol,928-94-9,"2-Hexen-1-ol, (Z)-",8.27
8103,Alcohol,111-27-3,1-Hexanol,8.486
519872,Others,2153-66-4,Santolina triene,10.158
637564,Aldehyde,142-83-6,Sorbaldehyde,10.237
79035,Terpene,508-32-7,Tricyclene,10.658
82227,Terpene,7785-70-8,"alpha-Pinene, (D)-",11.37
6616,Terpene,79-92-5 ,Camphene,12.169
18818,Terpene,3387-41-5,Sabinen,13.896
61346,Ketone,4312-99-6,1-Octen-3-one,14.303
18827,Alcohol,3391-86-4 ,1-Octen-3-ol,14.71
246728,Ketone,106-68-3,3-Octanone,14.911
11527,Alcohol,589-98-0 ,3-Octanol,15.573
7460,Terpene,99-83-2,alpha-Phellandrene,15.691
57349892,Alcohol/Acid,72237-36-6 ,"4-Hexen-1-ol, acetate",16.265
530422,Others,29050-33-7 ,(+)-4-Carene,16.5
8908,Ester,142-92-7,"Acetic acid, hexyl ester",16.706
2733294,Ester,2497-18-9,"2-Hexen-1-ol, acetate, (E)-",16.922
2758,Others,470-82-6,Eucalyptol,17.412
12315281,Terpene,35671-15-9,Santolina alcohol,18.079
5281553,Terpene,3779-61-1,beta-trans-Ocimene,18.83
7461,Terpene,99-85-4,gamma-Terpinene,19.355
20055523,Alcohol,15537-55-0,cis-Sabinenhydrate,19.929
6428573,Alcohol,5989-33-3,cis-Linalool oxide,20.36
89560,Alcohol,21964-44-3,1-Nonen-3-ol,21.179
70759,Benzene derivatives,1124-20-5,"Benzene, 1-methyl-3-(1-methylethenyl)-",21.425
12309890,Ketone,4613-37-0,Filifolone,22.42
6549,Terpene/Alcohol,78-70-6,Linalool,22.582
5366264,Alcohol,29957-43-5,Hotrienol,22.759
442463,Ketone,473-06-3 ,Chrysanthenone,23.882
121719,Terpene/Ketone,30460-92-5,Pinocarvone,26.305
64685,Terpene/Alcohol,507-70-0,Camphol,27.0
61130,Terpene/Ketone,564-94-3,Myrtenal,29.002
518689,Alcohol,13066-51-8,"6-Octen-1-ol, 7-methyl-3-methylene-",30.842
518472,Ester,7492-41-3,Bornyl formate,30.95
326,Terpene/Aldehyde,122-03-2,Cumal,31.783
54488886,Terpene/Ketone,33746-72-4,(E)-Ocimenone,32.019
10281,Ketone,490-91-5 ,Thymoquinone,32.583
79036,Terpene/Ketone,529-01-1,Isopiperitenon,34.074
91710959,Terpene/Ester,54999-63-2,"((1R,3R)-2,2-dimethyl-3-(2-methylprop-1-en-1-yl)cyclopropyl)methyl acetate",35.281
325,Benzene derivatives/Alcohol,536-60-7,Cuminol,35.467
10364,Terpene/Alcohol,499-75-2,Carvacrol,35.982
91747318,Others,138752-24-6,Silphiperfol-5-ene,37.939
74819460,Others,138752-23-5,7-epi-Silphiperfol-5-ene,38.65
85238955,Others,210637-49-3,"Silphiperfola-4,7(14)-diene",39.244
3314,Benzene derivatives/Alcohol,97-53-0,Eugenol,39.675
11030948,Others,65372-78-3,alpha-Isocomene,41.014
6429175,Ester,59550-34-4,Lavandulyl propionate,41.573
5281515,Terpene,87-44-5,Caryophyllene,43.5
6427071,Benzene derivatives,14753-08-3,Thymohydroquinone dimethyl ether,44.094
5317844,Terpene,3691-12-1,alpha-Guaiene,44.555
11830551,Terpene,3853-83-6,alpha-Himachalene,44.972
5281520,Terpene,6753-98-6 ,Humulene,45.428
10899740,Terpene,25246-27-9,Alloaromadendrene,45.87
6932,Benzene derivatives/Alcohol,88-32-4,"Phenol, 3-(1,1-dimethylethyl)-4-methoxy-",48.219
94275,Terpene,3691-11-0 ,delta-Guaiene,48.469
91694932,Ester,51117-21-6,Lavandulyl isovalerate,49.141
10657,Terpene,523-47-7,beta-Cadinene,49.553
110745,Alcohol,5986-49-2,Palustrol,51.893
1742210,Terpene,1139-30-6,Caryophyllene oxide,52.78
6429034,Terpene/Ester,51117-19-2,"Butanoic acid, 2-methyl-, 3,7-dimethyl-2,6-octadienyl ester, (Z)-",52.952
22559443,Terpene,19888-33-6,Humulene epoxide I,53.688
227829,Terpene/Alcohol,489-86-1,Guaiol,53.835
10727766,Terpene/Alcohol,63891-61-2 ,Rosifoliol,54.212
6432005,Terpene/Alcohol,1209-71-8,Selinenol,55.61
91457,Terpene/Alcohol,473-15-4,beta-Eudesmol,56.527
11877394,Terpene/Alcohol,5945-72-2,Neointermedeol,56.797
17697,Aldehyde,2765-11-9,Pentadecanal,60.437
