CID,Class,CAS,RT ,Name
8038  ,Ester,110-19-0,4.748,Isobutyl acetate
23847,Ketone,7379-12-6,5.243,"3-Hexanone, 2-methyl-"
11752 ,Alcohol,600-36-2,6.651,"3-Pentanol, 2,4-dimethyl"
5281167 ,Alcohol,928-96-1 ,7.706,"3-Hexen-1-ol, (Z)-"
7237,Benzene derivatives,95-47-6,8.108,p-Xylene
31276,Ester,123-92-2,9.65,"1-Butanol, 3-methyl-, acetate"
12209,Ester,624-41-9 ,8.809,"1-Butanol, 2-methyl-, acetate"
 7351 ,Ester,97-85-8,10.585,"Propanoic acid, 2-methyl-, 2-methylpropyl ester"
17868,Terpene,2867-05-2,11.08,alpha-Thujene
6654,Terpene,80-56-8,11.399,alpha-Pinene
616,Terpene,79-92-5 ,12.164,Camphene
18818 ,Terpene,3387-41-5 ,13.847,Sabinen
31253 ,Terpene,123-35-3 ,15.092,beta-Myrcene
5352557,Ester,3681-82-1 ,16.294,"3-Hexen-1-ol, acetate, (E)-"
 2758 ,Terpene,470-82-6 ,18.168,Eucalyptol
7461 ,Terpene,99-85-4 ,19.487,gamma-Terpinene
529304 ,Terpene,15249-35-1,20.399,cis-Linaloloxide
11463 ,Terpene,586-62-9 ,21.361,Terpinolene
70759 ,Terpene, 1124-20-5 ,21.498,"Benzene, 1-methyl-3-(1-methylethenyl)-"
6549,Terpene,78-70-6 ,22.425,Linalool
15406 ,Terpene, 1632-73-1 ,23.01,Fenchol
1201530 ,Terpene,547-61-5 ,24.637,L-Pinocarveol
101680 ,Terpene,465-31-6 ,25.236,Camphene hydrate
1201518 ,Terpene,464-45-9 ,26.565,Linderol
11230  ,Terpene,562-74-3 ,27.462,Terpinen-4-ol
17100 ,Terpene, 98-55-5 ,28.62,alpha-Terpineol
5287883 ,Terpene,1197-07-5,30.42,trans-Carveol
529885 ,Terpene,18679-48-6 ,30.611,2-Hydroxycineol
637566,Terpene,624-15-7 ,33.03,"2,6-Octadien-1-ol, 3,7-dimethyl-"
6427491 ,Ester,1686-15-3 ,35.756,trans-Pinocarvyl acetate
3314 ,Benzene derivatives/Alcohol,97-53-0,39.509,Eugenol
15431199 ,Sesquiterpene,95910-36-4 ,40.244,isoledene
12303902 ,Sesquiterpene,3856-25-5 ,40.426,Copaene
 5281522  ,Sesquiterpene,118-65-0 ,42.339,Isocaryophyllene
101596917 ,Sesquiterpene,489-29-2 ,42.545,beta-Maaliene
5281515 ,Sesquiterpene, 87-44-5 ,43.275,Caryophyllene
1095734 ,Sesquiterpene,489-39-4 ,44.296,Aromandendrene
5281520 ,Sesquiterpene,6753-98-6,45.188,Humulene
10899740 ,Sesquiterpene, 25246-27-9 ,45.6,Alloaromadendrene
90805,Sesquiterpene,22567-17-5 ,46.34,gamma-Gurjunene
28237,Sesquiterpene,17066-67-0 ,47.101,beta-Eudesmene
10910653 ,Sesquiterpene,21747-46-6 ,47.724,Leden
10657 ,Sesquiterpene,523-47-7 ,49.514,"Cadina-3,9-diene"
57357909 ,Sesquiterpene,29837-12-5 ,49.941,Cubenene
15800949 ,Sesquiterpene,22595-45-5 ,50.812,Flaveson
11074994 ,Sesquiterpene,577-27-5 ,51.417,Ledol
1742210 ,Sesquiterpene,1139-30-6 ,52.663,Caryophyllene oxide
92476330 ,Sesquiterpene,19888-34-7 ,54.203,Humulene epoxide 2
