CAS,Class,Name,RT,CID,MSDIAL RI,NIST RI,Note,Note.1
556-82-1,Alcohol,Prenol,4.776,11173,,775±4 (45),非靶确定,
513-85-9,Alcohol,"2,3-Butanediol",5.212,262 ,,788±7 (34),非靶确定,
98-01-1,Furan,Furfural(X),6.507,7362  ,,833±4 (184),,同分异构
591-12-8,Furan,"2(3H)-Furanone, 5-methyl-(X)",8.141,11559  ,869.0,873±9 (13),,分低
2867-05-2,Terpene,3-Thujene,10.785,17868,923.0,929±2 (488),非靶确定,
7785-26-4,Terpene,1S-α-Pinene,11.084,440968  ,928.0,937±1 (8),非靶确定,
79-92-5,Terpene,Camphene(X),11.859,6616  ,941.0,952±2 (609),,RI相差大
17065-18-8,Other,Unkown,12.03,557086  ,944.0,,,分低，无NIST RI
100-52-7,Aldehyde,Benzaldehyde,12.742,240,956.0,962±3 (416),非靶确定,
620-02-0,Furan,"2-Furancarboxaldehyde, 5-methyl-",13.129,12097  ,963.0,965±5 (94),非靶确定,
3387-41-5,Terpene,Sabinen,13.517,18818,970.0,974±2 (619),非靶确定,
123-35-3,Terpene,β-Myrcene,14.772,31253  ,991.0,991±2 (840),非靶确定,
99-83-2,Terpene,α-Phellandrene(x),15.371,7460 ,1001.0,1005±2 (509),,分低
99-83-2,Terpene,α-Phellandrene(X),15.42,7460  ,1002.0,1005±2 (509),,分低
54750-69-5,Other,"(2R,5S)-2-Methyl-5-(prop-1-en-2-yl)-2-vinyltetrahydrofuran(X)",15.753,21576892 ,1007.0,1008±1 (4),,分低
99-86-5 ,Terpene,α-Terpinene,16.195,7462  ,1013.0,1017±2 (534),非靶确定,
535-77-3,Benzene Derivative,m-Cymene(X),16.896,10812 ,1024.0,1023±6 (53),,分低
138-86-3,Terpene,Limonene(X),17.181,22311  ,1030.0,1030±2 (1004),,同分异构
104-76-7,Alcohol,"1-Hexanol, 2-ethyl-",17.436,7720  ,1032.0,1030±3 (86),非靶确定,
100-51-6,Alcohol,Benzyl alcohol,17.769,244  ,1037.0,1036±4 (174),非靶确定,
122-78-1,Aldehyde,Benzeneacetaldehyde,18.093,998,1042.0,1045±4 (378),非靶确定,解卷积
3779-61-1,Terpene,trans-β-Ocimene,18.534,5281553,1048.0,1049±2 (548),非靶确定,
99-85-4,Terpene,γ-Terpinene,19.118,7461  ,1057.0,1060±3 (739),非靶确定,
5989-33-3,Other,cis-Linalool oxide,20.055,6428573 ,1071.0,1074±4 (179),非靶确定,
111-87-5,Alcohol,1-Octanol,20.325,957 ,1075.0,1071±3 (226),非靶确定,解卷积
586-62-9,Terpene,Terpinolene(X),20.987,11463,1085.0,1088±2 (607),,同分异构
1195-32-0,Benzene Derivative,"Benzene, 1-methyl-4-(1-methylethenyl)-",21.08,62385 ,1086.0,1090±2 (106),非靶确定,
,Other,Ethyl 2-(5-methyl-5-vinyltetrahydrofuran-2-yl)propan-2-yl carbonate,21.129,91694113,1087.0,1090±N/A (1),非靶确定,
93-58-3,Ester,"Benzoic acid, methyl ester",21.565,7150  ,1093.0,1094±3 (86),非靶确定,
78-70-6,Terpene,Linalool,22.208,6549 ,1103.0,1099±2 (976),,
29957-43-5,Other,"1,5,7-Octatrien-3-ol, 3,7-dimethyl-",23.394,5366264 ,1105.0,1107±1 (18),非靶确定,
21195-59-5,Terpene,"p-Mentha-1,5,8-triene",22.561,527424  ,1108.0,1111±1 (58),非靶确定,
1632-73-1,Terpene,Fenchol,22.718,15406,1110.0,1113±4 (39),非靶确定,
60-12-8,Alcohol,Phenylethyl Alcohol,22.919,6054  ,1113.0,1116±5 (262),非靶确定,
7212-40-0 ,Terpene,"1R,4R-p-Mentha-2,8-dien-1-ol",23.263,111274 ,1118.0,1123±4 (18),非靶确定,
6090-09-1,Other,4-Acetyl-1-methylcyclohexene(x),23.984,93019 ,1129.0,1137±6 (5),,RI相差大
547-61-5,Alcohol,L-Pinocarveol(X),24.288,1201530  ,1133.0,1139±2 (234),,分低
460-01-5,Terpene,Cosmene,24.513,5368451 ,1136.0,1131±1 (4),非靶确定,
89-79-2,Terpene,Isopulegol,24.871,170833,1142.0,1146±3 (32),非靶确定,
55511-67-6,Other,"3-Cyclohexene-1-methanol, α,4-dimethyl-",25.195,564736 ,1146.0,1148±N/A (1),非靶确定,
22460-53-3,Ketone,4-Isopropenylcyclohexanone(X),25.548,549291 ,1151.0,1161±N/A (1),,RI相差大
6931-54-0,Terpene,β-Pinene oxide(X),26.107,93046,1159.0,1156±2 (6),,分低
464-45-9,Terpene,Linderol(X),26.235,1201518  ,1161.0,1166±7 (3),,同分异构
150-78-7,Benzene Derivative,"Benzene, 1,4-dimethoxy-",26.323,9016  ,1163.0,1168±9 (21),非靶确定,
562-74-3 ,Terpene,Terpinen-4-ol,27.272,11230  ,1175.0,1177±2 (764),非靶确定,
122-00-9,Ketone,"Ethanone, 1-(4-methylphenyl)-(X",27.603,8500 ,1181.0,1183±4 (39),,同分异构
1197-01-9,Terpene,p-Cymen-8-ol,27.907,14529,1186.0,1183±2 (237),,分低
98-55-5,Terpene,α-Terpineol(X),28.192,17100  ,1190.0,1189±2 (811),,同分异构
619-01-2,Terpene,p-Menth-8-en-2-ol(X),28.408,12072 ,1193.0,1195±1 (6),,同分异构
3792-53-8,Terpene,cis-Dihydrocarvone,28.472,443181 ,1194.0,1195±N/A (1),非靶确定,
74410-00-7,Terpene,(-)-trans-Isopiperitenol(X),28.751,439410 ,1198.0,1210±N/A (1),,RI相差大
112-31-2,Aldehyde,Decanal,29.305,8175 ,1206.0,1206±2 (406),非靶确定,
33081-35-5,Other,Lilac alcohol B(X),29.649,6428244 ,1211.0,1219±0 (4),,分低
29548-14-9,Terpene,p-Menth-1-en-9-al(X),29.796,520440,1213.0,1229±5 (9),,RI相差大
1197-07-5,Other,trans-Carveol,30.1,5287883 ,1218.0,1217±2 (217),非靶确定,
1197-06-4,Terpene,cis-Carveol(X),30.688,330573  ,1227.0,1229±3 (115),,分低
106-25-2,Terpene,cis-Geraniol(X),30.865,643820 ,1229.0,1228±2 (174),,分低
106-22-9,Terpene,Citronellol,31.007, 8842 ,1231.0,1228±3 (181),非靶确定,
1076-56-8,Benzene Derivative,Methyl thymyl ether,31.174,14104,1234.0,1235±2 (115),非靶确定,
99-49-0,Terpene,Carvone,31.64,7439 ,1241.0,1242±4 (307),非靶确定,
89-81-6 ,Terpene,Piperitone,32.283,6987  ,1250.0,1253±3 (129),,
499-74-1,Other,Carvenone(X),32.498, 10363  ,1254.0,1257±5 (14),,分低
624-15-7 ,Terpene,"2,6-Octadien-1-ol, 3,7-dimethyl-",32.709,637566 ,1257.0,1260±N/A (1),非靶确定,
56666-90-1,Other,Unkown,32.901, 534869 ,1260.0,,,分低，无NIST RI
16400-69-4,Other,"2H-Pyran-2-one, 5,6-dihydro-6-propyl-",33.244,13949543 ,1265.0,1264±4 (2),非靶确定,
14371-10-9,Other,"Cinnamaldehyde, (E)-",33.44,637511  ,1268.0,1270±4 (24),非靶确定,
18479-68-0 ,Other,p-Menth-1-en-9-ol(X),33.739,86753 ,1272.0,1295±3 (4),,RI相差大
112-30-1,Alcohol,1-Decanol,33.916,8174 ,1275.0,1273±2 (69),非靶确定,
51276-33-6,Other,",7-Octadiene-3,6-diol, 2,6-dimethyl-",34.181,548927  ,1279.0,1273±4 (8),非靶确定,
104-46-1,Other,Anethole(X),34.416,637563,1282.0,1286±2 (6),,同分异构
29548-13-8,Other,"p-Mentha-1(7),8(10)-dien-9-ol",34.833,34627 ,1288.0,1287±N/A (1),,
89-83-8,Terpene,Thymol,34.975,6989  ,1290.0,1291±2 (277),非靶确定,
499-75-2,Terpene,Carvacrol,35.358,10364 ,1296.0,1299±2 (278),非靶确定,
2219-78-5,Other,"Phenol, 2-ethyl-4,5-dimethyl-",35.907, 247477 ,1304.0,1305±3 (4),非靶确定,
,Other," 2-Methyl-5-(propan-2-ylidene)cyclohexane-1,4-diol(X)",36.358,91697160,1311.0,1322±N/A (1),,RI相差大
1946-00-5 ,Other,"Limonene-1,2-diol(x)",37.045,288826 ,1322.0,1321±0 (3),,分低
20307-84-0,Other,δ-EIemene,37.688,89316  ,1332.0,1338±2 (220),非靶确定,
491-09-8,Terpene,Piperitenone,37.962,381152  ,1336.0,1340±4 (41),,
57709-95-2,Other,exo-2-Hydroxycineole acetate(X),38.178,100954827  ,1340.0,1344±2 (4),,分低
100-06-1,Benzene Derivative,4-Acetylanisole,38.875,7476 ,1350.0,1348±7 (15),非靶确定,解卷积
97-53-0,Other,Eugenol,39.159,3314 ,1355.0,1357±3 (355),,
141-12-8,Other,Nerol acetate(X),39.826,1549025,1365.0,1364±3 (151),,分低
,Other,Unkown,40.057,,1369.0,,,分低，无NIST RI
1754-62-7,Ester,trans-Methyl cinnamate(x),40.778,637520 ,1380.0,1379±2 (29),,同分异构
105-87-3,Ester,Geranyl acetate(X),41.062,1549026  ,1384.0,1382±3 (206),,同分异构
515-13-9,Terpene,β-Elemen,41.131,6918391 ,1385.0,1391±2 (521),非靶确定,
58319-06-5,Other,Sesquithujene,42.166,53439065  ,1402.0,1402±10 (6),非靶确定,
93-15-2,Other,Methyleugenol,42.362,7127,1405.0,1402±2 (165),非靶确定,
112-54-9,Aldehyde,Dodecanal,42.509,8194 ,1407.0,1409±4 (142),非靶确定,
489-40-7,Other,α-Gurjunene,42.612,16213731,1409.0,1409±2 (196),非靶确定,
29873-99-2,Terpene,γ-Elemene,43.711,12309452  ,1427.0,1434±4 (116),非靶确定,
6753-98-6,Terpene,Humulene(x),44.687,5281520,1442.0,1454±3 (792),,RI相差大
18794-84-8,Terpene,(E)-β-Famesene,45.413,5281517,1454.0,1457±2 (253),非靶确定,
1405-16-9,Terpene,Patchoulene(x),46.153,101731 ,1466.0,1467±17 (3),,有效峰少
30021-74-0,Terpene,γ-Muurolene,46.418,6432308  ,1471.0,1477±3 (392),非靶确定,
17066-67-0,Terpene,β-Eudesmene(X),46.673, 28237  ,1475.0,1486±3 (349),,RI相差大
644-30-4 ,Terpene,α-Curcumene,46.801,92139 ,1477.0,1483±3 (162),,
495-60-3,Terpene,l-Zingiberene,47.581,92776 ,1490.0,1495±2 (93),非靶确定,
10208-80-7,Terpene,α-Muurolene(x),47.713,12306047  ,1492.0,1499±3 (427),,分低
502-61-4,Terpene,α-Farnesene,48.503,5281516  ,1505.0,1508±2 (262),非靶确定,
523-47-7,Terpene,"Cadina-3,9-diene",49.087,10657,1515.0,1518±10 (30),非靶确定,
20307-83-9,Other,β-Sesquiphellandrene,49.199,519764  ,1517.0,1524±2 (114),非靶确定,
6813-21-4,Terpene,"Selina-3,7(11)-diene（x)",49.567,6432648 ,1523.0,1542±3 (45),,RI相差大
56633-28-4,Terpene,(-)-α-Panasinsen,49.567,91748736  ,1529.0,1527±8 (5),非靶确定,
21391-99-1,Other,α-Calacorene(X),50.107, 12302243  ,1532.0,1542±3 (219),,RI相差大
15423-57-1 ,Terpene,Germacrene B(X),50.779,5281519,1544.0,1557±3 (232),,RI相差大
40716-66-3 ,Terpene,(6E)-Nerolidol,51.676,5284507  ,1559.0,1564±2 (277),非靶确定,
6750-60-3,Terpene,Spathulenol(X),52.059,92231 ,1566.0,1576±2 (539),,RI相差大
88728-58-9,Other,Epiglobulo(X),52.971,11858788,1582.0,1585±5 (29),,分低
544-76-3,Alkane,Hexadecane,53.795,11006 ,1595.0,1600,非靶确定,
38142-56-2,Terpene,"6-Methyl-2-(4-methylcyclohex-3-en-1-yl)hepta-1,5-dien-4-ol(x)",55.075,91710334 ,1616.0,1608±4 (3),,分低，RI相差大
5937-11-1,Terpene,α-epi-Cadinol(X),55.688, 160799 ,1630.0,1640±2 (241),,RI相差大
473-15-4,Terpene,β-Eudesmol(X),56.076,91457 ,1637.0,1649±2 (224),,RI相差大
532-65-0,Ketone,aR-Turmerone(X),57.263,160512 ,1659.0,1664±5 (17),,分低
60066-88-8,Terpene,"2,6,11-Dodecatrienal, 2,6-dimethyl-10-methylene-",59.038,5281535,1691.0,1695±5 (17),非靶确定,
629-78-7,Alkane,Heptadecane,59.274,12398  ,1695.0,1700,,
17909-77-2,Terpene,α-Sinensal,61.981,5281534  ,1757.0,1752±4 (22),非靶确定,
593-45-3,Alkane,Octadecane,63.767,11635 ,1799.0,1800,非靶确定,
104-66-5,Benzene Derivative,"Ethane, 1,2-diphenoxy-",63.85, 7713 ,1802.0,1811±N/A (1),非靶确定,
502-69-2,Terpene,"2-Pentadecanone, 6,10,14-trimethyl-",64.36,10408 ,1851.0,1844±4 (20),非靶确定,
629-92-5,Alkane,Nonadecane,64.851,12401,1899.0,1900,非靶确定,
112-39-0,Ester,"Hexadecanoic acid, methyl ester",65.057,8181 ,1930.0,1926±2 (136),非靶确定,
20016-73-3 ,Terpene,m-Camphorene,65.223,5315649  ,1957.0,1960±N/A (1),非靶确定,
628-97-7,Other,"Hexadecanoic acid, ethyl ester",65.478,12366,1996.0,1993±3 (69),非靶确定,
