CID,Class,CAS,RT ,Name
702,Alcohol,64-17-5 ,1.57,Ethanol
6342,Others,75-05-8,1.653,Acetonitrile
8857,Ester,141-78-6,2.193,Ethyl Acetate
263,Alcohol,71-36-3,2.668,1-Butanol
12020,Alcohol,616-25-1,2.874,1-Penten-3-ol
8063,Aldehyde,110-62-3,3.085,Pentanal
69948,Others,815-06-5,3.169,"Acetamide, 2,2,2-trifluoro-N-methyl-"
6276,Alcohol,71-41-0,4.606,1-Pentanol
5364919,Alcohol,1576-95-0,4.699,"2-Penten-1-ol, (Z)-"
8452,Ketone,120-92-3 ,5.199,Cyclopentanone
6184,Aldehyde,66-25-1,5.498,Hexanal
31272,Ester,123-86-4,6.112,"Acetic acid, butyl ester"
5281168,Aldehyde,505-57-7,7.51,2-Hexenal
8103,Alcohol,111-27-3,8.427,1-Hexanol
8141,Alkane,111-84-2,9.727,Nonane
79089,Others,632-15-5,9.83,"Thiophene, 3,4-dimethyl-"
8130,Aldehyde,111-71-7 ,9.898,Heptanal
82227,Terpene,7785-70-8,11.399,1R-alpha-Pinene
17868,Terpene,2867-05-2,11.409,alpha-Thujene
6616,Terpene,79-92-5,12.194,Camphene
240,Benzene derivatives/Aldehyde,100-52-7,13.086,Benzaldehyde
12160,Benzene derivatives,622-96-8,13.116,"Toluene, p-ethyl-(X)"
520384,Terpene,28634-89-1,13.881,beta-Thujene
11903,Benzene derivatives,611-14-3,14.18,o-Ethyltoluene
7407,Benzene derivatives,98-83-9,14.381,alpha-Methylstyrene
18827,Alcohol,3391-86-4,14.514,1-Octen-3-ol
996,Benzene derivatives/Alcohol,108-95-2,14.926,Phenol
31253,Terpene,123-35-3,15.117,beta-Myrcene
454,Aldehyde,124-13-0,15.941,Octanal
7462,Terpene,99-86-5,16.549,alpha-Terpinene
10686,Benzene derivatives,526-73-8,16.829,Hemimellitene
10703,Terpene,527-84-4,17.089,o-Cymene
7720,Alcohol,104-76-7,17.721,2-Ethyl-1-hexanol
998,Aldehyde,122-78-1,18.398,alpha-Tolualdehyde
5320250,Terpene,3338-55-4,18.889,beta-cis-Ocimene
7461,Terpene,99-85-4,19.409,gamma-Terpinene
335,Benzene derivatives/Alcohol,95-48-7,19.64,o-Cresol
7410,Benzene derivatives/Ketone,98-86-2,19.919,Acetophenone
70759,Benzene derivatives,1124-20-5,21.479,"Benzene, 1-methyl-3-(1-methylethenyl)-"
460,Benzene derivatives/Alcohol,90-05-1,21.572,o-Guaiacol
22217,Alcohol,5932-79-6,21.808,4-Nonanol
6549,Alcohol,78-70-6,22.45,Linalool
31289,Aldehyde,124-19-6,22.754,Nonanal
6054,Benzene derivatives/Alcohol,60-12-8,23.254,beta-Phenylethanol
176983,Others,18368-95-1,24.932,"1,3,8-p-Menthatriene"
5368821,Terpene,673-84-7,25.172,Allo-Ocimene
8748,Alcohol,138-87-4,25.319,beta-Terpineol
5364631,Alcohol,10340-23-5,26.202,"3-Nonen-1-ol, (Z)-"
44630408,Alcohol,56805-23-3,26.437,"3,6-Nonadien-1-ol, (E,Z)-"
931,Benzene derivatives,91-20-3,27.492,Naphthalene
443181,Ketone,3792-53-8,29.326,cis-Dihydrocarvone
8175,Aldehyde,112-31-2,29.719,Decanal
22015,Benzene derivatives/Aldehyde,5779-94-2,30.028,Isoxylaldehyde
5287883,Alcohol/Acid,1197-07-5,30.44,trans-Carveol
330573,Alcohol,1197-06-4,31.239,cis-Carveol
10363,Ketone,499-74-1,32.912,Carvenone
8174,Alcohol,112-30-1,34.31,1-Decanol
6427491,Ester,1686-15-3,35.826,trans-Pinocarvyl acetate
7002,Benzene derivatives,90-12-0,35.948,alpha-Methylnaphthalene
94217,Terpene/Alcohol,1946-00-5,38.405,Limonene glycol
3314,Benzene derivatives/Alcohol,97-53-0,39.583,Eugenol
7095,Benzene derivatives,92-52-4,40.504,Biphenyl
5366074,Ketone,23726-93-4,41.216,trans-beta-Damascenone
6643,Benzene derivatives/Alcohol,80-46-6,42.148,Amilfenol
5281515,Terpene,87-44-5,43.109,Caryophyllene
5281520,Terpene,6753-98-6,45.188,Humulene
1549778,Aldehyde,3796-70-1 ,45.64,Geranyl acetone
12867,Ketone,719-22-2,46.194,"2,6-Di-tert-butylquinone"
28237,Terpene,17066-67-0,47.194,(+)-beta-Selinene
21593552,Terpene,5956-09-2,47.372,beta-Dihydroagarofuran
10856614,Terpene,473-13-2,47.744,alpha-Selinene
7311,Benzene derivatives,96-76-4,49.284,"2,4-Di-tert-butylphenol"
11006,Alkane,544-76-3,54.272,Hexadecane
3102,Benzene derivatives/Ketone,119-61-9,55.307,Benzophenone
61361,Benzene derivatives/Ester,6066-49-5,56.93,butylphthalide
12398,Alkane,629-78-7,59.775,Heptadecane
642376,Benzene derivatives/Ester,72917-31-8 ,60.193,Z-Butylidenephthalide
3083857,Ester,4567-33-3,61.389,trans-Sedanolide
5319022,Ester,81944-09-4,61.565,(Z)-Ligustilide
642376,Ester,4567-33-3 ,61.773,trans-Sedanolide
10446,Others,504-96-1,64.41,Neophytadiene
