CAS,Class,Name,RT,CID,MSDIAL RI,NIST RI,Note,Note.1
2867-05-2,Terpene,3-Thujene,11.089,17868  ,928,929±2 (488),非靶确定,
79-92-5,Terpene,Camphene(X),11.869,6616  ,941,952±2 (609),,RI 相差大
100-52-7,Aldehyde,Benzaldehyde,13.119,240 ,964,962±3 (416),非靶确定,
3387-41-5 ,Terpene,Sabinen,13.531,18818,970,974±2 (619),非靶确定,
99-83-2,Terpene,alpha-Phellandrene,15.376,7460  ,1001,1005±2 (509),非靶确定,
527-84-4 ,Terpene,o-Cymene(X),16.73,10703  ,1021,1022±2 (114),,同分异构
1461-27-4,Terpene,D-sylvestrene(X),16.95,102625,1025,1027±3 (19),,同分异构
470-82-6,Other,Eucalyptol,17.083,2758 ,1026,1032±2 (580),非靶确定,
95-13-6,Benzene Derivative,Indene(X),17.961,7219 ,1040,1041±19 (21),,分低
99-85-4,Terpene,gamma-Terpinene(X),19.05,7461 ,1056,1060±3 (739),,分低
78-70-6,Terpene,Linalool,22.076,6549,1101,1099±2 (976),非靶确定,
464-45-9,Terpene,Linderol(X),26.103,1201518,1159,1166±7 (3),,同分异构
562-74-3,Terpene,Terpinen-4-ol,27.084,11230 ,1174,1177±2 (764),非靶确定,
98-55-5,Terpene,alpha-Terpineol(X),28.114,17100,1189,1189±2 (811),,
140-67-0,Benzene Derivative,Estragole,28.698,8815 ,1197,1196±1 (86),非靶确定,
1196-01-6,Terpene,Levoverbenone(X),29.306,92874 ,1206,1204±N/A (1),,同分异构
57194-69-1 ,Aldehyde,(Z)-3-Phenylacrylaldehyde,30.022,6428995,1217,1219±0 (7),,
14371-10-9,Other,"Cinnamaldehyde, (E)-(X)",34.02,637511  ,1277,1270±4 (24),,同分异构
104-54-1,Alcohol,"2-Propen-1-ol, 3-phenyl-(X)",37.262,5315892,1325,1312±6 (15),,RI 相差大
17699-14-8,Terpene,alpha-Cubebene(X),37.688,442359  ,1332,1351±2 (337),,分低，RI 相差大
17699-14-8,Terpene,alpha-Cubebene,38.723,442359  ,1348,1351±2 (337),非靶确定,
3856-25-5,Terpene,Copaene(X),40.656, 12303902  ,1378,1376±2 (698),,同分异构
3650-28-0,Other,(+)-Sativene,41.985,11275742 ,1399,1396±0 (2),非靶确定,
515-13-9,Terpene,beta-Elemen(X),42.122,6918391 ,1401,1391±2 (521),,RI 相差大
475-20-7,Terpene,Longifolene,42.216,289151  ,1402,1405±5 (89),非靶确定,
394217-21-1,Terpene,"Cypera-2,4(15)-diene(X)",42.534,91710045  ,1407,1443±N/A (1),,RI 相差大
489-40-7,Other,alpha-Gurjunene,42.726,16213731 ,1411,1409±2 (196),非靶确定,
87-44-5,Terpene,Caryophyllene,43.314,5281515 ,1420,1419±3 (983),,
18252-44-3,Terpene,beta-Copaene,43.756,87529 ,1427,1432±3 (71),,
489-28-1,Terpene,alpha-Maaliene(X),43.952,102361380 ,1430,1443±N/A (1),,RI 相差大
489-39-4,Terpene,Aromandendrene,44.231,11095734,1435,1440±1 (5),非靶确定,
91-64-5 ,Other,Coumarin,44.29,323,1436,1441±12 (26),非靶确定,
36577-33-0,Terpene,"Guaia-6,9-diene",44.565,14190790 ,1440,1443±8 (2),非靶确定,
3853-83-6,Terpene,alpha-Himachalene,44.727,11830551  ,1443,1449±2 (40),非靶确定,
6753-98-6,Terpene,Humulene,45.178,5281520  ,1450,1454±3 (792),非靶确定,
25246-27-9,Terpene,Alloaromadendrene,45.507,10899740  ,1456,1461±2 (343),非靶确定,
22567-17-5,Terpene,gamma-Gurjunene(X),45.585,90805  ,1457,1473±2 (85),,RI 相差大
22567-17-5,Terpene,gamma-Gurjunene(X),45.987,90805  ,1464,1473±2 (85),,RI 相差大
16729-00-3 ,Other,"Cadina-1(6),4-diene",46.443,71350312  ,1471,1481±N/A (1),非靶确定,
30021-74-0 ,Terpene,gamma-Muurolene,46.836,6432308 ,1477,1477±3 (392),非靶确定,
20085-19-2,Other,alpha-Amorphene(X),46.919,12306046,1479,1482±6 (53),,同分异构
17066-67-0 ,Terpene,beta-Eudesmene,47.14,28237 ,1483,1486±3 (349),非靶确定,
4630-07-3,Terpene,Valencen(X),47.709,9855795,1492,1492±3 (152),,同分异构
10208-80-7,Terpene,alpha-Muurolene,48.204, 12306047  ,1500,1499±3 (427),非靶确定,
523-47-7,Terpene,"Cadina-3,9-diene(X)",48.523,10657  ,1505,1518±10 (30),,RI 相差大
39029-41-9 ,Terpene,gamma-Cadinene,48.896,92313,1512,1513±2 (485),非靶确定,
483-76-1,Terpene,"Cadina-1(10),4-diene(X)",49.671,441005,1525,"1524±2 (751)
",,同分异构
29837-12-5,Other,Cubenene,50.303,57357909 ,1536,1532±1 (119),非靶确定,
24406-05-1,Terpene,alpha-Cadinene,50.544,12306048 ,1540,1538±1 (31),非靶确定,
156747-45-4 ,Other,"Isolongifolene, 4,5,9,10-dehydro-(X)",50.607,588771  ,1541,1544±N/A (1),,fen'di
21391-99-1,Other,alpha-Calacorene,50.74,12302243  ,1543,1542±3 (219),非靶确定,
67999-56-8,Other,Unkown,51.387,107035 ,1554,1544±N/A (1),,分低，RI 相差大
50277-34-4 ,Other,beta-Calacorene,51.608,529621  ,1558,1563±3 (59),非靶确定,
115728-41-1,Other,Unkown,51.819,179519,1562,1574±N/A (1),,分低，RI 相差大
115728-41-1,Other,"Tricyclo[4.4.0.0(2,7)]dec-3-ene-3-methanol, 1-methyl-8-(1-methylethyl)-(X)",52.118,179519,1567,1574±N/A (1),,分低
6750-60-3,Terpene,Spathulenol(X),52.324,92231 ,1571,1576±2 (539),,同分异构
1139-30-6 ,Terpene,Caryophyllene oxide,52.564,1742210  ,1575,1581±2 (669),非靶确定,
489-41-8,Terpene,(-)-Globulol,52.648,12304985 ,1576,1580±N/A (1),,
72203-99-7,Terpene,Axenol,52.849,6429080  ,1580,1586±1 (13),非靶确定,
88728-58-9,Other,Epiglobulol(X),53.447,11858788  ,1590,1585±5 (29),,分低
552-02-3,Terpene,Viridiflorol,53.619,11996452  ,1593,1591±2 (198),非靶确定,
,Other,Calarene epoxide(X),53.786, 111446  ,1596,,,分低，无NIST RI
19888-34-7 ,Other,Humulene epoxide 2,53.992,92476330 ,1599,1606±2 (160),非靶确定,
19912-67-5,Terpene,Epicubenol(X),54.261, 12046149 ,1604,1627±2 (144),,
73365-77-2,Terpene,"Di-epi-1,10-cubenol(X)",54.369,12304220  ,1606,1614±3 (77),,RI 相差大
20129-39-9,Other,alpha-Corocalene,54.845,5316074  ,1615,1623±4 (5),非靶确定,
19912-67-5,Terpene,Epicubenol,55.198,12046149  ,1621,1627±2 (144),非靶确定,
19912-67-5,Terpene,Epicubenol(X),55.326,12046149  ,1623,1627±2 (144),,分低
19912-62-0,Terpene,epi-alpha-Muurolol(x),55.934,3084331 ,1634,1642±2 (206),,同分异构
19435-97-3,Terpene,delta-Cadinol,56.164,3084311,1639,1645±2 (220),非靶确定,
481-34-5,Terpene,alpha-Cadinol,56.562,10398656  ,1646,1653±2 (400),非靶确定,
483-78-3,Terpene,Cadalene,57.582,10225 ,1665,1674±3 (86),非靶确定,
41610-68-8,Terpene,Ylangenal,57.847,12303906 ,1669,1675±N/A (1),非靶确定,
515-69-5,Terpene,alpha-Bisabolol,58.376,1549992 ,1679,1684±3 (158),非靶确定,
1209-91-2,Terpene,Mustakone,59.181,12313013,1694,1687±N/A (1),非靶确定,
828-94-4,Other," 5-Methoxy-2,3-dimethylindole(X)",59.921,164738 ,1709,1706±N/A (1),,分低
,Other,"2,4,6-Trimethylbenzyl alcohol(x)",60.863, 20139  ,1731,,,分低，无NIST RI
20558-21-8,Other,Unkown,61.775,,1752,,,分低，无NIST RI
56797-40-1,Other,"7-Hexadecenal, (Z)-(X)",63.629,5364438  ,1795,1798±N/A (1),,分低
104-66-5 ,Benzene Derivative,"Ethane, 1,2-diphenoxy-",63.845,7713 ,1802,1811±N/A (1),非靶确定,
