CAS,Class,Name,RT,CID,MSDIAL RI,NIST RI,Note,Note.1
64-17-5,Alcohol,Ethanol,1.57,702 ,,427±19 (38),非靶确定,解卷积
67-64-1,ketone,Acetone,1.658,180,,486±16 (51),非靶确定,解卷积
100-42-5,Benzene Derivative,Styrene,9.07,7501 ,891.0,893±5 (91),非靶确定,
2867-05-2,Terpene,3-Thujene(X),11.081,17868  ,928.0,929±2 (488),,同分异构
79-92-5,Terpene,Camphene(X),11.861,6616 ,941.0,952±2 (609),,RI 相差大
100-52-7 ,Aldehyde,Benzaldehyde,12.871,240  ,958.0,962±3 (416),非靶确定,
3387-41-5,Terpene,Sabinen(X),13.523,18818  ,970.0,974±2 (619),,分低
110-93-0,ketone,"5-Hepten-2-one, 6-methyl-",14.755,9862 ,991.0,986±2 (222),非靶确定,
123-35-3 ,Terpene,beta-Myrcene(X),14.774,31253  ,991.0,991±2 (840),,分低
99-83-2,Terpene,alpha-Phellandrene,15.368,7460  ,1001.0,1005±2 (509),非靶确定,解卷积
99-86-5,Terpene,alpha-Terpinene(X),16.182,7462 ,1013.0,1017±2 (534),,分低
99-87-6,Terpene,p-Cymene(X),16.726,7463,1021.0,1025±2 (820),,同分异构
1461-27-4 ,Terpene,D-sylvestrene(X),16.924,102625  ,1024.0,1027±3 (19),,分低
470-82-6,Other,Eucalyptol,17.06,2758  ,1026.0,1032±2 (580),非靶确定,
104-76-7,Alcohol,"1-Hexanol, 2-ethyl-",17.462,7720 ,1032.0,1030±3 (86),非靶确定,解卷积
95-13-6,Other,Indene,17.884,7219  ,1038.0,1041±19 (21),非靶确定,
99-85-4,Terpene,gamma-Terpinene(X),19.032,7461 ,1056.0,1060±3 (739),,分低
98-86-2,ketone,Acetophenone,19.743,7410 ,1062.0,1065±4 (134),非靶确定,
1195-79-5,Terpene,Fenchone(X),20.891,14525,1083.0,1096±N/A (1),,
586-63-0,Terpene,"p-Mentha-2,4(8)-diene(X)",20.979,102443  ,1085.0,1086±3 (46),,分低
1195-32-0,Benzene Derivative,p-Cymenene(X),21.116,62385,1087.0,1090±2 (106),,分低
78-70-6,Terpene,Linalool,22.043,6549,1100.0,1099±2 (976),非靶确定,
124-19-6,Aldehyde,Nonanal(X),22.436,31289 ,1105.0,1104±2 (556),,分低
60-12-8,Alcohol,Phenylethyl Alcohol(X),23.177,6054 ,1117.0,1116±5 (262),,分低
6090-09-1,Other,4-Acetyl-1-methylcyclohexene(X),24.035,93019  ,1129.0,1137±6 (5),,RI 相差大
637-69-4 ,Benzene Derivative,"Benzene, 1-ethenyl-4-methoxy-(X)",24.334,12507 ,1134.0,1156±2 (10),,RI 相差大
464-48-2 ,Terpene,L-camphor(X),24.619,444294  ,1038.0,1142±3 (2),,同分异构
89-79-2,Terpene,Isopulegol,24.859,170833  ,1141.0,1146±3 (32),非靶确定,
464-45-9,Terpene,L-Borneol(X),26.169,1201518  ,1160.0,1166±7 (3),,同分异构
104-53-0,Aldehyde,Benzenepropanal,26.267,7707 ,1162.0,1162±2 (9),非靶确定,
562-74-3,Terpene,Terpinen-4-ol,27.022,11230 ,1173.0,1177±2 (764),非靶确定,
98-55-5,Terpene,alpha-Terpineol(X),28.047,17100 ,1188.0,1189±2 (811),,同分异构
140-67-0 ,Terpene,Estragole,28.601,8815  ,1196.0,1196±1 (86),非靶确定,
57194-69-1,Aldehyde,(Z)-3-Phenylacrylaldehyde,30.024,6428995 ,1217.0,1219±0 (7),非靶确定,
122-97-4,Alcohol,3-Phenylpropanol,30.926,31234,1230.0,1232±7 (22),非靶确定,
122-03-2,Terpene,"Benzaldehyde, 4-(1-methylethyl)-",31.265,326 ,1235.0,1239±3 (122),非靶确定,
99-49-0,Terpene,Carvone(X),31.623,7439  ,1241.0,1242±4 (307),,同分异构
89-81-6,Terpene,Piperitone,32.28,6987  ,1250.0,1253±3 (129),非靶确定,
123-11-5,Aldehyde,"Benzaldehyde, 4-methoxy-",32.722,31244  ,1257.0,1251±3 (44),非靶确定,
3913-81-3,Aldehyde,"2-Decenal, (E)-",33.04,5283345,1262.0,1263±3 (117),非靶确定,
14371-10-9,Other,"Cinnamaldehyde, (E)-(X)",34.115,637511,1276.0,1270±4 (24),,同分异构
104-46-1,Benzene Derivative,Anethole(X),34.747,637563  ,1287.0,1286±2 (6),,同分异构
536-60-7,Alcohol,p-Cymen-7-ol,35.12,325 ,1293.0,1289±2 (57),非靶确定,
104-54-1 ,Alcohol,"2-Propen-1-ol, 3-phenyl-(X)",36.072,5315892 ,1307.0,1312±6 (15),,同分异构
20307-84-0,Other,delta-EIemene,37.72,89316 ,1332.0,1338±2 (220),非靶确定,解卷积
80-26-2 ,Terpene,alpha-Terpinyl acetate,38.652,111037 ,1347.0,1350±3 (156),非靶确定,解卷积
97-53-0,Other,Eugenol,39.23,3314  ,1356.0,1357±3 (355),非靶确定,
22469-52-9,Terpene,Cyclosativene,39.74,16212927  ,1364.0,1368±3 (76),非靶确定,
3856-25-5,Terpene,Copaene(X),40.064,12303902  ,1369.0,1376±2 (698),,同分异构
3650-28-0,Other,(+)-Sativen(X),40.79,11275742 ,1380.0,1396±0 (2),,RI 相差大
515-13-9,Terpene,beta-Elemen,41.153,6918391  ,1386.0,1391±2 (521),非靶确定,
65354-33-8,Other,2-epi-alpha-Funebrene(X),41.433,91753249  ,1390.0,1389±0 (2),,分低
50894-66-1,Other,Di-epi-alpha-cedrene,42.08,6552024  ,1400.0,1400±4 (6),非靶确定,
55732-78-0,Other,"(+)-Acora-3,7(14)-diene",42.507,71441504 ,1407.0,1408±2 (4),非靶确定,
87-44-5,Terpene,Caryophyllene(X),42.639,5281515 ,1409.0,1419±3 (983),,RI 相差大
512-61-8 ,Terpene,alpha-Santalene,42.875,94164  ,1413.0,1420±3 (26),非靶确定,
20071-49-2,Terpene,Unkown,43.066,21775138 ,1416.0,1435±N/A (1),,分低，RI 相差大
18252-44-3,Other,beta-Copaene(X),43.272,49868219 ,1419.0,1432±3 (71),,RI 相差大
17334-55-3,Terpene,beta-Gurjunene(X),43.493,28481  ,1423.0,1432±3 (234),,分低，RI 相差大
17699-05-7,Terpene,alpha-Bergamotene,43.895,86608 ,1430.0,1435±4 (33),非靶确定,
91-64-5,Other,Coumarin(X),44.032,323 ,1432.0,1441±12 (26),,RI 相差大
3853-83-6,Terpene,alpha-Himachalene(X),44.533,11830551 ,1440.0,1449±2 (40),,RI 相差大
6753-98-6,Terpene,Humulene(X),44.699,5281520  ,1443.0,1454±3 (792),,RI 相差大
36577-33-0,Terpene,"Guaia-6,9-diene(X)",44.915,14190790  ,1446.0,1443±8 (2),,分低
25246-27-9,Terpene,Alloaromadendrene(X),45.136,10899740 ,1450.0,1461±2 (343),,RI 相差大
4824-76-4 ,Other,"Carbonic acid, butyl phenyl ester(X)",45.327,564930  ,1453.0,1447±N/A (1),,分低
18794-84-8,Terpene,(E)-beta-Famesene(X),45.406,5281517 ,1454.0,1457±2 (253),,分低
30021-74-0,Other,gamma-Muurolene,46.288,6432308,1469.0,1477±3 (392),非靶确定,
20085-19-2,Other,alpha-Amorphene(X),46.475,12306046,1472.0,1482±6 (53),,RI 相差大
644-30-4,Terpene,alpha-Curcumene,46.818,92139,1477.0,1483±3 (162),非靶确定,
143785-42-6,Other,"10,11-Epoxycalamenene(X)",47.206,91747412,1483.0,1493±2 (4),,RI 相差大
483-75-0,Other,"Naphthalene, 1,2,4a,5,6,8a-hexahydro-4,7-dimethyl-1-(1-methylethyl)-",47.333,101708 ,1486.0,1485±10 (25),非靶确定,
10208-80-7,Terpene,alpha-Muurolene,47.74,12306047 ,1492.0,1499±3 (427),非靶确定,
495-61-4,Terpene,beta-Bisabolene,48.383,10104370 ,1503.0,1509±3 (312),非靶确定,
39029-41-9,Terpene,gamma-Cadinene(X),48.466,92313 ,1504.0,1513±2 (485),,RI 相差大
28976-67-2,Other,beta-Curcumene,48.574,14014430  ,1506.0,1514±3 (40),非靶确定,
90131-02-5,Other,Sesquicineole(X),48.618,341779 ,1507.0,1516±1 (7),,
483-77-2,Terpene,"Cadina-1,3,5-triene(X)",49.035,6429077,1514.0,1523±5 (145),,RI 相差大
523-47-7,Terpene,"Cadina-3,9-diene",49.133,10657,1516.0,1518±10 (30),非靶确定,
29837-12-5,Other,Cubenene(X),49.526,57357909  ,1522.0,1532±1 (119),,同分异构
1504-74-1,Aldehyde,"2-Propenal, 3-(2-methoxyphenyl)-(X)",49.741,641298 ,1526.0,1505±N/A (1),,RI 相差大
21391-99-1,Other,alpha-Calacorene(X),50.139,12302243  ,1533.0,1542±3 (219),,RI 相差大
25532-79-0,Terpene,trans-alpha-Bisabolene(X),50.389, 5315468,1537.0,1512±8 (18),,RI 相差大
50277-34-4,Other,beta-Calacorene(X),51.301, 529621  ,1553.0,1563±3 (59),,RI 相差大
5986-49-2,Other,Palustrol(X),51.556,110745  ,1557.0,1568±2 (9),,分低，RI 相差大
40716-66-3,Terpene,E-Nerolidol(X),51.693,5284507 ,1560.0,1564±2 (277),,分低
6750-60-3,Terpene,Spathulenol(X),52.066,92231,1566.0,1576±2 (539),,同分异构
1139-30-6,Terpene,Caryophyllene oxide(X),52.277,1742210  ,1570.0,1581±2 (669),,分低
72203-99-7,Terpene,Axenol(X),52.635,6429080,1576.0,1586±1 (13),,RI 相差大
,Other,Isoaromadendrene epoxide(X),53.577,534398  ,1592.0,1589±10 (8),,分低
544-76-3,Alkane,Hexadecane(X),53.798,11006 ,1596.0,1600,,分低
73365-77-2,Other,"Di-epi-1,10-cubenol(X)",54.219,12304220 ,1603.0,1614±3 (77),,分低，RI 相差大
124-25-4 ,Aldehyde,Tetradecanal,54.484,31291,1608.0,1613±2 (111),非靶确定,
20129-39-9,Other,alpha-Corocalene(X),54.715,5316074  ,1612.0,1623±4 (5),,RI 相差大
23811-08-7,Terpene,Hinesol(X),54.813,10878761,1614.0,1635±4 (11),,RI 相差大
73365-77-2,Other,"Di-epi-1,10-cubenol",54.955,12304220 ,1617.0,1614±3 (77),非靶确定,
,Other,Unkown,55.504,,1627.0,,,分低，无NIST RI
5937-11-1,Terpene,alpha-epi-Cadinol(X),55.691,160799 ,1630.0,1640±2 (241),,RI 相差大
19912-62-0,Terpene,alpha-epi-Muurolol(X),55.76,3084331 ,1631.0,1642±2 (206),,RI 相差大
19435-97-3,Alcohol,delta-Cadinol(X),56.015,3084311,1636.0,1645±2 (220),,RI 相差大
19912-62-0,Terpene,alpha-epi-Muurolol,56.431,3084331 ,1644.0,1642±2 (206),非靶确定,
15352-77-9,Other,beta-Bisabolol(X),57.412,27208  ,1661.0,1671±2 (57),,RI 相差大
483-78-3,Terpene,Cadalene(X),57.496,10225  ,1663.0,1674±3 (86),,RI 相差大
41610-68-8,Other,Ylangenal(X),57.692,12303906  ,1667.0,1675±N/A (1),,分低
515-69-5,Terpene,alpha-Bisabolol,58.3,1549992 ,1678.0,1684±3 (158),非靶确定,
629-78-7,Alkane,Heptadecane,59.281,12398,1696.0,1700,非靶确定,解卷积
,Other,"5,5,7,7-Tetraethylundecane(X)",59.732,11715965,1705.0,1733±N/A (1),,分低，RI 相差大
56797-40-1,Aldehyde,"7-Hexadecenal, (Z)-",63.637,5364438  ,1796.0,1798±N/A (1),非靶确定,解卷积
593-45-3,Alkane,Octadecane,63.769,11635 ,1799.0,1800,非靶确定,解卷积
18787-63-8 ,ketone,2-Hexadecanone(X),63.799,29251 ,1799.0,1804±4 (9),,分低
104-66-5 ,Benzene Derivative,"Ethane, 1,2-diphenoxy-",63.916,7713 ,1809.0,1811±N/A (1),非靶确定,
629-80-1,Aldehyde,Hexadecanal,64.024,984 ,1819.0,1817±6 (61),非靶确定,解卷积
1560-88-9,Other,"Octadecane, 2-methyl-(X)",64.367,15264,1852.0,1863±3 (5),,分低，RI 相差大
629-92-5,Other,Nonadecane,64.854,12401 ,1898.0,1900,非靶确定,解卷积
56862-62-5,Other,10-Methylnonadecane(X),65.02,530070 ,1924.0,1934±N/A (1),,分低，RI 相差大
112-39-0 ,Ester,"Hexadecanoic acid, methyl ester",65.064,8181  ,1931.0,1926±2 (136),非靶确定,解卷积
