CAS,Class,Name,RT,CID,MSDIAL RI,NIST RI,Note,Note.1
64-17-5,Alcohol,Ethanol,1.57,702 ,,427±19 (38),非靶确定,
75-05-8,Other,Acetonitrile,1.663,6342 ,,444±6 (15),非靶确定,解卷积
591-93-5,Other,"1,4-Pentadiene",1.683,11587,,464±1 (11),非靶确定,
124-63-0,Other,Methanesulfonyl chloride(X),1.801,31297  ,,828±N/A (1),,"分低,RI相差大"
115-18-4,Alcohol,"3-Buten-2-ol, 2-methyl-",2.124,8257 ,,614±6 (9),非靶确定,解卷积
64-19-7,Acid,Acetic acid,2.159,176,,610±10 (91),非靶确定,
590-86-3,Aldehyde,"Butanal, 3-methyl-",2.497,11552 ,,652±5 (213),非靶确定,解卷积
96-17-3,Aldehyde,"Butanal, 2-methyl-",2.6,7284  ,,662±8 (146),非靶确定,解卷积
815-06-5,Other,Unkown,3.11,69948  ,,,,分低，无NIST RI
96-54-8,Other,"1H-Pyrrole, 1-methyl-",3.831,7304 ,,743±6 (26),非靶确定,解卷积
109-97-7,Other,Pyrrole(X),4.233, 8027 ,,755±5 (31),,分低
556-82-1,Alcohol,Prenol(X),4.704,11173  ,,775±4 (45),,同分异构
3188-00-9,Furan,"3(2H)-Furanone, dihydro-2-methyl-(X)",5.607,18522 ,,809±3 (22),,分低
98-01-1,Furan,Furfural,6.75, 7362  ,,833±4 (184),非靶确定,解卷积
591-12-8,Furan,"2(3H)-Furanone, 5-methyl-(X)",8.182,11559  ,870.0,873±9 (13),,分低
53098-47-8,Other,"Cyclopentene,1-(2-methylpropyl)-(X)",8.78, 143006,884.0,889±3 (6),,分低
1192-62-7,Furan,"Ethanone, 1-(2-furanyl)-",10.144,14505 ,912.0,911±4 (63),非靶确定,
2867-05-2,Terpene,3-Thujene(X),10.777,17868  ,923.0,929±2 (488),,RI 相差大
2867-05-2,Terpene,3-Thujene,11.061,17868  ,923.0,929±2 (488),非靶确定,
100-52-7,Aldehyde,Benzaldehyde,12.798,240,957.0,962±3 (416),非靶确定,
620-02-0,Furan,"2-Furancarboxaldehyde, 5-methyl-",13.21,12097,964.0,965±5 (94),非靶确定,
3387-41-5,Terpene,Sabinen,13.425,18818  ,968.0,974±2 (619),非靶确定,
111-70-6,Alcohol,1-Heptanol,13.656,8129 ,972.0,970±2 (68),非靶确定,解卷积
110-93-0 ,Aldehyde,"5-Hepten-2-one, 6-methyl-(X",14.612,9862 ,988.0,986±2 (222),,分低
123-35-3 ,Terpene,beta-Myrcene,14.73,31253  ,990.0,991±2 (840),非靶确定,解卷积
76089-59-3 ,Other,Unkown,15.387,144751  ,1001.0,,,分低，无NIST RI
124-13-0,Aldehyde,Octanal,15.515,454  ,1003.0,1003±2 (364),非靶确定,
1192-58-1 ,Aldehyde,"1H-Pyrrole-2-carboxaldehyde, 1-methyl-(X)",15.63,14504 ,1005.0,1016±6 (8),,RI 相差大
99-86-5,Terpene,alpha-Terpinen,16.148,7462  ,1013.0,1017±2 (534),非靶确定,
527-84-4,Terpene,o-Cymene(X),16.692,10703,1019.0,1022±2 (114),,同分异构
1461-27-4,Terpene,D-sylvestrene(X),17.001,102625,1025.0,1027±3 (19),,同分异构
104-76-7 ,Alcohol,"1-Hexanol, 2-ethyl-",17.408,7720,1031.0,1030±3 (86),非靶确定,
3338-55-4,Terpene,beta-cis-Ocimene(X),17.835,5320250,1038.0,1038±2 (446),,分低
122-78-1,Aldehyde,Benzeneacetaldehyde,18.065,998 ,1041.0,1045±4 (378),非靶确定,
3779-61-1,Terpene,trans-beta-Ocimene(X),18.482,5281553  ,1047.0,1049±2 (548),,同分异构
99-85-4,Terpene,gamma-Terpinene,18.993,7461 ,1055.0,1060±3 (739),非靶确定,
98-86-2,Ketone,Acetophenone,19.62,7410  ,1064.0,1065±4 (134),非靶确定,
5989-33-3,Furan,cis-Linalool oxide,20.013,6428573,1070.0,1074±4 (179),非靶确定,
1072-83-9,Ketone,"Ethanone, 1-(1H-pyrrol-2-yl)-(X)",20.268,14079,1074.0,1064±5 (36),,RI 相差大
111-87-5,Alcohol,1-Octanol,20.297,957  ,1074.0,1071±3 (226),非靶确定,解卷积
586-62-9,Terpene,Terpinolene(X),20.954,11463 ,1084.0,1088±2 (607),,同分异构
1195-32-0,Terpene,p-Cymenene,21.053,62385  ,1086.0,1090±2 (106),非靶确定,
93-58-3,Benzene Derivative,"Benzoic acid, methyl ester",21.523,7150 ,1093.0,1094±3 (86),非靶确定,
78-70-6,Terpene,Linalool,22.215,6549,1103.0,1099±2 (976),非靶确定,
29957-43-5,Other,Hotrienol,22.395,5366264,1105.0,1107±1 (18),非靶确定,
21195-59-5,Other,"p-Mentha-1,5,8-triene",22.544,527424  ,1108.0,1111±1 (58),非靶确定,
60-12-8,Alcohol,Phenylethyl Alcohol,22.961, 6054 ,1114.0,1116±5 (262),非靶确定,解卷积
7212-40-0,Terpene,"1R,4R-p-Mentha-2,8-dien-1-ol(X)",23.265,111274 ,1118.0,1123±4 (18),,同分异构
6090-09-1,Other,4-Acetyl-1-methylcyclohexene(X),23.966,93019 ,1128.0,1137±6 (5),,"分低,RI相差大"
460-01-5 ,Terpene,Cosmene,24.074,5368451  ,1130.0,1131±1 (4),非靶确定,
1197-06-4 ,Terpene,cis-Carveol(X),24.27,330573  ,1133.0,1229±3 (115),,分低
140-29-4,Benzene Derivative,Benzyl nitrile,24.658,8794 ,1138.0,1144±5 (33),非靶确定,
89-79-2,Terpene,Isopulegol,24.864,170833  ,1141.0,1146±3 (32),非靶确定,
43219-68-7,Ketone,"1,4-Dimethyl-delta-3-tetrahydroacetophenone(X)",25.182,65289 ,1146.0,1149±4 (2),,分低
464-45-9 ,Terpene,L-Borneol(X),26.222,1201518,1161.0,1166±7 (3),,同分异构
,Other,Unkown,26.845,,1168.0,,,分低，无NIST RI
562-74-3,Terpene,Terpinen-4-ol,27.086,11230 ,1173.0,1177±2 (764),非靶确定,
143-08-8,Alcohol,1-Nonanol,27.208, 8914  ,1175.0,1173±2 (61),非靶确定,
122-00-9 ,Ketone,"Ethanone, 1-(4-methylphenyl)-(X)",27.576,8500 ,1181.0,1183±4 (39),,同分异构
1197-01-9,Terpene,p-Cymen-8-ol(X),27.865,14529  ,1185.0,1183±2 (237),,同分异构
98-55-5,Terpene,alpha-Terpineol(X),28.15,17100 ,1189.0,1189±2 (811),,同分异构
3792-53-8,Terpene,cis-Dihydrocarvone,28.449,443181  ,1194.0,1195±N/A (1),非靶确定,
140-67-0,Benzene Derivative,Estragole,28.596,8815 ,1196.0,1196±1 (86),非靶确定,
74410-00-7,Terpene,(-)-trans-Isopiperitenol(X,28.743,439410 ,1199.0,1210±N/A (1),,RI 相差大
1125-88-8,Benzene Derivative,Benzaldehyde dimethyl acetal(X),28.881,62375  ,1200.0,1200±N/A (1),,分低
128-50-7 ,Other,Nopol(X),29.067,31408,1202.0,1202±11 (2),,分低
112-31-2,Aldehyde,Decanal,29.288, 8175 ,1206.0,1206±2 (406),非靶确定,
29548-14-9,Terpene,p-Menth-1-en-9-al(X),29.626,520440  ,1211.0,1229±5 (9),,RI 相差大
29548-14-9,Terpene,p-Menth-1-en-9-al(X),29.778,520440  ,1213.0,1229±5 (9),,RI 相差大
1197-07-5,Terpene,trans-Carveol,30.112,5287883 ,1218.0,1217±2 (217),非靶确定,
50764-55-1,Terpene,trans-Chrysanthenyl acetate(X),30.337,71366452  ,1221.0,1239±1 (3),,"分低,RI相差大"
1197-06-4,Terpene,cis-Carveol(X),30.642,330573  ,1226.0,1229±3 (115),,分低
1197-06-4,Terpene,cis-Carveol,30.872,330573  ,1229.0,1229±3 (115),非靶确定,
106-22-9,Terpene,Citronellol,30.975,8842,1231.0,1228±3 (181),非靶确定,
122-03-2,Terpene,"Benzaldehyde, 4-(1-methylethyl)-",31.269,326 ,1235.0,1239±3 (122),非靶确定,
99-49-0,Terpene,Carvone(X),31.618, 7439  ,1240.0,1242±4 (307),,同分异构
499-71-8,Terpene,(+)-Carvotanacetone,31.829,6432475  ,1244.0,1246±2 (13),非靶确定,
50764-55-1,Terpene,trans-Chrysanthenyl acetate(X),32.167,71366452 ,1249.0,1239±1 (3),,"分低,RI相差大"
89-81-6,Terpene,Piperitone,32.285,6987  ,1250.0,1253±3 (129),非靶确定,解卷积
123-11-5,Aldehyde,"Benzaldehyde, 4-methoxy-",32.471, 31244 ,1252.0,1251±3 (44),非靶确定,
106-24-1 ,Terpene,Geraniol(X),32.697,637566,1256.0,1255±3 (343),,同分异构
14371-10-9,Terpene,"Cinnamaldehyde, (E)-(X)",33.481,637511  ,1268.0,1270±4 (24),,分低
2111-75-3,Terpene,Perillal(X),33.521,16441 ,1269.0,1272±4 (61),,分低
112-30-1,Alcohol,1-Decanol,33.893,8174 ,1272.0,1273±2 (69),非靶确定,
1197-15-5,Terpene,alpha-Terpinen-7-al,34.173,526762  ,1278.0,1283±2 (21),非靶确定,
104-46-1,Benzene Derivative,Anethole(X),34.418,637563  ,1282.0,1286±2 (6),,同分异构
536-59-4,Terpene,Perilla alcohol,34.806, 10819 ,1288.0,1296±3 (40),非靶确定,
536-60-7,Terpene,p-Cymen-7-ol,34.968,325 ,1290.0,1289±2 (57),非靶确定,
499-75-2,Terpene,Carvacrol(X),35.34,10364 ,1296.0,1299±2 (278),,分低
499-75-2,Terpene,Carvacrol,35.502,10364 ,1298.0,1299±2 (278),非靶确定,
2219-78-5,Benzene Derivative,"Phenol, 2-ethyl-4,5-dimethyl-",35.875,247477  ,1304.0,1305±3 (4),非靶确定,
7786-61-0,Benzene Derivative,2-Methoxy-4-vinylphenol,36.326,332,1311.0,1317±5 (118),非靶确定,
40648-26-8,Other,Unkown,36.925,38566 ,1320.0,,,分低，无NIST RI
1946-00-5,Terpene,Limonene glycol(X),37.258,94217 ,1325.0,1321±0 (3),,分低
22539-72-6,Terpene,"p-Mentha-1,4-dien-7-ol(X)",37.396,519966  ,1327.0,1330±4 (5),,分低
491-09-8 ,Terpene,Piperitenone,37.965, 381152  ,1336.0,1340±4 (41),非靶确定,
57709-95-2,Other,exo-2-Hydroxycineole acetate(X),38.082,100954827,1338.0,1344±2 (4),,分低
514-95-4 ,Other,"1,5,5-Trimethyl-6-methylene-cyclohexene(X)",38.607,578237 ,1346.0,1338±N/A (1),,"分低,RI相差大"
97-53-0,Other,Eugenol,39.156,3314  ,1355.0,1357±3 (355),非靶确定,
14912-44-8,Terpene,Ylangene(X),39.995,20055075 ,1368.0,1372±2 (170),,同分异构
112-42-5,Alcohol,1-Undecanol,40.412, 8184  ,1374.0,1371±3 (44),非靶确定,
105-87-3,Terpene,Geranyl acetate,41.059,1549026 ,1384.0,1382±3 (206),非靶确定,
159407-35-9 ,Terpene,7-epi-Sesquithujene(X),42.158,3439065 ,1401.0,1391±2 (3),,RI 相差大
93-15-2,Other,Methyleugenol,42.369, 7127,1405.0,1402±2 (165),非靶确定,
112-54-9,Alcohol,Dodecanal,42.487,8194 ,1407.0,1409±4 (142),非靶确定,
87-44-5,Terpene,Caryophyllene(X),42.6,5281515 ,1408.0,1419±3 (983),,RI 相差大
512-61-8,Terpene,alpha-Santalene(X),43.276,94164 ,1419.0,1420±3 (26),,分低
1929-82-4,Other,Nitrapyrin(X),44.625,16004 ,1441.0,1464±N/A (1),,RI 相差大
28973-97-9,Terpene,cis-beta-Farnesene(X),45.204,5317319 ,1451.0,1444±3 (91),,RI 相差大
18794-84-8,Terpene,(E)-beta-Famesene,45.42,5281517,1454.0,1457±2 (253),非靶确定,
103-36-6,Other,Ethyl cinnamate,45.915,637758  ,1462.0,1464±5 (32),非靶确定,
729602-94-2,Other,4-epi-alpha-Acoradiene(X),46.582,13743810  ,1473.0,1475±N/A (1),,同分异构
644-30-4,Terpene,alpha-Curcumene,46.798,92139  ,1477.0,1483±3 (162),非靶确定,
483-75-0,Other,"Naphthalene, 1,2,4a,5,6,8a-hexahydro-4,7-dimethyl-1-(1-methylethyl)-",47.328,101708  ,1486.0,1485±10 (25),非靶确定,
495-60-3,Terpene,l-Zingiberene,47.578,92776 ,1490.0,1495±2 (93),非靶确定,
483-75-0,Other,"Naphthalene, 1,2,4a,5,6,8a-hexahydro-4,7-dimethyl-1-(1-methylethyl)-(X)",47.328,101708  ,1492.0,1485±10 (25),,RI 相差大
629-62-9,Alkane,Pentadecane,48.034,12391 ,1497.0,1500,非靶确定,
29837-07-8,Terpene,cis-alpha-Bisabolene,48.343,5352653  ,1502.0,1504±4 (32),非靶确定,
502-61-4,Terpene,alpha-Farnesene,48.5,5281516  ,1505.0,1508±2 (262),非靶确定,
5875-45-6,Benzene Derivative,"Phenol, 2,5-di-tert-butyl-",48.888,79983  ,1511.0,1514±N/A (1),非靶确定,
20307-83-9,Terpene,beta-Sesquiphellandrene,49.197,519764 ,1517.0,1524±2 (114),非靶确定,
156747-45-4,Other,"Isolongifolene, 4,5,9,10-dehydro-(X)",50.109,588771 ,1532.0,1544±N/A (1),,RI 相差大
58319-05-4 ,Terpene,cis-Sesquisabinene hydrate,50.977,6428435 ,1548.0,1543±3 (17),非靶确定,
40716-66-3,Terpene,E-Nerolidol,51.674,5284507  ,1559.0,1564±2 (277),非靶确定,
6750-60-3,Terpene,Espatulenol(X),52.051,92231  ,1566.0,1576±2 (539),,RI 相差大
1139-30-6,Terpene,Caryophyllene oxide(X),52.272,1742210 ,1570.0,1581±2 (669),,"分低,RI相差大"
544-76-3,Alkane,Hexadecane(X),53.792,11006  ,1596.0,1600,,分低
484-31-1,Benzene Derivative,Dill apiol(X),54.989,10231 ,1617.0,1622±4 (36),,分低
88395-46-4,Terpene,Isospathulenol(X),55.529,102303030  ,1627.0,1638±5 (32),,"分低,RI相差大"
532-65-0,Ketone,aR-Turmerone,57.241,160512 ,1658.0,1664±5 (17),非靶确定,
60066-88-8 ,Terpene,Unkown,58.408,5281535,1680.0,1695±5 (17),,"分低,RI相差大"
60066-88-8 ,Terpene,"2,6-Dimethyl-10-methylene-2,6,11-dodecatrienal",59.075,5281535,1692.0,1695±5 (17),非靶确定,
629-78-7,Alkane,Heptadecane(X),59.742,12398,1705.0,1700,,分低
17909-77-2 ,Terpene,alpha-Sinensal,61.988,5281534  ,1757.0,1752±4 (22),非靶确定,
54244-81-4,Other,Unkown,62.479,,1769.0,,,分低，无NIST RI
593-45-3,Alkane,Octadecane,63.769,11635 ,1799.0,1800,非靶确定,解卷积
104-66-5 ,Benzene Derivative,"Ethane, 1,2-diphenoxy-(X)",63.803,7713  ,1800.0,1811±N/A (1),,RI 相差大
16778-27-1,Furan,Unkown,64.524,536454 ,1867.0,,,分低，无NIST RI
80367-94-8,Terpene,Bohlmann k2631(X),64.818,327378 ,1896.0,1916±N/A (1),,RI 相差大
112-39-0,Ester,"Hexadecanoic acid, methyl ester",65.059,8181,1931.0,1926±2 (136),非靶确定,
20016-73-3,Terpene,m-Camphorene,65.226,5315649 ,1957.0,1960±N/A (1),非靶确定,
