CAS,Class,Name,RT,CID,MSDIAL RI,NIST RI,Note,Note.1
503-60-6 ,Other,"2-Butene, 1-chloro-3-methyl-",4.531,10429,,725±1 (2),非靶确定,
556-82-1 ,Alcohol,Prenol,4.678,11173,,775±4 (45),非靶确定,
2867-05-2,Terpene,3-Thujene,11.089,17868 ,928.0,929±2 (488),非靶确定,
3387-41-5 ,Terpene,Sabinen,13.458,18818,969.0,974±2 (619),非靶确定,
123-35-3,Terpene,beta-Myrcene,14.777,31253 ,991.0,991±2 (840),非靶确定,
527-84-4 ,Terpene,o-Cymene(x),15.43,10703 ,1002.0,1022±2 (114),,RI 相差大
124-13-0,Aldehyde,Octanal,15.567,454,1004.0,1003±2 (364),非靶确定,
13466-78-9,Terpene,3-Carene,15.719,26049 ,1006.0,1011±2 (336),非靶确定,
99-86-5,Terpene,alpha-Terpinene,16.214,7462  ,1014.0,1017±2 (534),非靶确定,
527-84-4 ,Terpene,o-Cymene(x),16.675,10703 ,1020.0,1022±2 (114),,分低
138-86-3,Terpene,Limonene(x),17.333,22311 ,1030.0,1030±2 (1004),,同分异构
3338-55-4,Terpene,beta-cis-Ocimene,17.912,5320250,1039.0,1038±2 (446),非靶确定,
3779-61-1,Terpene,trans-beta-Ocimene,18.539,5281553  ,1048.0,1049±2 (548),非靶确定,
99-85-4,Terpene,gamma-Terpinene,19.045,7461 ,1056.0,1060±3 (739),非靶确定,
586-67-4,Other,"p-Mentha-3,8-diene(X)",19.78,521851 ,1067.0,1075±4 (8),,分低
5989-33-3,Furan,cis-Linalool oxide,20.03,6428573,1070.0,1074±4 (179),非靶确定,
111-87-5,Alcohol,1-Octanol,20.266,957  ,1074.0,1071±3 (226),非靶确定,
586-62-9,Terpene,Terpinolene(X),20.987,11463 ,1085.0,1088±2 (607),,同分异构
1195-32-0,Terpene,p-Cymenene,21.09,62385  ,1086.0,1090±2 (106),非靶确定,
78-70-6,Terpene,Linalool,22.154,6549,1102.0,1099±2 (976),非靶确定,
124-19-6,Aldehyde,Nonanal,22.375,31289  ,1105.0,1104±2 (556),非靶确定,
21195-59-5,Other,"p-Mentha-1,5,8-triene",22.561,527424  ,1108.0,1111±1 (58),非靶确定,
,Other,"trans-p-Mentha-2,8-dienol",23.243,91753981  ,1118.0,1116±9 (4),非靶确定,
6090-09-1,Other,4-Acetyl-1-methylcyclohexene(x),23.994, 93019  ,1129.0,1137±6 (5),,RI 相差大
7212-40-0,Terpene,"1R,4R-p-Mentha-2,8-dien-1-ol(X)",24.259,111274 ,1133.0,1123±4 (18),,RI 相差大
460-01-5 ,Terpene,Cosmene,24.514,5368451  ,1136.0,1131±1 (4),非靶确定,
89-79-2,Terpene,Isopulegol,24.852,170833  ,1141.0,1146±3 (32),非靶确定,
28564-83-2,Other,Pyranone,25.073,119838 ,1144.0,1151±11 (13),非靶确定,
50373-36-9 ,Terpene,dl-Isopulegol(x),25.529,170833  ,1151.0,1163±4 (2),,RI 相差大
106-23-0,Terpene,Citronellal(X),25.681,7794 ,1153.0,1153±2 (103),,同分异构
1686-20-0,Other,"p-Mentha-1,5-dien-8-ol(X)",26.485,519323  ,1165.0,1167±3 (83),,分低
562-74-3,Terpene,Terpinen-4-ol,27.059,11230 ,1173.0,1177±2 (764),非靶确定,
123-07-9 ,Benzene Derivative,"Phenol, 4-ethyl-(X)",27.29,31242 ,1177.0,1169±3 (36),,RI 相差大
,Other,"3,9-Epoxy-p-mentha-1,8(10)-diene(x)",27.795,584863,1184.0,1199±N/A (1),,RI 相差大
98-55-5,Terpene,alpha-Terpineol(X),28.07,17100 ,1188.0,1189±2 (811),,同分异构
78592-89-9,Other,Unkown,28.388,538100  ,1192.0,,,分低，无NIST RI
140-67-0 ,Terpene,Estragole,28.609,8815  ,1196.0,1196±1 (86),非靶确定,
74410-00-7,Terpene,(-)-trans-Isopiperitenol(x),28.722,439410  ,1197.0,1210±N/A (1),,RI 相差大
5948-04-9,Terpene,trans-Dihydrocarvone(x),28.903,22227 ,1200.0,1201±2 (50),,分低
112-31-2,Aldehyde,Decanal,29.335,8175  ,1206.0,1206±2 (406),非靶确定,
29548-14-9,Terpene,p-Menth-1-en-9-al(x),29.644,520440  ,1211.0,1229±5 (9),,
20548-00-9,Ketone,4-Methyleneisophorone(x),29.831,641351  ,1214.0,1242±18 (3),,RI 相差大
1197-07-5,Terpene,trans-Carveol,30.071,5287883 ,1217.0,1217±2 (217),非靶确定,
106-25-2,Terpene,cis-Geraniol,30.836,643820  ,1229.0,1228±2 (174),非靶确定,
106-22-9,Terpene,Citronellol,31.003,8842  ,1231.0,1228±3 (181),非靶确定,
122-03-2,Terpene,"Benzaldehyde, 4-(1-methylethyl)-",31.263,326  ,1235.0,1239±3 (122),非靶确定,
106-26-3,Terpene,Neral(X),31.606,643779 ,1240.0,1240±3 (168),,分低
50764-55-1,Other,trans-Chrysanthenyl acetate(x),32.17,71366452  ,1249.0,1239±1 (3),,RI 相差大
89-81-6,Terpene,Piperitone,32.263,6987  ,1250.0,1253±3 (129),非靶确定,
106-24-1,Terpene,Geraniol,32.71, 637566 ,1257.0,1255±3 (343),非靶确定,
14371-10-9,Other,"Cinnamaldehyde, (E)-",33.455,637511 ,1268.0,1270±4 (24),非靶确定,
2111-75-3 ,Terpene,Perillal(X),33.534,16441,1269.0,1272±4 (61),,分低
141-27-5,Terpene,alpha-Citral,33.671,638011,1271.0,1276±N/A (1),非靶确定,
112-30-1,Alcohol,1-Decanol,33.902, 8174 ,1274.0,1273±2 (69),非靶确定,
2785-89-9,Benzene Derivative,"Phenol, 4-ethyl-2-methoxy-",34.063, 62465 ,1277.0,1282±4 (46),非靶确定,
1197-15-5,Terpene,alpha-Terpinen-7-al,34.181,526762 ,1279.0,1283±2 (21),非靶确定,
104-46-1,Benzene Derivative,Anethole(x),34.431,637563  ,1282.0,1286±2 (6),,同分异构
29548-13-8 ,Other,"p-Mentha-1(7),8(10)-dien-9-ol",34.824,34627,1288.0,1287±N/A (1),非靶确定,
536-60-7,Alcohol,p-Cymen-7-ol,34.927,325  ,1290.0,1289±2 (57),非靶确定,
536-59-4,Terpene,"p-Mentha-1,8-dien-7-ol",35.373,10819  ,1296.0,1296±3 (40),非靶确定,
112-44-7,Aldehyde,Undecanal,36.045, 8186 ,1307.0,1307±2 (152),非靶确定,
7786-61-0 ,Benzene Derivative,2-Methoxy-4-vinylphenol(X),36.423,332 ,1312.0,1317±5 (118),,同分异构
57709-95-2 ,Other,exo-2-Hydroxycineole acetate(X),37.276,100954827 ,1326.0,1344±2 (4),,RI 相差大
3564-98-5 ,Terpene,Menthoglycol(x),37.659,19100 ,1332.0,1301±N/A (1),,RI 相差大
491-09-8,Terpene,Piperitenone,37.968,381152,1336.0,1340±4 (41),非靶确定,
57709-95-2 ,Other,exo-2-Hydroxycineole acetate(X),38.085,100954827 ,1338.0,1344±2 (4),,分低
17699-14-8,Terpene,alpha-Cubebene,38.434,442359  ,1344.0,1351±2 (337),非靶确定,
80-26-2 ,Terpene,alpha-Terpinyl acetate,38.605,111037 ,1346.0,1350±3 (156),非靶确定,
97-53-0,Other,Eugenol,39.238,3314  ,1356.0,1357±3 (355),非靶确定,
141-12-8 ,Other,Nerol acetate,39.827,1549025  ,1365.0,1364±3 (151),非靶确定,
3856-25-5,Terpene,Copaene(X),40.013,12303902  ,1368.0,1376±2 (698),,同分异构
13744-15-5,Terpene,beta-Cubebene,40.974,93081 ,1383.0,1389±2 (261),非靶确定,
105-87-3,Other,Geranyl acetate,41.068,1549026  ,1384.0,1382±3 (206),非靶确定,
515-13-9,Terpene,beta-Elemen,41.146,6918391  ,1386.0,1391±2 (521),非靶确定,
58319-06-5,Terpene,Sesquithujene,42.171,53439065 ,1401.0,1402±10 (6),非靶确定,
93-15-2,Other,Methyleugenol,42.377,7127 ,1405.0,1402±2 (165),非靶确定,
112-54-9,Aldehyde,Dodecanal,42.534,8194  ,1407.0,1409±4 (142),非靶确定,
118-65-0,Terpene,Isocaryophyllene,42.608,5281522  ,1408.0,1406±3 (75),非靶确定,
112-17-4,Acid,"Acetic acid, decyl ester",42.774,8167 ,1411.0,1408±2 (30),非靶确定,
20479-06-5,Other,beta-Ylangene,43.275,25244198  ,1419.0,1421±2 (26),非靶确定,
29873-99-2,Terpene,gamma-Elemene(X),43.706,12309452  ,1426.0,1434±4 (116),,RI 相差大
15111-96-3,Other,Perilla acetate(x),44.089,61780 ,1433.0,1436±N/A (1),,分低
6753-98-6,Terpene,Humulene(X),44.697,5281520  ,1443.0,1454±3 (792),,RI 相差大
3796-70-1,Terpene,trans-Geranylacetone(X),45.222,1549778 ,1451.0,1453±2 (154),,分低
18794-84-8,Terpene,(E)-beta-Famesene,45.438, 5281517  ,1455.0,1457±2 (253),非靶确定,
65128-08-7 ,Other,Rotundene(X),46.007,25203405 ,1464.0,1460±N/A (1),,分低
30021-74-0,Terpene,gamma-Muurolene(X),46.277,6432308 ,1468.0,1477±3 (392),,RI 相差大
23986-74-5,Terpene,Germacrene D(X),46.424,5317570 ,1471.0,1481±3 (689),,RI 相差大
103827-22-1,Terpene,"4a,8-Dimethyl-2-(prop-1-en-2-yl)-1,2,3,4,4a,5,6,7-octahydronaphthalene(X)",46.586,605019  ,1473.0,1492±N/A (1),,RI 相差大
4630-07-3,Terpene,Valencen,47.287,9855795 ,1485.0,1492±N/A (1),非靶确定,
629-62-9,Alkane,Pentadecane(X),48.047,12391 ,1497.0,1500,,分低
190327-38-9,Other,"Eremophila-1(10),8,11-triene",48.332,91710361  ,1502.0,1508±N/A (1),非靶确定,
502-61-4,Terpene,alpha-Farnesene,48.523, 5281516,1505.0,1508±2 (262),非靶确定,
523-47-7,Terpene,"Cadina-3,9-diene",49.107,10657,1515.0,1518±10 (30),非靶确定,
29837-12-5,Other,Cubenene(X),49.528,57357909  ,1522.0,1532±1 (119),,同分异构
21391-99-1,Other,alpha-Calacorene(x),50.112,12302243  ,1533.0,1542±3 (219),,RI 相差大
639-99-6,Terpene,Elemol,50.617,92138 ,1541.0,1549±2 (169),非靶确定,
487-11-6,Benzene Derivative,Elemicin,51.495,10248  ,1556.0,1554±4 (56),非靶确定,
40716-66-3,Terpene,E-Nerolidol,51.687,5284507,1560.0,1564±2 (277),非靶确定,
1139-30-6,Terpene,Caryophyllene oxide,52.28,1742210  ,1571.0,1581±2 (669),非靶确定,
62235-06-7,Other,"(3E,7E)-4,8,12-Trimethyltrideca-1,3,7,11-tetraene(x)",52.579,6443227  ,1575.0,1577±4 (2),,分低
544-76-3 ,Alkane,Hexadecane,53.805, 11006  ,1596.0,1600,非靶确定,解卷积
23811-08-7,Terpene,Hinesol(x),54.812,10878761,1614.0,1635±4 (11),,RI 相差大
523-80-8,Other,Apiol(x),55.007,10659 ,1618.0,1682±3 (19),,RI 相差大
19431-79-9,Other,"Caryophylla-4(12),8(13)-dien-5alpha-ol(x)",55.35,527418 ,1624.0,1637±4 (25),,RI 相差大
21284-22-0,Terpene,Cubenol(x),56.062,11770062 ,1636.0,1642±3 (125),,有效峰少
1460-73-7,Terpene,Agarospirol,56.474,21675005,1642.0,1645±3 (8),非靶确定,
78259-41-3,Other,1-(3-Methyl-2-butenoxy)-4-(1-propenyl)benzene,58.009,5316879,1672.0,1684±N/A (1),非靶确定,
60066-88-8,Terpene,"2,6,11-Dodecatrienal, 2,6-dimethyl-10-methylene-",59.039,5281535,1691.0,1695±5 (17),非靶确定,
629-78-7,Alkane,Heptadecane,59.284,12398,1696.0,1700,非靶确定,
17909-77-2,Terpene,alpha-Sinensal,61.987,5281534,1757.0,1752±4 (22),非靶确定,
,Other,"2(1H)Naphthalenone, 3,5,6,7,8,8a-hexahydro-4,8a-dimethyl-6-(1-methylethenyl)-(x)",63.331,612605 ,1789.0,1781±9 (2),,分低
4674-50-4,Terpene,Nootkatone,63.694,1268142 ,1797.0,1808±10 (43),非靶确定,
104-66-5,Benzene Derivative,"Ethane, 1,2-diphenoxy-",63.811,7713  ,1800.0,1811±N/A (1),非靶确定,
112-39-0,Ester,"Hexadecanoic acid, methyl ester",65.057,8181,1930.0,1926±2 (136),非靶确定,
20016-73-3 ,Terpene,m-Camphorene,65.224,5315649 ,1957.0,1939±9 (13),非靶确定,
