CAS,Class,Name,RT,CID,MSDIAL RI,NIST RI,Note,Unnamed: 8,Note.1
75-07-0,Aldehyde,Acetaldehyde(x),1.496,177,,404±23 (15),,分低,
64-17-5,Alcohol,Ethanol,1.579,702,,427±19 (38),非靶确定,,解卷积
75-56-9,other,Propylene oxide,1.653,6378 ,,460±N/A (1),非靶确定,,
591-93-5,other,"1,4-Pentadiene",1.683,11587,,464±1 (11),非靶确定,,
78-79-5,Terpene,Isoprene,1.776,6557,,498±2 (14),非靶确定,,
123-72-8,Aldehyde,Butanal(X),2.021,261 ,,593±5 (41),,分低,
115-18-4,Alcohol,"3-Buten-2-ol, 2-methyl-",2.114,8257,,614±6 (9),非靶确定,,
926-54-5,other,"1,3-Pentadiene, 2-methyl-, (E)-",2.355,638070 ,,627±0 (3),非靶确定,,
616-25-1,Alcohol,1-Penten-3-ol,2.781,12020,,684±4 (58),非靶确定,,
1629-58-9,Ketone,1-Penten-3-one,2.84,15394,,681±3 (26),非靶确定,,
110-62-3,Aldehyde,Pentanal(X),2.987,8063,,699±5 (147),,分低,
3208-16-0,Furan,"Furan, 2-ethyl-",3.041,18554,,703±2 (57),非靶确定,,
1576-87-0,Aldehyde,"2-Pentenal, (E)-",4.076,5364752,,754±5 (30),非靶确定,,
1576-95-0,Alcohol,"2-Penten-1-ol, (Z)-",4.513,5364919 ,,767±2 (22),非靶确定,,
4675-87-0,Alcohol,"2-Buten-1-ol, 2-methyl-",4.925,20799 ,,769±3 (2),非靶确定,,解卷积
66-25-1,Alcohol,Hexanal,5.288,6184,,800±2 (453),非靶确定,,
505-57-7,Aldehyde,2-Hexenal,7.603,5281168 ,,851±5 (53),非靶确定,,
928-96-1,Alcohol,"3-Hexen-1-ol, (Z)-",7.765,5281167 ,,857±3 (169),非靶确定,,
106-42-3,Benzene Derivative,p-Xylene,7.966,7809,,865±7 (178),非靶确定,,
928-95-0,Alcohol,"2-Hexen-1-ol, (E)-",8.03,5318042,868.0,862±6 (63),非靶确定,,
111-27-3,Alcohol,1-Hexanol,8.113,8103,870.0,868±4 (223),非靶确定,,
100-42-5,Benzene Derivative,Styrene,8.898,7501 ,889.0,893±5 (91),非靶确定,,
95-47-6,Benzene Derivative,o-Xylene,8.947,7237,890.0,887±8 (178),非靶确定,,
111-71-7,Aldehyde,Heptanal,9.506,8130,903.0,901±2 (292),非靶确定,,
142-83-6,Aldehyde,"2,4-Hexadienal, (E,E)-",9.933,637564,910.0,911±3 (32),非靶确定,,
42125-10-0,other,"2-Penten-1-ol, acetate, (Z)-(X)",10.217,5363400,915.0,909±N/A (1),,分低,
2867-05-2,Terpene,3-Thujene,10.698,17868,923.0,929±2 (488),非靶确定,,
7785-70-8,Terpene,1R-alpha-Pinene,10.978,82227,928.0,929±7 (7),非靶确定,,
79-92-5,Terpene,Camphene(X),11.753,6616 ,941.0,952±2 (609),,RI相差大,
4245-35-6,Ester,Acrylic acid isoamyl ester(X),11.802,77920,942.0,940±1 (4),,分低,
100-52-7,Aldehyde,Benzaldehyde(X),12.704,240 ,958.0,962±3 (416),,分低,
2407-43-4,Furan,"2(5H)-Furanone, 5-ethyl-",13.018,16997,963.0,966±3 (2),非靶确定,,
,,Unknown,13.258,,967.0,,,,
3387-41-5,Terpene,Sabinen,13.415,18818 ,970.0,974±2 (619),非靶确定,,
1686-30-2,Terpene,alpha-Myrcene(X),13.482,519324,977.0,984±3 (2),,分低,
98-83-9,Benzene Derivative,alpha-Methylstyrene,13.911,7407 ,978.0,976±16 (19),非靶确定,,
585-25-1,Ketone,"2,3-Octanedione",14.367,11449 ,986.0,984±3 (40),非靶确定,,
110-93-0,Ketone,"5-Hepten-2-one, 6-methyl-",14.509,9862,989.0,986±2 (222),非靶确定,,
123-35-3,Terpene,beta-Myrcene,14.666,31253,991.0,991±2 (840),非靶确定,,
99-83-2,Terpene,alpha-Phellandrene,15.23,7460,1001.0,1005±2 (509),非靶确定,,
124-13-0,Aldehyde,Octanal,15.417,454,1004.0,1003±2 (364),非靶确定,,
54750-69-5,other,"(2R,5S)-2-Methyl-5-(prop-1-en-2-yl)-2-vinyltetrahydrofuran",15.583,21576892,1006.0,1008±1 (4),非靶确定,,
72237-36-6,other,"4-Hexen-1-ol, acetate(X)",15.804,57349892,1009.0,1020±3 (4),,RI相差大,
4313-03-5,Aldehyde,"2,4-Heptadienal, (E,E)-",15.946,5283321,1011.0,1012±4 (108),非靶确定,,
99-86-5,other,alpha-Terpinene,16.04,7462 ,1013.0,1017±2 (534),非靶确定,,
527-84-4,Terpene,o-Cymene(X),16.594,10703 ,1021.0,1022±2 (114),,同分异构,
1461-27-4,other,D-sylvestrene,16.854,12304570 ,1025.0,1027±3 (19),非靶确定,,
470-82-6,other,Eucalyptol,16.942,2758,1026.0,1032±2 (580),非靶确定,,
496-11-7,other,Indane(X),17.109,10326 ,1029.0,1029±11 (36),,分低,
104-76-7,Alcohol,"1-Hexanol, 2-ethyl-(X)",17.236,7720 ,1032.0,1030±3 (86),,分低,
3338-55-4,Terpene,beta-cis-Ocimene,17.722,5320250,1038.0,1038±2 (446),非靶确定,,
122-78-1,Aldehyde,Benzeneacetaldehyde,17.928,998 ,1041.0,1045±4 (378),非靶确定,,
3779-61-1,Terpene,trans-beta-Ocimene(x),18.423,5281553 ,1048.0,1049±2 (548),,同分异构,
99-85-4,Terpene,gamma-Terpinene,18.884,7461,1055.0,1060±3 (739),非靶确定,,
5989-33-3,other,cis-Linalool oxide,19.934,6428573,1071.0,1074±4 (179),非靶确定,,
111-87-5,Alcohol,1-Octanol,20.38,957,1074.0,1071±3 (226),非靶确定,,
586-62-9,Terpene,Terpinolene(x),20.837,11463,1084.0,1088±2 (607),,同分异构,
1195-32-0,Benzene Derivative,p-Cymenene,20.949,62385,1086.0,1090±2 (106),非靶确定,,解卷积
34995-77-2,other,trans-Linalool oxide (furanoid),20.974,6431475,1087.0,1086±5 (156),非靶确定,,
78-70-6,Alcohol,Linalool,22.328,6549,1107.0,1099±2 (976),非靶确定,,
29957-43-5,other,"1,5,7-Octatrien-3-ol, 3,7-dimethyl-",22.524,5366264,1109.0,1107±1 (18),非靶确定,,
432-24-6,other,alpha-Cyclocitral,22.779,94143,1113.0,1116±9 (6),非靶确定,,
18368-95-1,other,"1,3,8-p-Menthatriene",22.353,176983,1121.0,1119±N/A (1),非靶确定,,
460-01-5,other,"2,6-Dimethyl-1,3,5,7-octatetraene, E,E-",23.868,5368451,1129.0,1131±1 (4),非靶确定,,
3016-19-1,Terpene,"(4E,6E)-Allocimene",24.653,5368821,1140.0,1144±1 (4),非靶确定,,
2288-18-8,other,"Benzene, (1-methylene-2-propenyl)-",24.8,137524,1142.0,1140±N/A (1),非靶确定,,
488-23-3,Benzene Derivative,"Benzene, 1,2,3,4-tetramethyl-",25.016,10263,1146.0,1145±6 (33),非靶确定,,
43219-68-7,other,"1,4-Dimethyl-delta-3-tetrahydroacetophenone(x)",25.079,65289,1146.0,1149±4 (2),,分低,
767-60-2,other,"1H-Indene, 3-methyl-",25.231,13025,1149.0,1155±N/A (1),非靶确定,,
34246-54-3,other,"Benzaldehyde, 3-ethyl-(x)",26.011,118623,1160.0,1168±N/A (1),,分低,
464-45-9,Terpene,L-Borneol(x),26.08,1201518,1161.0,1166±7 (3),,分低,
,,Unknown,26.261,,1164.0,,,,
7643-60-9,Alcohol,trans-Ocimenol(x),26.384,5368785,1165.0,1169±N/A (1),,分低,
15358-88-0,Terpene,"3-Pinanone, cis(X)",26.561,11038,1168.0,1173±2 (40),,分低,
,,Unknown,26.713,,1170.0,,,,
91-20-3,other,Naphthalene,26.924,931,1173.0,1182±8 (183),非靶确定,,
562-74-3,Terpene,Terpinen-4-ol,26.978,11230 ,1174.0,1177±2 (764),非靶确定,,
74410-10-9,other,Dill ether(x),27.468,126537 ,1181.0,1186±2 (13),,分低,
1197-01-9,Terpene,p-Cymen-8-ol,27.713,14529,1185.0,1183±2 (237),非靶确定,,
98-55-5,Terpene,alpha-Terpineol(X),27.89,17100 ,1187.0,1189±2 (811),,同分异构,
119-36-8,Acid,Methyl salicylate,28.16,4133 ,1191.0,1192±2 (145),非靶确定,,
,,Unknown,28.272,,1193.0,,,,
51276-34-7,Alcohol,"(E)-2,6-Dimethylocta-3,7-diene-2,6-diol(X)",28.65,352451 ,1198.0,1191±N/A (1),,分低,
112-31-2,Aldehyde,Decanal,29.18,8175 ,1206.0,1206±2 (406),非靶确定,,
29548-14-9,Terpene,p-Menth-1-en-9-al(X),29.504,520440,1211.0,1229±5 (9),,RI相差大,
29548-14-9,Terpene,p-Menth-1-en-9-al(X),29.661,520440,1213.0,1229±5 (9),,RI相差大,
112-14-1,other,"Acetic acid, octyl ester(X)",29.739,8164 ,1214.0,1210±3 (62),,分低,
432-25-7,Terpene,beta-Cyclocitral,29.818,9895,1216.0,1220±3 (75),非靶确定,,
1197-07-5,Terpene,trans-Carveol,29.935,94221,1217.0,1217±2 (217),非靶确定,,
50764-55-1,other,trans-Chrysanthenyl acetate(X),30.185,71366452,1221.0,1239±1 (3),,RI相差大,
70786-44-6,other,"3,9-Epoxy-1-p-menthene(x)",30.337,586292,1223.0,1214±22 (4),,RI相差大,
106-25-2,Terpene,"2,6-Octadien-1-ol, 3,7-dimethyl-, (Z)-",30.705,643820,1229.0,1228±2 (174),非靶确定,,
29210-77-3,Alcohol,"7-Octene-2,6-diol, 2,6-dimethyl-(X)",30.995,120154,1233.0,1237±N/A (1),,分低,
99-49-0,Terpene,Carvone,31.471,7439 ,1240.0,1242±4 (307),非靶确定,,
89-81-6,Terpene,p-Menth-1-en-3-one,32.108,6987 ,1250.0,1253±3 (129),非靶确定,,
106-24-1,Terpene,Geraniol(X),32.559,637566 ,1256.0,1255±3 (343),,同分异构,
3913-81-3,Aldehyde,"2-Decenal, (E)-(X)",32.913,5283345 ,1261.0,1263±3 (117),,分低,
91-57-6,other,"Naphthalene, 2-methyl-(X)",34.345,7055 ,1283.0,1298±10 (45),,RI相差大,
29548-13-8,other,"p-Mentha-1(7),8(10)-dien-9-ol",34.737,34627 ,1288.0,1287±N/A (1),非靶确定,,
91-57-6,other,"Naphthalene, 2-methyl-",35.36,7055 ,1298.0,1298±10 (45),非靶确定,,
629-41-4,Alcohol,"1,8-Octanediol(x)",35.924,69420,1306.0,1314±1 (2),,分低,
514-95-4,,"1,5,5-Trimethyl-6-methylene-cyclohexene(X)",36.827,578237,1320.0,1338±N/A (1),,"分低,RI相差大",
,,Unknown,37.15,,1325.0,,,,
20307-84-0,other,delta-EIemene,37.626,89316,1333.0,1338±2 (220),非靶确定,,
22539-72-6,other,"p-Mentha-1,4-dien-7-ol(X)",38.156,519966,1341.0,1330±4 (5),,"分低,RI相差大",
17699-14-8,Terpene,alpha-Cubebene,38.303,442359,1343.0,1351±2 (337),非靶确定,,
80-26-2,Terpene,alpha-Terpinyl acetate,38.44,111037,1345.0,1350±3 (156),非靶确定,,
64142-78-5,other,"2,7-Octadiene-1,6-diol, 2,6-dimethyl-(X)",38.71,5280678,1349.0,1361±6 (4),,"分低,RI相差大",
22469-52-9,Terpene,Cyclosativene(X),39.161,16212927,1356.0,1368±3 (76),,RI相差大,
14912-44-8,other,Ylangene(x),39.564,20055075,1363.0,1372±2 (170),,RI相差大,
95910-36-4,other,isoledene(X),39.691,15431199 ,1365.0,1375±2 (2),,分低,
14912-44-8,other,Ylangene,39.858,20055075,1367.0,1372±2 (170),非靶确定,,
59742-39-1,other,"1H-Indene, 2,3,3a,4-tetrahydro-3,3a,6-trimethyl-1-(1-methylethyl)-",40.034,570507,1370.0,1372±0 (2),非靶确定,,
442900-37-0,,Pethylbrene(X),40.182,,1372.0,1376±N/A (1),,分低,
5208-59-3,Terpene,(-)-beta-Bourbonene,40.358,62566 ,1375.0,1384±3 (361),非靶确定,,
3856-25-5,Terpene,Copaene,40.554,12303902,1378.0,1376±2 (698),非靶确定,,
13744-15-5,Terpene,beta-Cubebene,40.824,93081 ,1382.0,1389±2 (261),非靶确定,,
515-13-9,Terpene,beta-Elemen,41.04,6918391 ,1385.0,1391±2 (521),非靶确定,,
,,Unknown,41.187,,1388.0,,,,
489-29-2,other,beta-Maaliene,41.908,101596917 ,1399.0,1398±19 (11),非靶确定,,
85-91-6,other,Methyl methanthranilate,42.026,6826 ,1401.0,1408±4 (11),非靶确定,,
87-44-5,Terpene,Caryophyllene,42.624,5281515 ,1410.0,1419±3 (983),非靶确定,,
20479-06-5,other,beta-Ylangene,43.149,25244198,1419.0,1421±2 (26),非靶确定,,
489-28-1,other,alpha-Maaliene(X),43.375,470626364 ,1422.0,1443±N/A (1),,RI相差大,
29873-99-2,other,gamma-Elemene,43.61,12309452,1426.0,1434±4 (116),非靶确定,,
3691-12-1,Terpene,alpha-Guaiene,43.973,5317844,1432.0,1439±2 (125),非靶确定,,
17334-55-3,Terpene,beta-Gurjunene,44.056,28481,1434.0,1432±3 (234),非靶确定,,
267665-20-3,other,"Cadina-3,5-diene(X)",44.258,91723677,1437.0,1458±N/A (1),,RI相差大,
267665-20-3,other,"Cadina-3,5-diene(X)",44.473,91723677,1440.0,1458±N/A (1),,RI相差大,
6753-98-6,Terpene,Humulene(X),44.601,5281520,1442.0,1454±3 (792),,RI相差大,
,,Unknown,44.782,,1445.0,,,,
25246-27-9,Terpene,Alloaromadendrene(X),44.983,10899740,1449.0,1461±2 (343),,RI相差大,
157477-72-0,other,"cis-Muurola-4(15),5-diene(x)",45.204,91747213 ,1452.0,1463±4 (52),,RI相差大,
18794-84-8,Terpene,(E)-beta-Famesene,45.459,5281517,1456.0,1457±2 (253),非靶确定,,
30021-74-0,Terpene,gamma-Muurolene,46.45,6432308,1472.0,1477±3 (392),非靶确定,,
17066-67-0,Terpene,beta-Eudesmene,46.852,28237,1479.0,1486±3 (349),非靶确定,,
54324-03-7,Terpene,Bicyclosesquiphellandrene,47.024,15694800,1482.0,1489±6 (11),非靶确定,,
30021-74-0,Terpene,gamma-Muurolene(X),47.362,6432308,1487.0,1477±3 (392),,RI相差大,
4630-07-3,Terpene,Valencen,47.387,9855795,1488.0,1492±3 (152),非靶确定,,
10208-80-7,Terpene,alpha-Muurolene,47.666,12306047,1492.0,1499±3 (427),非靶确定,,
523-47-7,Terpene,"Cadina-3,9-diene(X)",48.02,10657 ,1498.0,1518±10 (30),,RI相差大,
150320-52-8,other,"Bicyclo[4.4.0]dec-1-ene, 2-isopropyl-5-methyl-9-methylene-",48.176,595137 ,1501.0,1507±4 (2),非靶确定,,
39029-41-9,Terpene,gamma-Cadinene,48.436,92313,1505.0,1513±2 (485),非靶确定,,
483-77-2,Benzene Derivative,"Cadina-1,3,5-triene(x)",48.834,6429077,1512.0,1523±5 (145),,RI相差大,
523-47-7,Terpene,"Cadina-3,9-diene",49.118,10657 ,1517.0,1518±10 (30),非靶确定,,
29837-12-5,other,Cubenene(X),49.476,57357909,1523.0,1532±1 (119),,同分异构,
24406-05-1,Terpene,alpha-Cadinene,49.775,12306048 ,1528.0,1538±1 (31),非靶确定,,
6813-21-4 ,other,"Selina-3,7(11)-diene(X)",49.878,6432648,1530.0,1542±3 (45),,RI相差大,
21391-99-1,other,alpha-Calacorene,50.006,12302243,1532.0,1542±3 (219),非靶确定,,
,other,"l-Alanine, N-(2,3,4-trifluorobenzoyl)-, methyl ester(X)",50.04,31420 ,1533.0,1548±N/A (1),,RI相差大,
27840-40-0,other,beta-Vatirenene(X),50.246,14475467 ,1536.0,1540±13 (5),,分低,
639-99-6,Terpene,Elemol,50.653,92138 ,1543.0,1549±2 (169),非靶确定,,
6813-21-4,other,"Selina-3,7(11)-diene(X)",51.144,6432648,1552.0,1542±3 (45),,"分低,RI相差大",
21391-99-1,other,alpha-Calacorene(X),51.173,12302243,1552.0,1542±3 (219),,"分低,RI相差大",
40716-66-3,Terpene,(±)-trans-Nerolidol,51.571,5284507,1559.0,1564±2 (277),非靶确定,,
6750-60-3,Terpene,Spathulenol(X),51.929,92231,1565.0,1576±2 (539),,RI相差大,
489-41-8,Terpene,Globulol(X),52.243,12304985,1571.0,1580±N/A (1),,分低,
194607-96-0,other,cis-Eudesm-6-en-11-ol(X),52.439,527206,1574.0,1571±5 (2),,分低,
88728-58-9,other,Epiglobulol(X),52.782,11858788,1580.0,1585±5 (29),,分低,
,other,Isoaromadendrene epoxide(X),52.826,534398,1581.0,1589±10 (8),,分低,
63891-61-2,other,Rosifoliol(X),52.954,10727766,1583.0,1600±5 (8),,RI相差大,
489-86-1,Terpene,Guaiol,53.209,227829 ,1587.0,1596±3 (116),非靶确定,,
446050-56-2,other,alpha-epi-7-epi-5-Eudesmol(X),53.606,521216,1594.0,1616±N/A (1),,RI相差大,
1209-71-8 ,Terpene,gamma-Eudesmol(X),54.263,6432005,1606.0,1631±1 (137),,RI相差大,
20129-39-9,other,alpha-Corocalene(x),54.553,5316074,1611.0,1623±4 (5),,RI相差大,
1209-71-8 ,Terpene,gamma-Eudesmol,55.215,6432005,1623.0,1631±1 (137),非靶确定,,
23811-08-7,Terpene,Hinesol,55.46,10878761,1628.0,1635±4 (11),非靶确定,,
473-15-4,Terpene,beta-Eudesmol,56.186,91457,1641.0,1649±2 (224),非靶确定,,
473-16-5,Terpene,alpha-Eudesmol,56.363,92762,1644.0,1653±2 (117),非靶确定,,
,,Unknown,56.51,,1647.0,,,,
22451-73-6 ,Terpene,Guai-1(10)-en-11-ol(X),57.01,12302134,1656.0,1667±2 (45),,RI相差大,
483-78-3,Terpene,Cadalene(X),57.368,10225,1663.0,1674±3 (86),,RI相差大,
60031-93-8,other,"Cyclohexanemethanol, 4-ethenyl-alpha,alpha,4-trimethyl-3-(1-methylethenyl)-, acetate, [1R-(1alpha,3alpha,4beta)]-",57.692,108410,1669.0,1679±4 (3),非靶确定,,
119120-23-9,Terpene,"Eudesma-4(15),7-dien-1beta -ol(X)",57.971,527304 ,1674.0,1688±2 (27),,RI相差大,
473-04-1,other,Eudesm-7(11)-en-4-ol,58.413,5318734 ,1682.0,1692±8 (40),非靶确定,,
81968-62-9,other,"ent-Germacra-4(15),5,10(14)-trien-1beta-ol(X)",58.835,73554075,1690.0,1695±N/A (1),,分低,
3840-31-1,other,"Benzenemethanol, 3,4,5-trimethoxy-(X)",60.527,77449 ,1726.0,1729±N/A (1),,分低,
92857-25-5,,"7-(2-Hydroxypropan-2-yl)-1,4a-dimethyldecahydronaphthalen-1-ol(X)",62.435,,1769.0,1782±N/A (1),,RI相差大,
489-84-9,Terpene,"Azulene, 1,4-dimethyl-7-(1-methylethyl)-",62.543,3515,1772.0,1775±3 (4),非靶确定,,
67996-61-6,other,gamma-Eudesmol acetate,63.175,129864076 ,1786.0,1794±N/A (1),非靶确定,,
135118-52-4,,"((8R,8aS)-8-Isopropyl-5-methyl-3,4,6,7,8,8a-hexahydronaphthalen-2-yl)methanol(X)",63.661,,1797.0,1803±4 (13),,分低,
4666-84-6,other,Cryptomeridiol(X),63.798,165258,1801.0,1826±4 (3),,"分低,RI相差大",
4128-17-0,Alcohol,all-trans-Farnesyl acetate,64.289,638500,1847.0,1843±3 (25),非靶确定,,
112-39-0,other,"Hexadecanoic acid, methyl ester(X)",65.029,8181,1928.0,1926±2 (136),,分低,
84-74-2 ,other,Dibutyl phthalate,65.289,3026 ,1969.0,1965±6 (40),非靶确定,,
