CID,CAS,Class,RT,NAME
702 ,64-17-5,Alcohol,1.565,Ethanol
6342 ,75-05-8,Others,1.648,Acetonitrile
8857,141-78-6,Ester,2.188,Ethyl Acetate
263 ,71-36-3 ,Alcohol,2.649,1-Butanol
179,513-86-0 ,Ketone,3.311,Acetoin
8723 ,137-32-6,Alcohol,3.856,"1-Butanol, 2-methyl-"
8038,110-19-0,Ester,4.753,Isobutyl acetate
225936 ,6982-25-8,Alcohol,5.028,"DL-2,3-Butanediol"
262,513-85-9 ,Alcohol,5.293,"2,3-Butanediol"
6184,66-25-1,Aldehyde,5.494,Hexanal
7762,105-54-4,Ester,5.602,"Butanoic acid, ethyl ester"
31272 ,123-86-4 ,Ester,6.608,"Acetic acid, butyl ester"
7809,106-42-3,Benzene derivatives,8.157,p-Xylene
8103 ,111-27-3,Alcohol,8.309,1-Hexanol
7501 ,100-42-5,Benzene derivatives,9.187,Styrene
11529 ,590-01-2,Ester,10.374,"Propanoic acid, butyl ester"
240 ,100-52-7,Benzene derivatives,13.165,Benzaldehyde
8129 ,111-70-6,Alcohol,13.994,1-Heptanol
7247,95-63-6,Benzene derivatives,15.005,"Benzene, 1,2,4-trimethyl-"
15600,124-18-5 ,Alkane,15.657,Decane
454 ,124-13-0,Aldehyde,15.902,Octanal
10686,526-73-8,Benzene derivatives,16.814,"Benzene, 1,2,3-trimethyl-"
7720 ,104-76-7,Alcohol,17.683,"1-Hexanol, 2-ethyl-"
7410 ,98-86-2,ketone,19.963,Acetophenone
957,111-87-5,Alcohol,20.606,1-Octanol
13621 ,2870-04-4,Benzene derivatives,21.126,"m-Xylene, 2-ethyl-"
460 ,90-05-1,Benzene derivatives,21.592,"Phenol, 2-methoxy-"
31289 ,124-19-6,Aldehyde,22.72,Nonanal
7269 ,95-93-2 ,Benzene derivatives,23.156,Durene
10695,527-53-7,Benzene derivatives,23.441,Isodurene
10263,488-23-3,Benzene derivatives,25.575,Prehnitene
931,91-20-3,Benzene derivatives,27.536,Naphthalene
61814 ,15764-16-6,Aldehyde,27.914,"Benzaldehyde, 2,4-dimethyl-"
379,124-07-2,Acid,28.714,Octanoic acid
62341,93-92-5,Ester,28.964,alpha-Methylbenzyl acetate
7799,106-32-1,Ester,29.302,"Octanoic acid, ethyl ester"
8175 ,112-31-2 ,Aldehyde,29.7,Decanal
22015,5779-94-2,Aldehyde,30.013,"Benzaldehyde, 2,5-dimethyl-"
31219,122-63-4,Ester,33.285,"Propanoic acid, phenylmethyl ester"
12777 ,698-76-0 ,Ester,34.84,delta-Octalactone
75189 ,2216-87-7,ketone,35.281,3-Undecanone
8186 ,112-44-7,Aldehyde,36.503,Undecanal
2969,334-48-5,Acid,41.291,n-Decanoic acid
12389 ,629-59-4,Alkane,42.418,Tetradecane
12810,705-86-2,Ester,48.098,delta-Decalactone
7311,96-76-4,Benzene derivatives,49.271,"2,4-Di-tert-butylphenol"
7800 ,106-33-2,Ester,54.082,"Dodecanoic acid, ethyl ester"
