CAS,Class,Name,RT,CID,MSDIAL RI,NIST RI,Note,Note.1
156564-41-9,Acid,"Propanoic acid, 2-methyl-(X)",4.648,6590,,777±N/A (1),,同分异构
66-25-1,Aldehyde,Hexanal,5.325,6184,,800±2 (453),非靶确定,
503-74-2,Acid,"Butanoic acid, 3-methyl-",7.969, 10430  ,,863±16 (120),非靶确定,
111-27-3,Alcohol,1-Hexanol,8.195,8103,870.0,868±4 (223),非靶确定,
116-53-0,Acid,"Butanoic acid, 2-methyl-",8.479,314  ,877.0,861±14 (91),非靶确定,
108-94-1,Ketone,Cyclohexanone(X),9.122,7967  ,892.0,894±4 (29),,分低
111-71-7,Aldehyde,Heptanal(x),9.637,8130 ,903.0,901±2 (292),,分低
100-52-7,Aldehyde,Benzaldehyde,12.702,240  ,956.0,962±3 (416),非靶确定,
98-83-9,Benzene Derivative,alpha-Methylstyrene,14.046,7407 ,979.0,976±16 (19),非靶确定,解卷积
123-35-3,Terpene,beta-Myrcene,14.762,31253 ,991.0,991±2 (840),非靶确定,
99-83-2,Terpene,alpha-Phellandrene(X),15.361,7460 ,1001.0,1005±2 (509),,分低
124-13-0 ,Aldehyde,Octanal(X),15.601,454,1004.0,1003±2 (364),,分低
142-62-1,Acid,Hexanoic acid(X),16.121,8892 ,1012.0,990±16 (133),,RI 相差大
527-84-4,Benzene Derivative,o-Cymene(X),16.721,10703,1021.0,1022±2 (114),,同分异构
1461-27-4 ,Terpene,D-sylvestrene(x),16.945,102625 ,1024.0,1027±3 (19),,同分异构
470-82-6,Other,Eucalyptol,17.092,2758 ,1027.0,1032±2 (580),非靶确定,
104-76-7 ,Alcohol,"1-Hexanol, 2-ethyl-",17.377,7720,1031.0,1030±3 (86),,
100-51-6 ,Alcohol,Benzyl alcohol,17.941,244 ,1039.0,1036±4 (174),非靶确定,
122-78-1,Aldehyde,Benzeneacetaldehyde,18.196,998  ,1043.0,1045±4 (378),非靶确定,
99-85-4 ,Terpene,gamma-Terpinene(x),19.015,7461 ,1055.0,1060±3 (739),,fen'di
5989-33-3,Furan,cis-Linalool oxide,20.045,6428573 ,1071.0,1074±4 (179),非靶确定,
617-94-7,Alcohol,alpha-Cumyl alcohol(x),21.006,12053  ,1085.0,1090±7 (10),,分低
1195-32-0,Benzene Derivative,p-Cymenene,21.114,62385 ,1087.0,1090±2 (106),非靶确定,
78-70-6,Terpene,Linalool,22.041,6549,1100.0,1099±2 (976),非靶确定,
124-19-6,Aldehyde,Nonanal,22.36,31289 ,1105.0,1104±2 (556),非靶确定,
89-79-2,Terpene,Isopulegol,24.857,170833 ,1141.0,1146±3 (32),非靶确定,
5949-05-3,Terpene,"6-Octenal, 3,7-dimethyl-, (S)-",25.71,443157 ,1154.0,1154±N/A (1),非靶确定,
464-45-9,Terpene,L-Borneol,26.196,1201518  ,1161.0,1166±7 (3),非靶确定,
562-74-3,Terpene,Terpinen-4-ol,27.035,11230,1173.0,1177±2 (764),非靶确定,
98-55-5,Terpene,alpha-Terpineol,28.05,17100  ,1188.0,1189±2 (811),非靶确定,
140-67-0 ,Benzene Derivative,Estragole,28.683,8815  ,1197.0,1196±1 (86),非靶确定,
112-31-2,Aldehyde,Decanal(x),29.33,8175  ,1206.0,1206±2 (406),,分低
106-22-9,Terpene,Citronellol,30.973,8842 ,1231.0,1228±3 (181),非靶确定,
122-03-2 ,Terpene,"Benzaldehyde, 4-(1-methylethyl)-",31.326,326  ,1236.0,1239±3 (122),非靶确定,
99-49-0,Terpene,Carvone,31.655,7439,1241.0,1242±4 (307),,
89-81-6 ,Terpene,Piperitone,32.298,6987 ,1251.0,1253±3 (129),非靶确定,
624-15-7,Terpene,"3,7-Dimethyl-2,6-octadien-1-ol",32.749,637566 ,1257.0,1260±N/A (1),非靶确定,
104-46-1,Other,Anethole,34.431,637563,1282.0,1286±2 (6),非靶确定,
80-26-2,Terpene,alpha-Terpinyl acetate(X),38.605, 111037 ,1346.0,1350±3 (156),,分低
97-53-0,Other,Eugenol,39.209,3314  ,1356.0,1357±3 (355),非靶确定,
74367-31-0,Other,"Propanoic acid, 2-methyl-, 2-ethyl-3-hydroxyhexyl ester(X)",40.047,522537 ,1369.0,1373±0 (4),,分低
136-60-7,Other,Butyl benzoate,40.214,8698 ,1371.0,1376±13 (7),非靶确定,
3650-28-0,Other,(+)-Sativen(X),41.842,11275742  ,1396.0,1396±0 (2),,分低
629-59-4,Alkane,Tetradecane(x),41.965,12389 ,1398.0,1400,,分低
93-15-2,Other,Methyleugenol,42.46,7127,1406.0,1402±2 (165),非靶确定,
53060-59-6 ,Terpene,alpha-Barbatene(x),43.809,14037349  ,1428.0,1436±21 (2),,分低
18794-84-8,Terpene,(E)-beta-Famesene(x),45.408,5281517,1454.0,1457±2 (253),,分低
2460-77-7,Other,"2,5-di-tert-Butyl-1,4-benzoquinone",45.722,17161 ,1459.0,1466±N/A (1),非靶确定,
644-30-4,Terpene,alpha-Curcumene(X),46.806,92139 ,1477.0,1483±3 (162),,分低
629-62-9,Alkane,Pentadecane(X),48.032,12391,1497.0,1500,,分低
5875-45-6,Other,"Phenol, 2,5-di-tert-butyl-(X)",48.925,79983 ,1512.0,1514±N/A (1),,分低
10546-70-0,Other,"Benzamide, N-propyl-(X)",52.03,25354  ,1565.0,1526±N/A (1),,RI 相差大
544-76-3 ,Alkane,Hexadecane(X),53.801,11006 ,1596.0,1600,,分低
5851-44-5 ,Other,Unkown,55.517,22122  ,1627.0,,,分低，无NIST RI
532-65-0,Ketone,aR-Turmerone,57.288,160512,1659.0,1664±5 (17),非靶确定,
78259-41-3 ,Other,1-(3-Methyl-2-butenoxy)-4-(1-propenyl)benzene,58.092,5316879 ,1674.0,1684±N/A (1),非靶确定,
629-78-7,Alkane,Heptadecane(X),59.294, 12398 ,1695.0,1700,,分低
593-45-3 ,Alkane,Octadecane,63.772,11635 ,1799.0,1800,非靶确定,
104-66-5,Benzene Derivative,"Ethane, 1,2-diphenoxy-",63.895,7713  ,1807.0,1811±N/A (1),,
112-39-0,Ester,"Hexadecanoic acid, methyl ester",65.057,8181 ,1930.0,1926±2 (136),,
