CAS,Class,Name,RT,CID,MSDIAL RI,NIST RI,Note,Note.1
64-17-5,Alcohol,Ethanol,1.579,702 ,,427±19 (38),非靶确定,
75-05-8,Other,Acetonitrile,1.653,6342 ,,444±6 (15),非靶确定,
64-19-7 ,Acid,Acetic acid,2.457,176 ,,610±10 (91),非靶确定,
110-62-3,Aldehyde,Pentanal,3.017,8063 ,,699±5 (147),非靶确定,
815-06-5 ,Other,N-Methyltrifluoroacetamide(x),3.115,69948 ,,,,无NIST RI
79-09-4,Acid,Propanoic acid,3.797,1032  ,,700±20 (26),非靶确定,
108-88-3,Benzene Derivative,Toluene(X),4.37,1140,,763±8 (328),,同分异构
71-41-0,Alcohol,1-Pentanol,4.448,6276 ,,765±4 (146),非靶确定,
156564-41-9,Acid,"Propanoic acid, 2-methyl-(X)",4.954,6590  ,,777±N/A (1),,
513-85-9,Alcohol,"2,3-Butanediol",4.974, 262 ,,788±7 (34),非靶确定,
66-25-1,Aldehyde,Hexanal,5.317,6184  ,,800±2 (453),非靶确定,
107-92-6,Acid,Butanoic acid,7.667,264 ,,805±17 (102),非靶确定,
111-27-3,Alcohol,1-Hexanol,8.186,8103 ,870.0,868±4 (223),非靶确定,
503-74-2,Acid,"Butanoic acid, 3-methyl-(X)",8.829,10430 ,885.0,863±16 (120),,RI 相差大
116-53-0,Acid,"Butanoic acid, 2-methyl-(X)",9.246,8314,895.0,861±14 (91),,RI 相差大
111-71-7,Aldehyde,Heptanal,9.599, 8130 ,903.0,901±2 (292),非靶确定,
109-52-4 ,Acid,Pentanoic acid(X),10.835,7991 ,924.0,904±16 (47),,RI 相差大
18829-55-5,Aldehyde,"2-Heptenal, (E)-",12.675,5283316  ,955.0,958±4 (74),非靶确定,
100-52-7,Aldehyde,Benzaldehyde,12.733,240,956.0,962±3 (416),非靶确定,
111-70-6,Alcohol,1-Heptanol(X),13.763,8129 ,974.0,970±2 (68),,分低
3391-86-4,Alcohol,1-Octen-3-ol,14.185,18827,981.0,980±2 (355),非靶确定,
110-93-0,Ketone,"5-Hepten-2-one, 6-methyl-",14.617,9862 ,988.0,986±2 (222),,
123-35-3 ,Terpene,beta-Myrcene,14.749,31253  ,991.0,991±2 (840),非靶确定,解卷积
111-13-7,Ketone,2-Octanone,14.882,8093 ,993.0,990±7 (98),非靶确定,
99-83-2,Terpene,alpha-Phellandrene,15.353,7460  ,1001.0,1005±2 (509),非靶确定,解卷积
99-86-5,Terpene,alpha-Terpinen,16.162,7462  ,1013.0,1017±2 (534),非靶确定,解卷积
527-84-4,Terpene,o-Cymene(X),16.701, 10703  ,1021.0,1022±2 (114),,同分异构
1461-27-4,Terpene,D-sylvestrene,16.932,102625 ,1024.0,1027±3 (19),非靶确定,解卷积
470-82-6,Other,Eucalyptol(X),17.148,2758  ,1027.0,1032±2 (580),非靶确定,
104-76-7,Alcohol,"1-Hexanol, 2-ethyl-",17.388,7720 ,1031.0,1030±3 (86),非靶确定,
1669-44-9,Aldehyde,3-Octen-2-one(X),17.957,5363229 ,1040.0,1040±3 (18),,同分异构
3779-61-1,Terpene,trans-beta-Ocimene(X),18.521,5281553  ,1048.0,1049±2 (548),,同分异构
99-85-4,Terpene,gamma-Terpinene,19.002,7461 ,1055.0,1060±3 (739),非靶确定,
2548-87-0 ,Aldehyde,"2-Octenal, (E)-",19.203,5283324  ,1058.0,1060±3 (124),非靶确定,
98-86-2,Ketone,Acetophenone,19.551,7410 ,1063.0,1065±4 (134),非靶确定,
5989-33-3,Furan,cis-Linalool oxide(X),20.061,6428573,1071.0,1074±4 (179),,分低
30086-02-3,Ketone,"3,5-Octadien-2-one, (E,E)-",20.208,5352876 ,1073.0,1073±7 (13),非靶确定,
111-87-5 ,Alcohol,1-Octanol(X),20.302, 957 ,1074.0,1071±3 (226),,分低
106-44-5,Benzene Derivative,p-Cresol,21.013,2879 ,1085.0,1077±4 (102),非靶确定,
1195-32-0,Terpene,p-Cymenene,21.082,62385  ,1086.0,1090±2 (106),非靶确定,解卷积
14090-87-0,Ketone,"2,4-Octanedione(X)",21.204,84192  ,1088.0,1085±3 (4),,分低
67801-33-6,Other,"2-Nonanone, 3-(hydroxymethyl)-(X)",21.597,106823  ,1094.0,1093±N/A (1),,同分异构
38284-27-4,Ketone,"3,5-Octadien-2-one",21.719,5352876 ,1095.0,1091±10 (20),非靶确定,
78-70-6,Terpene,Linalool,22.077,6549,1101.0,1099±2 (976),非靶确定,
124-19-6,Aldehyde,Nonanal,22.352,31289 ,1105.0,1104±2 (556),非靶确定,
1604-28-0,Ketone,"6-Methyl-3,5-heptadiene-2-one",22.504,5370101,1107.0,1107±1 (13),非靶确定,
60-12-8,Alcohol,Phenylethyl Alcohol,22.931,6054 ,1113.0,1116±5 (262),非靶确定,
89-79-2,Terpene,Isopulegol,24.868,170833  ,1141.0,1146±3 (32),非靶确定,
50373-36-9,Terpene,dl-Isopulegol,25.535, 170833 ,1151.0,1163±4 (2),,RI 相差大
1490-04-6 ,Alcohol,Menthol(X),26.864, 1254,1170.0,1169±2 (3),,同分异构
562-74-3,Terpene,Terpinen-4-ol,27.056,11230 ,1173.0,1177±2 (764),非靶确定,
500-02-7,Ketone,Crypton,27.688,92780 ,1182.0,1184±4 (38),非靶确定,
98-55-5,Terpene,alpha-Terpineol(X),28.081,17100 ,1188.0,1189±2 (811),,同分异构
119-36-8,Acid,Methyl salicylate,28.252,4133 ,1191.0,1192±2 (145),非靶确定,
5948-04-9,Terpene,trans-Dihydrocarvone(X),28.444, 22227  ,1193.0,1201±2 (50),,"分低,RI相差大"
140-67-0,Benzene Derivative,Estragole,28.625,8815 ,1196.0,1196±1 (86),非靶确定,
112-31-2,Aldehyde,Decanal,29.297,8175  ,1206.0,1206±2 (406),非靶确定,
5779-94-2,Aldehyde,"Benzaldehyde, 2,5-dimethyl-",29.694,22015,1212.0,1208±0 (2),非靶确定,
18679-48-6,Terpene,2-Hydroxycineol,30.288,529885  ,1221.0,1228±5 (6),,RI 相差大
106-22-9,Terpene,Citronellol,30.98,8842  ,1231.0,1228±3 (181),非靶确定,
122-03-2,Terpene,"Benzaldehyde, 4-(1-methylethyl)-",31.259,326  ,1235.0,1239±3 (122),非靶确定,
99-49-0,Terpene,Carvone,31.607,7439  ,1240.0,1242±4 (307),非靶确定,
89-81-6,Terpene,Piperitone,32.255,6987  ,1250.0,1253±3 (129),非靶确定,
106-24-1,Terpene,Geraniol(X),32.691,637566,1256.0,1255±3 (343),,同分异构
141-27-5,Terpene,alpha-Citral(X),33.648,638011  ,1271.0,1270±2 (36),,同分异构
1197-15-5,Aldehyde,alpha-Terpinen-7-al,34.178,526762,1279.0,1283±2 (21),非靶确定,
104-46-1,Benzene Derivative,Anethole(X),34.467,637563,1283.0,1286±2 (6),,同分异构
536-60-7,Terpene,p-Cymen-7-ol(X),35.036,325 ,1291.0,1289±2 (57),,分低
112-12-9,Ketone,2-Undecanone,35.242,8163 ,1294.0,1294±2 (160),非靶确定,
6555-95-9,Other,"Bicyclo[2.2.2]octane, 1-methoxy-4-methyl-(X)",38.317,23049 ,1342.0,1341±N/A (1),,分低
80-26-2 ,Terpene,alpha-Terpinyl acetate,38.602,111037 ,1346.0,1350±3 (156),非靶确定,
97-53-0,Other,Eugenol,39.166,3314  ,1355.0,1357±3 (355),非靶确定,
104-61-0 ,Furan,"2(3H)-Furanone, dihydro-5-pentyl-",39.558,7710 ,1361.0,1363±5 (82),非靶确定,
14912-44-8,Terpene,Ylangene(X),39.995,20055075 ,1368.0,1372±2 (170),,同分异构
514-51-2 ,Other,beta-Patchoulene(X),40.186,12313993  ,1371.0,1381±4 (23),,RI 相差大
13019-16-4,Aldehyde,"2-Octenal, 2-butyl-",40.24,5362697,1372.0,1378±10 (9),非靶确定,
105-87-3 ,Ester,Geranyl acetate(X),41.074,1549026  ,1384.0,1382±3 (206),,分低
629-59-4,Alkane,Tetradecane,41.692,12389  ,1398.0,1400,非靶确定,
489-40-7 ,Other,alpha-Gurjunene(x),42.06,16213731  ,1400.0,1409±2 (196),,RI 相差大
87-44-5,Terpene,Caryophyllene(x),42.599,5281515  ,1408.0,1419±3 (983),,RI 相差大
489-39-4,Terpene,Aromandendrene(x),43.791,11095734  ,1428.0,1440±1 (5),,RI 相差大
3691-12-1,Terpene,alpha-Guaiene,43.958,5317844  ,1431.0,1439±2 (125),非靶确定,
560-32-7,Terpene,alpha-Patchoulene(x),44.649,521710  ,1442.0,1457±5 (15),,RI 相差大
25246-27-9 ,Terpene,Alloaromadendrene(X),44.865,10899740  ,1445.0,1461±2 (343),,RI 相差大
25246-27-9 ,Terpene,Alloaromadendrene(X),45.12,10899740  ,1449.0,1461±2 (343),,RI 相差大
3796-70-1 ,Terpene,trans-Geranylacetone,45.213,1549778,1451.0,1453±2 (154),非靶确定,
22567-17-5,Terpene,gamma-Gurjunene(X),46.253,90805  ,1468.0,1473±2 (85),,分低
644-30-4,Terpene,alpha-Curcumene,46.798,92139  ,1477.0,1483±3 (162),非靶确定,
4630-07-3,Terpene,Valencen(X),47.283,9855795 ,1485.0,1492±3 (152),,同分异构
495-60-3,Terpene,Zingiberene,47.582,92776  ,1490.0,1495±2 (93),非靶确定,
3691-11-0,Terpene,alpha-Bulnesene(X),47.98,94275 ,1496.0,1505±3 (51),,RI 相差大
495-61-4 ,Terpene,beta-Bisabolene(X),48.353,10104370 ,1502.0,1509±3 (312),,同分异构
39029-41-9,Terpene,gamma-Cadinene(X),48.441,92313,1504.0,1513±2 (485),,RI 相差大
128-37-0 ,Terpene,Butylated Hydroxytoluene,48.608,31404  ,1507.0,1513±5 (51),非靶确定,
5875-45-6,Benzene Derivative,"Phenol, 2,5-di-tert-butyl-",48.907,79983  ,1512.0,1514±N/A (1),非靶确定,
523-47-7 ,Terpene,"Cadina-3,9-diene",49.074,10657  ,1515.0,1518±10 (30),非靶确定,
20307-83-9,Other,beta-Sesquiphellandrene,49.196,519764  ,1517.0,1524±2 (114),非靶确定,
21391-99-1,Terpene,alpha-Calacorene(X),50.123, 12302243  ,1533.0,1542±3 (219),,RI 相差大
14905-56-7,Other,"2,6,10-Trimethyltetradecane(X)",50.393,85785 ,1537.0,1539±1 (17),,分低
577-27-5 ,Terpene,Ledol(X),50.996,11074994  ,1548.0,1565±4 (89),,RI 相差大
1139-30-6 ,Terpene,Caryophyllene oxide(X),51.172,1742210 ,1560.0,1581±2 (669),,RI 相差大
489-41-8,Terpene,(-)-Globulol,52.394,12304985  ,1572.0,1580±N/A (1),非靶确定,
18296-44-1,Other,Unkown,53.797,442436  ,1596.0,,,"分低,无NIST RI"
732-26-3 ,Benzene Derivative,"Phenol, 2,4,6-tri-tert-butyl-(X)",54.16,12902,1602.0,1627±N/A (1),,RI 相差大
,Other,Unkown,54.238,,1604.0,,,"分低,无NIST RI"
484-31-1,Other,Dill apiol(X),55.072,10231  ,1619.0,1622±4 (36),,分低
5986-55-0,Terpene,Patchouli alcohol(X),56.21,10955174  ,1640.0,1660±3 (11),,RI 相差大
532-65-0,Ketone,aR-Turmerone,57.319,160512  ,1660.0,1664±5 (17),非靶确定,
629-78-7,Alkane,Heptadecane(X),59.746,12398  ,1705.0,1700,,分低
7350-11-0 ,Other,"alpha-Phellandrene, dimer(X)",60.474,6431154  ,1792.0,1801±N/A (1),,"分低,RI相差大"
593-45-3,Alkane,Octadecane(X),63.768,11635  ,1799.0,1800,,分低
104-66-5,Benzene Derivative,"Ethane, 1,2-diphenoxy-",63.896,7713 ,1807.0,1811±N/A (1),非靶确定,
629-80-1,Aldehyde,Hexadecanal,64.024,984 ,1819.0,1817±6 (61),非靶确定,
502-69-2,Ketone,"2-Pentadecanone, 6,10,14-trimethyl-",64.362,10408  ,1852.0,1844±4 (20),非靶确定,
112-39-0 ,Ester,"Hexadecanoic acid, methyl ester",65.058,8181  ,1931.0,1926±2 (136),非靶确定,
