CAS,Class,Name,RT,CID,MSDIAL RI,NIST RI,Note,Note.1
7446-09-5,Other,Sulfur dioxide,1.467,1119  ,,,,无NIST RI
75-07-0 ,Aldehyde,Acetaldehyde,1.501,177 ,,404±23 (15),非靶确定,解卷积
64-17-5,Alcohol,Ethanol,1.589,702 ,,427±19 (38),非靶确定,
67-64-1,ketone,Acetone,1.678,180,,486±16 (51),非靶确定,解卷积
97797-57-4 ,Other,1-Ethyl-5-methylcyclopentene(X),3.846,557171,,815±13 (2),,分低
66-25-1,Aldehyde,Hexanal,5.44,6184  ,,800±2 (453),非靶确定,
123-35-3 ,Terpene,beta-Myrcene(X),14.813,31253  ,992.0,991±2 (840),,分低
99-83-2,Terpene,alpha-Phellandrene,15.382,7460  ,1001.0,1005±2 (509),非靶确定,解卷积
99-86-5,Terpene,alpha-Terpinene,16.192,7462 ,1013.0,1017±2 (534),非靶确定,解卷积
99-87-6,Terpene,p-Cymene(X),16.756,7463,1022.0,1025±2 (820),,分低
1461-27-4 ,Terpene,D-sylvestrene(X),16.952,102625  ,1025.0,1027±3 (19),,分低
470-82-6,Other,Eucalyptol,17.094,2758  ,1027.0,1032±2 (580),非靶确定,
104-76-7,Alcohol,"1-Hexanol, 2-ethyl-",17.467,7720 ,1032.0,1030±3 (86),非靶确定,解卷积
122-78-1 ,Aldehyde,Benzeneacetaldehyde,18.306,998 ,1045.0,1045±4 (378),非靶确定,
99-85-4,Terpene,gamma-Terpinene(X),19.032,7461 ,1056.0,1060±3 (739),,分低
824-90-8,Benzene Derivative,1-Phenyl-1-butene(X),20.155,5370622  ,1072.0,1080±N/A (1),,分低
78-70-6,Terpene,Linalool,22.043,6549,1100.0,1099±2 (976),非靶确定,
124-19-6,Aldehyde,Nonanal,22.362,31289 ,1105.0,1104±2 (556),非靶确定,
89-79-2,Terpene,Isopulegol,24.898,170833  ,1142.0,1146±3 (32),非靶确定,
513-20-2,ketone,Sabina ketone(X),25.82,92784  ,1155.0,1156±2 (34),,分低
464-45-9,Terpene,L-Borneol,26.203,1201518  ,1161.0,1166±7 (3),非靶确定,
562-74-3,Terpene,Terpinen-4-ol,27.047,11230 ,1173.0,1177±2 (764),非靶确定,
98-55-5,Terpene,alpha-Terpineol(X),28.067,17100 ,1188.0,1189±2 (811),,同分异构
140-67-0 ,Terpene,Estragole,28.788,8815  ,1198.0,1196±1 (86),非靶确定,
80-57-9,Terpene,2-Pinen-4-one(X),29.244,29025  ,1205.0,1205±2 (185),,同分异构
112-31-2,Aldehyde,Decanal,29.347,8175 ,1207.0,1206±2 (406),非靶确定,
106-22-9,Terpene,Citronellol,31.005,8842  ,1231.0,1228±3 (181),非靶确定,
122-03-2,Terpene,"Benzaldehyde, 4-(1-methylethyl)-",31.334,326 ,1236.0,1239±3 (122),非靶确定,
99-49-0,Terpene,Carvone(X),31.672,7439  ,1241.0,1242±4 (307),,同分异构
89-81-6,Terpene,Piperitone,32.329,6987  ,1251.0,1253±3 (129),非靶确定,
123-11-5,Aldehyde,"Benzaldehyde, 4-methoxy-",32.682,31244  ,1256.0,1251±3 (44),非靶确定,
106-24-1,Terpene,Geraniol(X),32.79,637566 ,1258.0,1255±3 (343),,分低
14371-10-9,Other,"Cinnamaldehyde, (E)-(X)",33.713,637511,1272.0,1270±4 (24),,同分异构
104-46-1,Benzene Derivative,Anethole(X),34.463,637563  ,1283.0,1286±2 (6),,同分异构
97-53-0,Other,Eugenol,39.142,3314  ,1355.0,1357±3 (355),非靶确定,
501-19-9,Other,3-Allyl-6-methoxyphenol,40.05,596375 ,1369.0,1375±13 (3),非靶确定,
629-59-4,Alkane,Tetradecane(X),41.968,12389 ,1398.0,1400,,分低
93-15-2,Other,Methyleugenol,42.537,7127 ,1407.0,1402±2 (165),非靶确定,解卷积
112-53-8,Alcohol,1-Dodecanol,46.73,8193,1475.0,1473±4 (64),非靶确定,
629-62-9,Alkane,Pentadecane(X),47.741,12391,1492.0,1500,,分低
55045-11-9,Other,"Tridecane, 5-propyl-(X)",48.04,41310 ,1497.0,1502±N/A (1),,分低
128-37-0,Benzene Derivative,Butylated Hydroxytoluene(X),48.604,31404  ,1507.0,1513±5 (51),,分低
5875-45-6,Other,"Phenol, 2,5-bis(1,1-dimethylethyl)-",48.879,79983 ,1511.0,1514±N/A (1),非靶确定,
14905-56-7,Other,"Tetradecane, 2,6,10-trimethyl-(X)",50.389,85785 ,1537.0,1539±1 (17),,分低
6846-50-0,Other,Kodaflex txib(X),53.568,23284,1592.0,1588±N/A (1),,分低
544-76-3,Alkane,Hexadecane,53.803,11006 ,1596.0,1600,非靶确定,解卷积
484-31-1,Other,Dill apiol(X),55.083,10231 ,1619.0,1622±4 (36),,分低
629-78-7,Alkane,Heptadecane,59.292,12398,1696.0,1700,非靶确定,
1560-89-0,Other,"Heptadecane, 2-methyl-(X)",62.029,15265,1758.0,1765±1 (4),,分低
1620-98-0,Aldehyde,"3,5-di-tert-Butyl-4-hydroxybenzaldehyde(X)",62.387,73219,1767.0,1772±1 (4),,分低
593-45-3,Alkane,Octadecane,63.77,11635 ,1799.0,1800,非靶确定,
104-66-5 ,Benzene Derivative,"Ethane, 1,2-diphenoxy-",63.912,7713 ,1808.0,1811±N/A (1),非靶确定,
629-92-5,Other,Nonadecane,64.849,12401 ,1898.0,1900,非靶确定,解卷积
