CAS,Class,Name,RT,CID,MSDIAL RI,NIST RI,Note,Note.1
64-17-5,Alcohol,Ethanol,1.57,702 ,,427±19 (38),非靶确定,
64-19-7,Acid,Acetic acid,2.193,176,,610±10 (91),非靶确定,
6108-61-8,Other,"(Z),(Z)-2,4-Hexadiene(X)",2.369,5326156 ,,661±0 (3),,同分异构
137-32-6,Alcohol,"1-Butanol, 2-methyl-(X)",3.811,8723  ,,739±5 (105),,分低
2867-05-2,Terpene,3-Thujene(X),11.071,17868  ,928.0,929±2 (488),,同分异构
79-92-5,Terpene,Camphene(x),11.851,6616  ,941.0,952±2 (609),,RI 相差大
36262-09-6,Terpene,Dehydrosabinene(X),12.238,524198  ,948.0,956±2 (59),,分低
3387-41-5,Terpene,Sabinen,13.509,18818  ,969.0,974±2 (619),非靶确定,
123-35-3 ,Terpene,beta-Myrcene,14.75,31253  ,991.0,991±2 (840),非靶确定,
99-83-2,Terpene,alpha-Phellandrene,15.358,7460  ,1001.0,1005±2 (509),非靶确定,
99-86-5,Terpene,alpha-Terpinen,16.172,7462  ,1013.0,1017±2 (534),非靶确定,
527-84-4,Terpene,o-Cymene(X),16.712,10703  ,1021.0,1022±2 (114),,同分异构
1461-27-4 ,Terpene,D-sylvestrene(X),16.932,102625  ,1024.0,1027±3 (19),,同分异构
104-76-7,Alcohol,"1-Hexanol, 2-ethyl-(X)",17.506,7720 ,1033.0,1030±3 (86),,分低
3338-55-4,Terpene,beta-cis-Ocimene(X),17.85,5320250,1038.0,1038±2 (446),,分低
3779-61-1,Terpene,trans-beta-Ocimene(X),18.502,5281553  ,1048.0,1049±2 (548),,同分异构
99-85-4,Terpene,gamma-Terpinene,19.007,7461 ,1055.0,1060±3 (739),非靶确定,
5989-33-3,Furan,cis-Linalool oxide,20.013,6428573,1070.0,1074±4 (179),非靶确定,
111-87-5,Alcohol,1-Octanol,20.371,957 ,1075.0,1071±3 (226),非靶确定,
586-62-9,Terpene,Terpinolene(X),20.979,11463 ,1085.0,1088±2 (607),,同分异构
,Other,Ethyl 2-(5-methyl-5-vinyltetrahydrofuran-2-yl)propan-2-yl carbonate,21.111,91694113,1086.0,1090±N/A (1),非靶确定,
78-70-6,Terpene,Linalool,22.382,6549,1105.0,1099±2 (976),非靶确定,
29957-43-5,Other,"1,5,7-Octatrien-3-ol, 3,7-dimethyl-",22.495,5366264,1107.0,1107±1 (18),非靶确定,
4501-58-0 ,Aldehyde,alpha-Campholenal(X),23.618,1252759 ,1123.0,1125±2 (165),,分低
7216-56-0,Terpene,Neo-allo-ocimene,24.01,5371125 ,1129.0,1131±0 (2),,
547-61-5,Alcohol,L-Pinocarveol(X),24.329,1201530 ,1134.0,1139±2 (234),,同分异构
464-48-2 ,Terpene,L-camphor(X),24.668,444294  ,1138.0,1142±3 (2),,分低
89-79-2,Terpene,Isopulegol,24.908,170833  ,1142.0,1146±3 (32),非靶确定,
106-23-0,Terpene,Citronellal(X),25.712,7794  ,1154.0,1153±2 (103),,同分异构
464-45-9 ,Terpene,L-Borneol(X),26.188,1201518,1161.0,1166±7 (3),,同分异构
1686-20-0,Other,"p-Mentha-1,5-dien-8-ol",26.512,519323 ,1165.0,1167±3 (83),非靶确定,
39028-58-5,Terpene,"trans-Linalool 3,7-oxide(X)",26.659,6427788  ,1169.0,1173±4 (11),,分低
562-74-3,Terpene,Terpinen-4-ol,27.061,11230 ,1173.0,1177±2 (764),非靶确定,
98-55-5,Terpene,alpha-Terpineol(X),28.047,17100 ,1188.0,1189±2 (811),,同分异构
13741-21-4,Alcohol,"3,7-Octadiene-2,6-diol, 2,6-dimethyl-",28.469,5352451  ,1194.0,1190±7 (14),非靶确定,
140-67-0,Benzene Derivative,Estragole,28.621,8815 ,1196.0,1196±1 (86),非靶确定,
1196-01-6,Terpene,Levoverbenone,29.234,92874  ,1205.0,1204±N/A (1),非靶确定,
80-57-9,Terpene,Berbenone,29.352,29025  ,1207.0,1205±2 (185),非靶确定,
29548-14-9,Terpene,p-Menth-1-en-9-al(X),29.676,520440 ,1211.0,1229±5 (9),,RI 相差大
29548-14-9,Terpene,p-Menth-1-en-9-al(X),29.818,520440 ,1214.0,1229±5 (9),,RI 相差大
106-22-9,Terpene,Citronellol,30.946,8842 ,1230.0,1228±3 (181),非靶确定,
122-03-2,Terpene,"Benzaldehyde, 4-(1-methylethyl)-",31.324,326 ,1236.0,1239±3 (122),非靶确定,
106-26-3,Terpene,Neral(X),31.647,643779  ,1241.0,1240±3 (168),,分低
106-24-1,Terpene,Geraniol(X),32.054,637566 ,1247.0,1255±3 (343),,分低
25679-28-1,Other,cis-Anethole,32.363,1549040 ,1252.0,1254±8 (13),非靶确定,
106-24-1,Terpene,Geraniol,32.677,637566 ,1256.0,1255±3 (343),非靶确定,
2270-60-2,Terpene,Methyl citronellate,33.084,61290  ,1262.0,1261±0 (22),非靶确定,
14371-10-9 ,Terpene,"Cinnamaldehyde, (E)-(X)",33.472,637511  ,1268.0,1270±4 (24),,同分异构
141-27-5,Terpene,alpha-Citral,33.658,638011 ,1271.0,1270±2 (36),非靶确定,解卷积
4180-23-8,Other,Anethole(X),34.468,637563  ,1283.0,1284±3 (76),,同分异构
1079-01-2,Terpene,Myrtenyl acetate,37.043,11435490  ,1322.0,1327±4 (22),非靶确定,
1189-09-9,Ester,trans-Geranic acid methyl ester,37.2,5365910,1324.0,1324±2 (13),非靶确定,
150-84-5,Terpene,Citronellol acetate,39.108,9017 ,1354.0,1354±2 (98),非靶确定,
97-53-0,Other,Eugenol,39.25,3314  ,1356.0,1357±3 (355),非靶确定,
141-12-8,Ester,Nerol acetate,39.834,1549025,1365.0,1364±3 (151),非靶确定,
14912-44-8,Terpene,Ylangene(X),39.991,20055075 ,1369.0,1372±2 (170),,同分异构
105-87-3,Terpene,Geranyl acetate,41.197,1549026  ,1386.0,1382±3 (206),非靶确定,
87-44-5,Terpene,Caryophyllene(X),42.61,5281515 ,1409.0,1419±3 (983),,RI 相差大
17699-05-7,Terpene,alpha-Bergamotene,43.88,86608  ,1429.0,1435±4 (33),非靶确定,解卷积
5875-45-6,Other,"Phenol, 2,5-di-tert-butyl-",48.927,79983 ,1512.0,1514±N/A (1),非靶确定,
1139-30-6,Terpene,Caryophyllene oxide(X),52.287,1742210 ,1570.0,1581±2 (669),,"分低,RI相差大"
629-78-7,Alkane,Heptadecane(X),59.297,12398  ,1696.0,1700,,分低
124-06-1,Ester,"Tetradecanoic acid, ethyl ester(X)",63.745,31283 ,1798.0,1794±1 (45),,分低
629-92-5,Alkane,Nonadecane(X),64.589, 12401  ,1899.0,1900,,分低
