CAS,Class,Name,RT,CID,MSDIAL RI,NIST RI,Note,Note.1
2867-05-2,Terpene,3-Thujene,10.799,17868  ,923,929±2 (488),非靶确定,
80-56-8,Terpene,alpha-Pinene,11.084,6654,928,937±3 (995),非靶确定,
79-92-5,Terpene,Camphene(x),11.864,6616  ,941,952±2 (609),,RI 相差大
3387-41-5,Terpene,Sabinen(X),13.586,18818  ,971,974±2 (619),,同分异构
92760-25-3 ,Other,"2,3-Dehydro-1,8-cineole",14.576,523035  ,988,991±2 (44),非靶确定,
123-35-3 ,Terpene,beta-Myrcene,14.763,31253  ,991,991±2 (840),非靶确定,
99-83-2,Terpene,alpha-Phellandrene,15.376,7460  ,1001,1005±2 (509),非靶确定,
99-86-5,Terpene,alpha-Terpinene,16.175,7462 ,1013,1017±2 (534),非靶确定,
527-84-4 ,Terpene,o-Cymene(x),16.729,10703 ,1021,1022±2 (114),,分低
555-10-2 ,Terpene,beta-Phellandrene,16.926,11142 ,1024,1031±2 (279),非靶确定,
470-82-6,Other,Eucalyptol,17.068,2758  ,1026,1032±2 (580),非靶确定,
100-51-6,Alcohol,Benzyl alcohol,17.97,244 ,1040,1036±4 (174),非靶确定,
99-85-4,Terpene,gamma-Terpinene,19.064,7461 ,1056,1060±3 (739),非靶确定,
5989-33-3,Furan,cis-Linalool oxide(X),20.055,6428573,1071,1074±4 (179),,分低
586-62-9,Terpene,Terpinolene(X),20.982,11463 ,1085,1088±2 (607),,同分异构
1195-32-0,Terpene,p-Cymenene,21.08,62385  ,1086,1090±2 (106),非靶确定,
78-70-6,Terpene,Linalool,22.066,6549,1101,1099±2 (976),非靶确定,
21195-59-5,Other,"p-Mentha-1,5,8-triene",22.566,527424  ,1108,1111±1 (58),非靶确定,
29803-82-5,Other,cis-2-p-Menthen-1-ol(X),23.268,122485  ,1118,1122±3 (120),,分低
4501-58-0,Aldehyde,alpha-Campholenal(X),23.577, 1252759,1123,1125±2 (165),,分低
460-01-5 ,Terpene,Cosmene,24.102,5368451  ,1130,1131±1 (4),非靶确定,
547-61-5,Alcohol,L-trans-Pinocarveol(X),24.303, 1201530 ,1133,1139±2 (234),,同分异构
460-01-5 ,Terpene,Cosmene(x),24.102,5368451  ,1136,1131±1 (4),,RI 相差大
55511-67-6,Other,"3-Cyclohexene-1-methanol, alpha,4-dimethyl-(X)",24.867,564736,1141,1148±N/A (1),,分低
43219-68-7,Ketone,"1,4-Dimethyl-delta-3-tetrahydroacetophenone",25.2,65289 ,1146,1149±4 (2),非靶确定,
30460-92-5,Terpene,Pinocarvone,25.931,121719 ,1157,1164±N/A (1),非靶确定,
4017-82-7,Other,trans-2-Caren-4-ol(X),26.451,520984 ,1164,1178±24 (3),,分低，RI相差大
6909-20-2,Other,"Carane, 4,5-epoxy-, trans(X)",26.691,119627 ,1168,1179±N/A (1),,分低，RI相差大
562-74-3,Terpene,Terpinen-4-ol,27.04,11230 ,1173,1177±2 (764),非靶确定,
29606-79-9,Terpene,Isopulegon(X),27.525,34645 ,1180,1177±15 (11),,分低
500-02-7,Other,Crypton,27.682,92780  ,1182,1184±4 (38),非靶确定,
98-55-5,Terpene,alpha-Terpineol,28.075,17100 ,1188,1189±2 (811),非靶确定,
27841-22-1,Other,3-p-Menthen-7-al(X),28.236,15601950,1190,1169±27 (2),,RI 相差大
515-00-4,Terpene,2-Pinen-10-ol(x),28.472,10582 ,1193,1195±2 (203),,分低
140-67-0 ,Terpene,Estragole,28.653,8815  ,1196,1196±1 (86),非靶确定,
28587-54-4,Other,Trifluoroacetyl-isopulegol(x),29.664,557147 ,1211,,,无NIST RI
122-03-2,Terpene,"Benzaldehyde, 4-(1-methylethyl)-",31.611,326  ,1240,1239±3 (122),非靶确定,
67999-48-8,Terpene,cis-Chrysanthenyl acetate(x),32.548,6431301 ,1254,1262±2 (48),,分低
499-74-1,Ketone,Carvenone,32.783,10363 ,1258,1257±5 (14),非靶确定,
21391-98-0 ,Terpene,Phellandral,33.72,89488 ,1272,1276±4 (20),非靶确定,
19898-87-4,Other,"p-Menth-2-en-7-ol, trans-(x)",33.926, 22215197 ,1275,1261±7 (2),,RI 相差大
104-55-2,Other,"2-Propenal, 3-phenyl-",34.147,637511,1278,1274±15 (20),非靶确定,
1197-15-5,Other,alpha-Terpinen-7-al,34.382,526762  ,1282,1283±2 (21),非靶确定,
22580-90-1,Other,"1,4-p-Menthadien-7-al",35.035,6429112  ,1291,1288±10 (2),非靶确定,
536-60-7,Alcohol,p-Cymen-7-ol(X),35.706, 325,1301,1289±2 (57),,分低，RI相差大
536-59-4,Terpene,"p-Mentha-1,8-dien-7-ol",35.785,10819 ,1303,1296±3 (40),非靶确定,
499-75-2,Terpene,Carvacrol,36.045,10364  ,1307,1299±2 (278),非靶确定,
,Other,"2-Methyl-5-(propan-2-ylidene)cyclohexane-1,4-diol(X)",36.408, 91697160  ,1312,1322±N/A (1),,分低，RI相差大
24145-89-9,Other,Unkown,36.697,22217023  ,1317,,,分低，无NIST RI
22539-72-6,Other,"p-Mentha-1,4-dien-7-ol",37.521,519966  ,1329,1330±4 (5),非靶确定,
77026-88-1 ,Other,"(1R,4R)-p-Mentha-2,8-diene, 1-hydroperoxide(X)",37.796,6431185  ,1334,,,无NIST RI
77026-87-0,Other,Unkown,38.939,538497 ,1351,,,分低，无NIST RI
97-53-0,Other,Eugenol,39.243,3314  ,1356,1357±3 (355),非靶确定,
59742-39-1,Terpene,"1H-Indene, 2,3,3a,4-tetrahydro-3,3a,6-trimethyl-1-(1-methylethyl)-(x)",40.199,570507 ,1371,1372±0 (2),,分低
16661-00-0 ,Other,Daucene,40.356,177773,1373,1381±2 (14),非靶确定,
16661-00-0 ,Other,Daucene(X),40.876,177773,1381,1381±2 (14),,分低
87-44-5,Terpene,Caryophyllene,42.666,5281515 ,1410,1419±3 (983),非靶确定,
469-61-4,Terpene,Cedr-8-ene(X),43.078,6431015  ,1416,1411±3 (93),,分低
59230-57-8,Ester,Cuminyl acetate,43.383,100990  ,1421,1428±4 (2),非靶确定,
17699-05-7,Other,alpha-Bergamotene,43.917,86608  ,1430,1435±4 (33),非靶确定,
6753-98-6,Terpene,Humulene(X),44.736,5281520  ,1443,1454±3 (792),,RI 相差大
157477-72-0,Other,"cis-Muurola-4(15),5-diene(X)",45.168,91747213  ,1450,1463±4 (52),,RI 相差大
18794-84-8,Terpene,(E)-beta-Famesene,45.443,5281517 ,1455,1457±2 (253),非靶确定,
157477-72-0,Other,"cis-Muurola-4(15),5-diene",45.776,91747213  ,1460,1463±4 (52),非靶确定,
24048-44-0,Other,Acoradien,46.046, 90351  ,1465,1471±8 (11),非靶确定,
644-30-4,Terpene,alpha-Curcumene,46.836,92139,1477,1483±3 (162),非靶确定,
17066-67-0,Terpene,beta-Eudesmene,46.434, 28237  ,1487,1486±3 (349),非靶确定,
1212211-43-2,Terpene,"Aromadendrane-4,10-diol(X)",47.669,3411815,1491,,,分低，无NIST RI
206115-88-0,Other,Cosmen-2-ol(X),48.238,,1500,,,分低，无NIST RI
495-61-4 ,Terpene,beta-Bisabolene,48.371,10104370 ,1503,1509±3 (312),非靶确定,
20307-83-9,Terpene,beta-Sesquiphellandrene(X),49.219,519764 ,1517,1524±2 (114),,分低
53585-13-0,Terpene,trans-gamma-Bisabolene(X),49.68,5352437  ,1525,1533±3 (62),,分低
1139-30-6,Terpene,Caryophyllene oxide(X),52.296,1742210  ,1570,1581±2 (669),,RI 相差大
465-28-1,Terpene,Carotol,53.084,442347  ,1584,1594±2 (26),非靶确定,
,Other,Unkown,55.831,,1633,,,无NIST RI
28400-11-5,Terpene,beta-Acorenol(X),56.915,14105907 ,1652,1649±N/A (1),,分低
20056-60-4,Other,"Anisole, m-octyl-(x)",57.46,578944 ,1662,,,分低，无NIST RI
2749-70-4,Other,Benzylformal(X),58.514,75979,1682,,,分低，无NIST RI
7350-11-0 ,Terpene,"alpha-Phellandrene, dimer",63.473,6431154 ,1792,1801±N/A (1),非靶确定,
593-45-3,Alkane,Octadecane(X),63.772, 11635  ,1799,1800,,分低
502-69-2,Terpene,"2-Pentadecanone, 6,10,14-trimethyl-(X)",64.371, 10408  ,1852,1844±4 (20),,RI 相差大
112-39-0,Ester,"Hexadecanoic acid, methyl ester",65.067,8181,1932,1926±2 (136),非靶确定,
