CID,CAS,Class,RT,NAME
702,64-17-5 ,Alcohol,1.565,Ethanol
6343,75-08-1 ,Others,1.683,Ethanethiol
456,585-05-7 ,Acid,1.756,"Acetic acid, methyl ester"
7904,108-05-4 ,Ester,2.031,Acetic acid ethenyl ester
12320,627-50-9 ,Others,3.1,Ethylvinyl sulfide
179,513-86-0,Ketone,3.448,Acetoin
12180,623-42-7 ,Ester,3.62,"Butanoic acid, methyl ester"
7342,97-62-1 ,Ester,4.463,"Isobutyric acid, ethyl ester"
61171,625-60-5 ,Ketone,4.655,S-Ethyl ethanethioate
13357,868-57-5 ,Ester,4.954,"Butanoic acid, 2-methyl-, methyl ester"
7762,105-54-4 ,Ester,5.749,"Butanoic acid, ethyl ester"
7803, 106-36-5 ,Ester,6.042,"Propanoic acid, propyl ester"
31272,123-86-4 ,Ester,6.204,"Acetic acid, butyl ester"
429065,623-70-1 ,Ester,7.44,"2-Butenoic acid, ethyl ester, (E)-"
24020,7452-79-1 ,Ester,7.818,"Butanoic acid, 2-methyl-, ethyl ester"
7945, 108-64-5 ,Ester,7.886,"Butanoic acid, 3-methyl-, ethyl ester"
7809,106-42-3 ,Benzene derivatives,8.147,p-Xylene
61295, 2307-10-0 ,Ketone,8.216,"Ethanethioic acid, S-propyl ester"
31276,123-92-2 ,Ester,8.706,"1-Butanol, 3-methyl-, acetate"
12209, 624-41-9 ,Ester,9.029,"1-Butanol, 2-methyl-, acetate"
7501,100-42-5,Benzene derivatives,9.402,Styrene
7770,105-66-8 ,Ester,10,"Butanoic acid, propyl ester"
10882,539-82-2 ,Ester,10.147,"Pentanoic acid, ethyl ester"
11529,590-01-2 ,Ester,10.575,"Propanoic acid, butyl ester"
8077,110-81-6,Others,11.02,Diethyl disulfide
7824,106-70-7,Ester,11.452,Methyl caproate
62572,5405-41-4,Alcohol/Ester,12.016,"Butanoic acid, 3-hydroxy-, ethyl ester"
5281163,5837-78-5 ,Ester,12.33,Ethyl tiglate
162239,37064-20-3 ,Ester,12.722,"Butanoic acid, 2-methyl-, propyl ester"
78199,4455-13-4 ,Ester,14.998,Ethyl (methylthio)acetate
7983,109-21-7 ,Ester,15.929,"Butanoic acid, butyl ester"
31265, 123-66-0 ,Ester,15.8-16.395,"Hexanoic acid, ethyl ester"
7720,104-76-7 ,Alcohol,17.745,"1-Hexanol, 2-ethyl-"
5367762,61692-83-9 ,Ester,18.167,"2-Butenoic acid, 2-methyl-, propyl ester, (E)-"
5364778,1552-67-6 ,Ester,19.083,"2-Hexenoic acid, ethyl ester"
7795,106-27-4,Ester,19.892,"Butanoic acid, 3-methylbutyl ester"
162627,51115-64-1 ,Ester,20.059,"Butanoic acid, 2-methylbutyl ester"
12293,626-77-7,Ester,22.678,"Hexanoic acid, propyl ester"
7797,106-30-9 ,Ester,22.869,"Heptanoic acid, ethyl ester"
8091,111-11-5,Ester,24.644,"Octanoic acid, methyl ester"
77151,3600-24-6,Others,25.086,"Trisulfide, diethyl"
12294,626-82-4 ,Ester,29.254,"Hexanoic acid, butyl ester"
7799,106-32-1 ,Ester,29.794,"Octanoic acid, ethyl ester"
161528,1117-65-3,Ester,30,"3-Octenoic acid, ethyl ester"
69351,624-13-5,Ester,36.067,Propyl octanoate
8048,110-38-3,Ester,42.717,"Decanoic acid, ethyl ester"
