CAS,Class,Name,RT,CID,MSDIAL RI,NIST RI,Note,Note.1
64-17-5,Alcohol,Ethanol,1.57,702 ,,427±19 (38),非靶确定,
75-05-8,Other,Acetonitrile,1.648,6342 ,,444±6 (15),非靶确定,解卷积
591-93-5,Other,"1,4-Pentadiene",1.683,11587 ,,464±1 (11),非靶确定,
115-18-4,Alcohol,"3-Buten-2-ol, 2-methyl-",2.129,8257 ,,614±6 (9),非靶确定,
123-51-3,Alcohol,"1-Butanol, 3-methyl-",3.689,31260 ,,736±5 (154),非靶确定,
565-61-7,Ketone,"2-Pentanone, 3-methyl-",4.091,11262 ,,752±4 (17),非靶确定,解卷积
108-88-3,Benzene Derivative,Toluene,4.39,1140,,763±8 (328),非靶确定,
556-82-1,Alcohol,Prenol,4.773,11173  ,,775±4 (45),非靶确定,
141-79-7,Ketone,"3-Penten-2-one, 4-methyl-",5.337,8858 ,,798±4 (18),非靶确定,
108-64-5,Ester,"Butanoic acid, 3-methyl-, ethyl ester",7.426,7945 ,,854±2 (72),非靶确定,
503-74-2 ,Other,"Butanoic acid, 3-methyl-",8.221,10430 ,870.0,863±16 (120),非靶确定,
123-92-2,Ester,"1-Butanol, 3-methyl-, acetate",8.466,31276 ,877.0,876±2 (100),非靶确定,
108-84-9,Ester,4-Methyl-2-pentyl acetate(x),9.565,7959 ,902.0,876±34 (2),,RI 相差大
7785-70-8,Terpene,1R-alpha-Pinene,11.1,82227 ,928.0,929±7 (7),非靶确定,
79-92-5,Terpene,Camphene(x),11.856,6616  ,941.0,952±2 (609),,RI 相差大
3387-41-5,Terpene,Sabinen(x),13.518,18818  ,970.0,974±2 (619),,同分异构
123-35-3 ,Terpene,beta-Myrcene,14.764,31253  ,991.0,991±2 (840),非靶确定,解卷积
99-83-2,Terpene,alpha-Phellandrene,15.461,7460  ,1002.0,1005±2 (509),非靶确定,
99-86-5,Terpene,alpha-Terpinen,16.192,7462  ,1013.0,1017±2 (534),非靶确定,
527-84-4,Terpene,o-Cymene(X),16.883, 10703  ,1023.0,1022±2 (114),,同分异构
470-82-6,Other,Eucalyptol,17.325,2758  ,1030.0,1032±2 (580),非靶确定,
3779-61-1,Terpene,trans-beta-Ocimene,18.531,5281553  ,1048.0,1049±2 (548),非靶确定,
99-85-4,Terpene,gamma-Terpinene,19.022,7461 ,1055.0,1060±3 (739),非靶确定,
5989-33-3,Furan,cis-Linalool oxide,20.012,6428573,1070.0,1074±4 (179),非靶确定,
586-62-9,Terpene,Terpinolene(X),20.974,11463 ,1084.0,1088±2 (607),,同分异构
1195-32-0,Terpene,p-Cymenene,21.077,62385  ,1086.0,1090±2 (106),非靶确定,
67801-33-6,Other,"2-Nonanone, 3-(hydroxymethyl)-",21.165,106823  ,1095.0,1093±N/A (1),非靶确定,解卷积
78-70-6,Terpene,Linalool,22.063,6549,1101.0,1099±2 (976),非靶确定,
659-70-1,Ester,iso-Amyl isovalerate(X),22.514, 12613 ,1107.0,1104±1 (45),,同分异构
1632-73-1 ,Terpene,Fenchol(x),22.632,15406 ,1109.0,1113±4 (39),,同分异构
60-12-8,Alcohol,Phenylethyl Alcohol,22.975, 6054 ,1114.0,1116±5 (262),非靶确定,
29803-82-5,Other,cis-2-p-Menthen-1-ol,23.245,122485 ,1118.0,1122±3 (120),非靶确定,
,Other,Unkown,23.524,,1122.0,,,无NIST RI
547-61-5,Alcohol,L-trans-Pinocarveol(X),24.29, 1201530 ,1133.0,1139±2 (234),,同分异构
29803-81-4,Other,(E)-p-2-Menthen-1-ol,24.53,122484  ,1136.0,1140±4 (94),非靶确定,
89-79-2,Terpene,Isopulegol(X),24.878,170833  ,1141.0,1146±3 (32),,分低
211429-71-9,Other,3-Methylbut-2-en-1-yl pivalate(X),25.521,,1151.0,1141±N/A (1),,RI 相差大
464-45-9 ,Terpene,L-Borneol(X),26.193,1201518,1161.0,1166±7 (3),,同分异构
81396-36-3 ,Ketone,Unkown,26.404,565599  ,1164.0,,,分低，无NIST RI
81396-36-3 ,Ketone,Unkown,26.668,565599  ,1168.0,,,分低，无NIST RI
562-74-3,Terpene,Terpinen-4-ol,27.115,11230 ,1174.0,1177±2 (764),非靶确定,
500-02-7,Other,Crypton,27.659,92780  ,1182.0,1184±4 (38),,分低
1197-01-9,Terpene,p-Cymen-8-ol,27.792,14529  ,1184.0,1183±2 (237),非靶确定,
98-55-5,Terpene,alpha-Terpineol(X),28.052,17100 ,1188.0,1189±2 (811),,同分异构
140-67-0,Benzene Derivative,Estragole,28.616,8815 ,1196.0,1196±1 (86),非靶确定,
3310-02-9,Terpene,cis-Sabinol(X),28.44,94147,1199.0,1143±0 (7),,RI 相差大
80-57-9,Terpene,2-Pinen-4-one(X),29.229,29025  ,1205.0,1205±2 (185),,同分异构
18679-48-6,Terpene,2-Hydroxycineol(X),30.269,529885 ,1220.0,1228±5 (6),,同分异构
95875-05-1,Other,4-Thujen-2-alpha-yl acetate(X),28.44,564249,1235.0,1273±0 (2),,RI 相差大
35852-46-1,Other,cis-3-Hexenyl valerate(X),31.426,5367682  ,1238.0,1237±2 (2),,RI 相差大
499-71-8,Terpene,"p-Menth-6-en-2-one, (S)-(+)-",31.804,6432475 ,1243.0,1246±2 (13),非靶确定,
490-91-5,Other,Thymoquinone,32.088,10281  ,1247.0,1250±3 (21),非靶确定,
89-81-6,Terpene,Piperitone,32.245,6987 ,1250.0,1253±3 (129),非靶确定,
5729-99-7,Other,Unkown,32.495,549742  ,1253.0,,,分低，无NIST RI
103-45-7 ,Ester,"Acetic acid, 2-phenylethyl ester(X)",32.765,7654  ,1258.0,1258±3 (76),,分低
33081-34-4,Other,Lilac alcohol A(X),33.457,101316996  ,1268.0,1211±0 (4),,RI 相差大
21391-98-0,Terpene,Phellandral,33.579,89488 ,1270.0,1276±4 (20),非靶确定,
588-67-0,Other,"Benzene, (butoxymethyl)-(X)",33.928,61134 ,1275.0,1238±N/A (1),,RI 相差大
5655-61-8,Terpene,(-)-Bornyl acetate(X),34.403,93009  ,1282.0,1284±2 (8),,分低
104-46-1,Benzene Derivative,Anethole(X),34.467,637563  ,1283.0,1286±2 (6),,同分异构
56752-50-2,Other,Unkown,34.698,92524,1286.0,1285±2 (5),,分低
536-60-7 ,Alcohol,p-Cymen-7-ol,35.021,325 ,1291.0,1289±2 (57),非靶确定,
499-75-2,Terpene,Carvacrol,35.389,10364 ,1297.0,1299±2 (278),非靶确定,
1619-26-7,Other,Isoascaridol,35.669,351031 ,1301.0,1306±3 (5),,
499-75-2,Terpene,Carvacrol(X),35.919,10364 ,1305.0,1299±2 (278),,RI 相差大
,Other,Unkown,36.576,,1315.0,,,无NIST RI
1667-01-2,Other,Acetomesitylene(X),37.032,15461 ,1322.0,1334±N/A (1),,RI 相差大
57709-95-2 ,Other,exo-2-Hydroxycineole acetate(X),38.146,100954827 ,1339.0,1344±2 (4),,同分异构
80-26-2 ,Terpene,alpha-Terpinyl acetate,38.69,111037 ,1348.0,1350±3 (156),非靶确定,
141-12-8,Terpene,Nerol acetate(X),39.225,1549025 ,1359.0,1364±3 (151),,分低，RI相差大
97-53-0,Other,Eugenol,39.338,3314  ,1358.0,1357±3 (355),非靶确定,
95910-36-4,Other,isoledene(X),39.867,15431199,1366.0,1375±2 (2),,RI 相差大
14912-44-8,Terpene,Ylangene(X),40.029,20055075 ,1368.0,1372±2 (170),,同分异构
95910-36-4,Other,isoledene,40.216,15431199,1371.0,1375±2 (2),非靶确定,
65372-78-3,Other,Isocomene(X),41.015,11030948,1384.0,1386±6 (19),,
105-87-3,Other,Geranyl acetate,41.138,1549026  ,1385.0,1382±3 (206),非靶确定,
,Other,beta-Panasinsene,41.29,595133 ,1388.0,1383±5 (5),非靶确定,
489-29-2 ,Other,beta-Maaliene(X),42.285,101596917 ,1403.0,1398±19 (11),,同分异构
489-40-7,Other,alpha-Gurjunene,42.384,16213731 ,1405.0,1409±2 (196),非靶确定,
87-44-5,Terpene,Caryophyllene(X),42.673,5281515 ,1410.0,1419±3 (983),,RI 相差大
20071-49-2,Other,"1H-Cyclopropa[a]naphthalene, decahydro-1,1,3a-trimethyl-7-methylene-, [1aS-(1aalpha,3aalpha,7abeta,7balpha)]-(X)",43.222,21775138  ,1419.0,1435±N/A (1),,RI 相差大
17334-55-3 ,Terpene,Calarene(X),43.414,28481  ,1422.0,1432±3 (234),,RI 相差大
489-39-4,Terpene,Aromandendrene,44.463,11095734,1439.0,1440±1 (5),非靶确定,
52026-55-8 ,Other,"Selina-5,11-diene",44.625,91704179 ,1441.0,1447±N/A (1),,
6753-98-6,Terpene,Humulene,44.915,5281520  ,1446.0,1454±3 (792),非靶确定,
157477-72-0,Other,"cis-Muurola-4(15),5-diene(X)",45.032,91747213  ,1448.0,1463±4 (52),,RI 相差大
351222-66-7,Terpene,"Valerena-4,7(11)-diene(X)",45.488,58067884 ,1455.0,1460±5 (2),,同分异构
823810-22-6,Other,"(4R,4aS,6S)-4,4a-Dimethyl-6-(prop-1-en-2-yl)-1,2,3,4,4a,5,6,7-octahydronaphthalene(X)",45.837,,1461.0,1476±N/A (1),,RI 相差大
22567-17-5,Terpene,gamma-Gurjunene,46.043,90805  ,1465.0,1473±2 (85),非靶确定,
515-17-3,Terpene,gamma-Selinene(X),46.239,10655819,1468.0,1479±6 (15),,RI 相差大
30021-74-0,Terpene,gamma-Muurolene,46.381,6432308 ,1470.0,1477±3 (392),非靶确定,
17066-67-0,Terpene,beta-Eudesmene(X),46.817, 28237  ,1477.0,1486±3 (349),,RI 相差大
53111-25-4,Terpene,5-Hydroxy-6-methoxy-8-[(4-amino-1-methylbutyl)amino]quinoline trihydrobromide,46.994,6428535 ,1480.0,1482±7 (2),非靶确定,
21747-46-6,Terpene,Viridiflorene(X),47.705,10910653,1492.0,1493±4 (112),,同分异构
10208-80-7 ,Terpene,alpha-Muurolene,47.847,12306047  ,1494.0,1499±3 (427),非靶确定,
28908-27-2,Terpene,beta-Vetispirene,48.009,91714783 ,1497.0,1495±N/A (1),非靶确定,
523-47-7,Terpene,"Cadina-3,9-diene(X)",48.201,10657,1500.0,1518±10 (30),,RI 相差大
74841-81-9,Other,(+)-Cycloisolongifol-5-ol(X),48.289, 71308801  ,1501.0,1519±N/A (1),,RI 相差大
39029-41-9,Terpene,gamma-Cadinene,48.583,92313 ,1506.0,1513±2 (485),非靶确定,
74841-81-9,Other,(+)-Cycloisolongifol-5-ol,48.289, 71308801  ,1510.0,1519±N/A (1),非靶确定,
523-47-7,Terpene,"Cadina-3,9-diene(X)",49.211,10657,1517.0,1518±10 (30),,同分异构
29837-12-5,Other,Cubenene(X),49.568,57357909  ,1523.0,1532±1 (119),,同分异构
24406-05-1,Terpene,alpha-Cadinene,49.878, 12306048  ,1528.0,1538±1 (31),非靶确定,
21391-99-1,Terpene,alpha-Calacorene,50.158, 12302243 ,1533.0,1542±3 (219),非靶确定,
577-27-5,Terpene,Ledol(X),50.565, 11074994 ,1540.0,1565±4 (89),,"分低,RI相差大"
577-27-5,Terpene,Ledol(X),51.222, 11074994 ,1552.0,1565±4 (89),,RI相差大
527-90-2,Terpene,Maaliol(X),51.492,10944069 ,1556.0,1574±4 (2),,RI相差大
489-41-8,Terpene,(-)-Globulol(X),51.712,12304985 ,1560.0,1580±N/A (1),,RI相差大
489-41-8,Terpene,(-)-Globulol,52.757,12304985 ,1578.0,1580±N/A (1),非靶确定,
552-02-3,Terpene,Viridiflorol,53.037,11996452 ,1583.0,1591±2 (198),非靶确定,
220766-71-2,Terpene,Cubeban-11-ol(X),53.14,145710279 ,1584.0,1595±6 (3),,RI相差大
63891-61-2,Terpene,Rosifoliol,53.566,10727766  ,1592.0,1600±5 (8),非靶确定,
552-02-3,Terpene,Viridiflorol(X),53.709,11996452 ,1594.0,1591±2 (198),,分低
19912-67-5,Terpene,Epicubenol(X),54.13,12046149  ,1602.0,1627±2 (144),,"分低,RI相差大"
38142-56-2,Terpene,"6-Methyl-2-(4-methylcyclohex-3-en-1-yl)hepta-1,5-dien-4-ol",54.336,91710334  ,1605.0,1608±4 (3),,分低
63891-61-2,Terpene,Rosifoliol(X),54.719,10727766  ,1612.0,1600±5 (8),,RI相差大
73365-77-2,Other,"Di-epi-1,10-cubenol",54.999,12304220  ,1617.0,1614±3 (77),非靶确定,
1209-71-8,Terpene,gamma-Eudesmol(X),55.19,6432005,1621.0,1631±1 (137),,RI相差大
5937-11-1,Terpene,alpha-epi-Cadinol,55.72,160799 ,1631.0,1640±2 (241),非靶确定,
21284-22-0,Terpene,Cubenol,55.984,11770062 ,1635.0,1642±3 (125),非靶确定,
1460-73-7 ,Terpene,Agarospirol,56.367,21675005 ,1642.0,1645±3 (8),非靶确定,
481-34-5,Terpene,alpha-Cadinol,56.455,10398656,1644.0,1653±2 (400),非靶确定,
19435-77-9 ,Other,Allohimachalol(X),56.99,10585158 ,1654.0,1674±N/A (1),,RI 相差大
64180-68-3,Terpene,Longiverbenone(X),57.245,530428  ,1658.0,1649±5 (16),,"分低,RI相差大"
483-78-3 ,Terpene,Cadalene(X),57.529,10225 ,1664.0,1674±3 (86),,RI 相差大
629-78-7,Alkane,Heptadecane(X),59.285,12398  ,1696.0,1700,,分低
352457-39-7,Other,"10-epi-Acora-3,11-dien-15-al(X)",60.271,11972554,1717.0,1732±N/A (1),,RI 相差大
65133-79-1,Other,Unkown,61.355,5363747  ,1743.0,,,分低，无NIST RI
22387-74-2,Other,Isovalencenol(X),62.032,91748873 ,1768.0,1788±5 (2),,"分低,RI相差大"
7350-11-0 ,Terpene,"alpha-Phellandrene, dimer(X)",63.489,6431154 ,1792.0,1801±N/A (1),,RI 相差大
352457-47-7,Terpene,Isovalencenyl formate(X),63.666, 5352474 ,1796.0,1800±N/A (1),,分低
7350-11-0 ,Terpene,"alpha-Phellandrene, dimer",63.822,6431154 ,1800.0,1801±N/A (1),非靶确定,
99992-19-5 ,Other,"4a(2H)-Naphthalenemethanol, octahydro-(X)",63.944,557325  ,1816.0,,,分低，无NIST RI
