CAS,Class,Name,RT,CID,MSDIAL RI,NIST RI,Note,Note.1
503-74-2,Acid,"Butanoic acid, 3-methyl-",7.807, 10430 ,,863±16 (120),非靶确定,
2867-05-2,Terpene,3-Thujene,10.799,17868  ,923.0,929±2 (488),非靶确定,
7785-70-8,Terpene,1R-alpha-Pinene,11.074,82227 ,928.0,929±7 (7),非靶确定,
79-92-5,Terpene,Camphene(x),11.859,6616  ,941.0,952±2 (609),,RI 相差大
3387-41-5,Terpene,Sabinen,13.448,18818  ,968.0,974±2 (619),非靶确定,
123-35-3 ,Terpene,beta-Myrcene,14.758,31253  ,991.0,991±2 (840),非靶确定,
99-83-2,Terpene,alpha-Phellandrene,15.356,7460  ,1001.0,1005±2 (509),非靶确定,
99-86-5,Terpene,alpha-Terpinene,16.175,7462 ,1013.0,1017±2 (534),非靶确定,
527-84-4 ,Terpene,o-Cymene(x),16.71,10703 ,1021.0,1022±2 (114),,分低
138-86-3,Terpene,Limonene(x),16.975,22311 ,1025.0,1030±2 (1004),,同分异构
470-82-6,Other,Eucalyptol,17.083,2758  ,1026.0,1032±2 (580),非靶确定,
3338-55-4,Terpene,beta-cis-Ocimene(x),17.848,5320250,1038.0,1038±2 (446),,同分异构
99-85-4,Terpene,gamma-Terpinene,19.015,7461 ,1055.0,1060±3 (739),非靶确定,
5989-33-3,Furan,cis-Linalool oxide,20.055,6428573,1071.0,1074±4 (179),非靶确定,
1195-79-5,Terpene,Fenchone(x),20.962,14525 ,1084.0,1096±N/A (1),,RI 相差大
1195-32-0,Terpene,p-Cymenene,21.119,62385  ,1087.0,1090±2 (106),非靶确定,
78-70-6,Terpene,Linalool,22.096,6549,1101.0,1099±2 (976),非靶确定,
1632-73-1,Terpene,Fenchol,22.875,15406  ,1112.0,1113±4 (39),非靶确定,
7212-40-0 ,Terpene,"(E)-p-2,8-Menthadien-1-ol",23.192,111274,1119.0,1123±4 (18),非靶确定,
673-84-7,Terpene,"2,4,6-Octatriene, 2,6-dimethyl-",23.999,5368821 ,1129.0,1131±2 (89),非靶确定,
464-48-2,Terpene,(-)-Alcanfor(X),24.617,444294,1138.0,1142±3 (2),,同分异构
637-69-4,Benzene Derivative,"Benzene, 1-ethenyl-4-methoxy-",25.686,12507 ,1153.0,1156±2 (10),非靶确定,
562-74-3,Terpene,Terpinen-4-ol,27.069,11230 ,1173.0,1177±2 (764),非靶确定,
140-67-0 ,Terpene,Estragole,28.835,8815  ,1199.0,1196±1 (86),非靶确定,
1197-07-5,Terpene,trans-Carveol,30.233,5287883 ,1220.0,1217±2 (217),非靶确定,
13851-11-1 ,Acid,Fenchyl acetate(x),31.057,107217 ,1232.0,1223±4 (19),,RI 相差大
122-03-2,Terpene,"Benzaldehyde, 4-(1-methylethyl)-",31.425,326  ,1238.0,1239±3 (122),非靶确定,
99-49-0,Terpene,Carvone(x),31.626,7439  ,1242.0,1242±4 (307),,同分异构
25679-28-1,Benzene Derivative,"Benzene, 1-methoxy-4-(1-propenyl)-, (Z)-",32.347,1549040 ,1251.0,1254±8 (13),非靶确定,
123-11-5,Aldehyde,"Benzaldehyde, 4-methoxy-",32.494,31244  ,1253.0,1251±3 (44),非靶确定,
14371-10-9,Other,"Cinnamaldehyde, (E)-(x)",33.887,637511  ,1274.0,1270±4 (24),,同分异构
104-46-1,Benzene Derivative,Anethole(X),34.932,637563  ,1290.0,1286±2 (6),,同分异构
122-57-6 ,Ketone,"3-Buten-2-one, 4-phenyl-(x)",35.648,637759 ,1300.0,1337±9 (3),,分低，RI相差大
57709-95-2,Other,exo-2-Hydroxycineole acetate(X),37.33,100954827  ,1326.0,1344±2 (4),,分低，RI相差大
57709-95-2,Other,exo-2-Hydroxycineole acetate(X),38.188,100954827  ,1340.0,1344±2 (4),,同分异构
97-53-0,Other,Eugenol,39.268,3314  ,1356.0,1357±3 (355),非靶确定,
3856-25-5,Terpene,Copaene(X),40.038,12303902  ,1368.0,1376±2 (698),,同分异构
13744-15-5,Terpene,beta-Cubebene,41.009,93081 ,1383.0,1389±2 (261),非靶确定,
93-15-2,Other,Methyleugenol,42.431,7127 ,1406.0,1402±2 (165),非靶确定,
87-44-5,Terpene,Caryophyllene(x),42.637,5281515 ,1409.0,1419±3 (983),,RI 相差大
18252-44-3,Terpene,beta-Copaene(x),43.28,87529 ,1420.0,1432±3 (71),,分低，RI相差大
18794-84-8,Terpene,(E)-beta-Famesene(x),45.428,5281517 ,1455.0,1457±2 (253),,分低
23986-74-5,Terpene,Germacrene D(X),46.429,5317570 ,1471.0,1481±3 (689),,RI 相差大
88-84-6,Terpene,beta-Guaiene(x),47.719,15560252 ,1492.0,1490±3 (70),,分低
39029-41-9,Terpene,gamma-Cadinene,48.454,92313,1504.0,1513±2 (485),非靶确定,
523-47-7,Terpene,"Cadina-3,9-diene",49.097,10657,1515.0,1518±10 (30),非靶确定,
544-76-3,Alkane,Hexadecane(X),53.815,11006 ,1596.0,1600,,分低
484-31-1,Other,Dill apiol(X),55.071,10231 ,1619.0,1622±4 (36),,分低
4567-33-3,Other,trans-Sedanolide,61.452,3083857 ,1745.0,1752±17 (2),非靶确定,解卷积
593-45-3,Alkane,Octadecane,63.773, 11635  ,1799.0,1800,非靶确定,
112-39-0,Ester,"Hexadecanoic acid, methyl ester",65.072,8181,1933.0,1926±2 (136),非靶确定,解卷积
