CAS,Class,Name,RT,CID,MSDIAL RI,NIST RI,Note,Note.1
64-17-5,Alcohol,Ethanol,1.57,702 ,,427±19 (38),非靶确定,
75-56-9,Other,Propylene oxide(X),1.653,6378 ,,460±N/A (1),,分低
591-93-5,Other,"1,4-Pentadiene",1.683,11587  ,,464±1 (11),非靶确定,解卷积
115-18-4,Alcohol,"3-Buten-2-ol, 2-methyl-",2.139,8257 ,,614±6 (9),非靶确定,
64-19-7,Acid,Acetic acid,2.153,176,,610±10 (91),非靶确定,解卷积
616-25-1,Alcohol,1-Penten-3-ol(X),2.87,12020,,684±4 (58),,分低
71-41-0,Alcohol,1-Pentanol,4.498,6276  ,,765±4 (146),非靶确定,
4675-87-0,Alcohol,"2-Buten-1-ol, 2-methyl-(X)",4.822,20799,,769±3 (2),,分低
66-25-1,Aldehyde,Hexanal,5.312,6184 ,,800±2 (453),非靶确定,
,Other," 1,3-Cyclopentadiene, 5,5-dimethyl-1-ethyl-(X)",6.848,572141 ,,856±N/A (1),,分低
51756-18-4,Other,"5-Hexen-2-one, 5-methyl-3-methylene-(X)",8.805,103953 ,885.0,880±6 (2),,分低
110-43-0,Ketone,2-Heptanone(X),9.251,8051 ,895.0,891±2 (212),,分低
19269-28-4,Aldehyde,"Hexanal, 3-methyl-(X)",9.707,140511 ,905.0,910±N/A (1),,分低
57266-86-1,Aldehyde,"2-Heptenal, (Z)-(X)",12.714,5362616 ,956.0,958±6 (19),,
100-52-7,Aldehyde,Benzaldehyde,12.881,240 ,959.0,962±3 (416),非靶确定,
98-06-6,Benzene Derivative,"Benzene, tert-butyl-(X)",13.376,7366 ,967.0,975±7 (28),,分低
98-06-6,Benzene Derivative,"Benzene, tert-butyl-(X)",13.523,7366 ,970.0,975±7 (28),,同分异构
3391-86-4,Alcohol,1-Octen-3-ol,14.185,18827 ,981.0,980±2 (355),非靶确定,
110-93-0,Ketone,"5-Hepten-2-one, 6-methyl-",14.671,9862,989.0,986±2 (222),非靶确定,
123-35-3,Terpene,beta-Myrcene(X),14.754,31253,991.0,991±2 (840),,分低
3777-69-3,Furan,"Furan, 2-pentyl-(X)",14.774,19602,991.0,993±2 (179),,分低
99-83-2,Terpene,alpha-Phellandrene,15.353,7460  ,1001.0,1005±2 (509),非靶确定,
124-13-0,Aldehyde,Octanal(X),15.618,454 ,1005.0,1003±2 (364),,分低
142-62-1,Acid,Hexanoic acid(X),16.344,8892  ,1016.0,990±16 (133),,RI 相差大
99-87-6 ,Terpene,p-Cymene(X),16.721,7463 ,1021.0,1025±2 (820),,同分异构
1461-27-4 ,Terpene,D-sylvestrene,16.942,102625  ,1024.0,1027±3 (19),非靶确定,
470-82-6,Other,Eucalyptol,17.065,2758  ,1026.0,1032±2 (580),非靶确定,
104-76-7,Alcohol,"1-Hexanol, 2-ethyl-",17.403,7720 ,1031.0,1030±3 (86),非靶确定,
555-10-2,Terpene,beta-Phellandrene(X),17.859,11142,1038.0,1031±2 (279),,分低
1669-44-9,Ketone,3-Octen-2-one(X),17.948,5363229 ,1040.0,1040±3 (18),,同分异构
122-78-1,Aldehyde,Benzeneacetaldehyde,18.183,998 ,1043.0,1045±4 (378),,分低
99-85-4,Terpene,gamma-Terpinene(X),19.012,7461 ,1055.0,1060±3 (739),,分低
695-06-7,Furan,"2(3H)-Furanone, 5-ethyldihydro-(X)",19.11,12756,1057.0,1057±8 (24),,分低
2548-87-0,Aldehyde,"2-Octenal, (E)-(X)",19.257,5283324  ,1059.0,1060±3 (124),,分低
5989-33-3,Furan,cis-Linalool oxide(X),20.042,6428573,1070.0,1074±4 (179),,分低
30086-02-3,Ketone,"3,5-Octadien-2-one, (E,E)-(X)",20.273,5352876 ,1074.0,1073±7 (13),,分低
1195-32-0,Terpene,p-Cymenene(X),21.126,62385  ,1087.0,1090±2 (106),,分低
34995-77-2,Other,trans-Linalool oxide (furanoid)(X),21.141,6431475 ,1087.0,1086±5 (156),,分低
78-70-6,Terpene,Linalool,22.043,6549,1100.0,1099±2 (976),非靶确定,
124-19-6,Aldehyde,Nonanal,22.357,31289 ,1105.0,1104±2 (556),非靶确定,
432-24-6,Other,alpha-Cyclocitral,22.823,94143,1112.0,1116±9 (6),非靶确定,
78-59-1,Ketone,Isophorone,23.127,6544,1116.0,1124±6 (51),非靶确定,
1125-21-9,Ketone,"2,6,6-Trimethyl-2-cyclohexene-1,4-dione",24.859,62374  ,1141.0,1144±4 (25),非靶确定,
20547-99-3,Ketone,"2,6,6-Trimethyl-1,4-cyclohexanedione(X)",26.605,30181,1167.0,1183±13 (5),,RI 相差大
562-74-3,Terpene,Terpinen-4-ol,27.056,11230 ,1173.0,1177±2 (764),非靶确定,
98-55-5,Terpene,alpha-Terpineol(X),28.062,17100 ,1188.0,1189±2 (811),,同分异构
74410-10-9,Other,Dill ether(X),28.38,126537  ,1192.0,1186±2 (13),,分低
116-26-7,Aldehyde,Safranal,28.542,61041  ,1195.0,1201±4 (41),非靶确定,
140-67-0 ,Terpene,Estragole,28.68,8815  ,1197.0,1196±1 (86),非靶确定,
112-31-2,Aldehyde,Decanal(X),29.342,8175,1207.0,1206±2 (406),,分低
80-57-9,Terpene,Berbenone(X),29.793,29025  ,1213.0,1205±2 (185),,分低
106-22-9,Terpene,Citronellol,30.951,8842  ,1231.0,1228±3 (181),非靶确定,
122-03-2,Terpene,"Benzaldehyde, 4-(1-methylethyl)-",31.333,326 ,1236.0,1239±3 (122),非靶确定,
624-15-7 ,Terpene,"2,6-Octadien-1-ol, 3,7-dimethyl-(X)",32.707,637566,1257.0,1260±N/A (1),,同分异构
877-48-5,Other,"Phenol, 2,5-dimethyl-, acetate(X)",32.976,70141 ,1261.0,1240±N/A (1),,"分低,RI相差大"
104-46-1,Benzene Derivative,Anethole(X),34.477,637563  ,1283.0,1286±2 (6),,同分异构
13341-72-5,Terpene,Mint furanone(X),35.733,94349 ,1302.0,1303±11 (2),,分低
1879-09-0 ,Benzene Derivative,"6-tert-Butyl-2,4-dimethylphenol(X)",39.289,15884,1357.0,1364±N/A (1),,分低
97-53-0,Other,Eugenol,39.328,3314  ,1357.0,1357±3 (355),非靶确定,解卷积
16661-00-0,Other,Daucene(X),40.275,177773  ,1372.0,1381±2 (14),,"分低,RI相差大"
629-59-4,Alkane,Tetradecane,41.967,12389 ,1398.0,1400,非靶确定,解卷积
3796-70-1,Terpene,trans-Geranylacetone(X),45.312,1549778  ,1453.0,1453±2 (154),,分低
483-76-1,Terpene,delta-Cadinene(X),49.089,441005,1515.0,1524±2 (751),,RI 相差大
544-76-3,Alkane,Hexadecane(X),53.818,11006 ,1596.0,1600,,分低
629-78-7,Alkane,Heptadecane(X),59.285,12398,1696.0,1700,,分低
593-45-3,Alkane,Octadecane(X),63.785,11635 ,1799.0,1800,,分低
629-92-5,Alkane,Nonadecane(X),64.859,12401 ,1899.0,1900,,分低
112-39-0,Ester,"Hexadecanoic acid, methyl ester(X)",65.094,8181 ,1936.0,1926±2 (136),,"分低,RI相差大"
31570-39-5,Terpene,Cembrene A,65.276,5281384 ,1965.0,1959±1 (14),非靶确定,
