CID,Class,CAS,Name,RT 
7858,Alcohol,107-18-6,2-Propen-1-ol,1.825
241,Benzene derivatives,71-43-2,Benzene,2.634
6184,Aldehyde,66-25-1,Hexanal,5.489
11617,Others,592-88-1,Diallyl sulfide,7.667
98781,Others,27817-67-0,Propyl allyl sulfide,8.314
91692300,Others,104324-69-8,(Z)-Allyl(prop-1-en-1-yl)sulfane,9.011
13509609,Others,104324-36-9,(E)-Allyl(prop-1-en-1-yl)sulfane,9.187
6164465,Others,23838-18-8,(Z)-1-Methyl-2-(prop-1-en-1-yl)disulfane,11.218
16592,Others,2179-60-4,"Disulfide, methyl propyl",11.291
5366552,Others,23838-19-9,(E)-1-Methyl-2-(prop-1-en-1-yl)disulfane,11.772
525331,Others,288-26-6,"3H-1,2-Dithiole",12.635
19310,Others,3658-80-8,Dimethyl trisulfide,13.371
79045,Others,557-22-2,"1,2-Dithiolane",13.984
7720,Alcohol,104-76-7,"1-Hexanol, 2-ethyl-",17.741
5319598,Others,118023-96-4,"3-Methyl-3H-1,2-dithiole",19.414
16590,Others,2179-57-9,Diallyl disulphide,21.999
5352855,Others,122156-02-9,Unknown S,22.376
5352907,Others,122156-03-0 ,(Z)-1-Allyl-2-(prop-1-en-1-yl)disulfane,23.161
5352908,Others,23838-20-2,(Z)-1-(Prop-1-en-1-yl)-2-propyldisulfane,23.352
61926,Others,34135-85-8,"Trisulfide, methyl 2-propenyl",25.0
529757,Others,116664-29-0 ,"4-Methyl-1,2,3-trithiolane",25.584
5352691,Others,23838-24-6,(Z)-1-Methyl-3-(prop-1-en-1-yl)trisulfane,26.285
5352690,Others,23838-25-7,(E)-1-Methyl-3-(prop-1-en-1-yl)trisulfane,26.668
525328,Others,62488-52-2 ,"3-Vinyl-1,2-dithiacyclohex-4-ene",28.384
133337,Others,80028-57-5,"2-Vinyl-4H-1,3-dithiine",30.072
16315,Others,2050-87-5,"Trisulfide, di-2-propenyl",36.021
525330,Others,33922-73-5,1-Allyl-3-propyltrisulfane,36.531
21159455,Others,382161-75-3,(Z)-1-Allyl-3-(prop-1-en-1-yl)trisulfane,37.237
5352909,Others,382161-78-6,(E)-1-Allyl-3-(prop-1-en-1-yl)trisulfane,37.684
5319787,Others,116664-30-3,"5-Methyl-1,2,3,4-tetrathiane",39.337
3314,Benzene derivatives/Alcohol,97-53-0,p-Eugenol,39.641
75552,Others,2444-49-7,"Tetrasulfide, di-2-propenyl",50.45
6429005,Others,193625-59-1,1-Allyl-3-(2-(allylthio)propyl)trisulfane,63.987
