CAS,Class,Name,RT,CID,MSDIAL RI,NIST RI,Note,Note.1
64-17-5,Alcohol,Ethanol,1.579,702 ,,427±19 (38),非靶确定,
67-64-1 ,Ketone,Acetone,1.658,180 ,,486±16 (51),非靶确定,解卷积
115-18-4,Alcohol,"3-Buten-2-ol, 2-methyl-(x)",2.153,8257  ,,614±6 (9),,分低
71-36-3,Alcohol,1-Butanol,2.698,263  ,,659±8 (80),非靶确定,解卷积
110-86-1,Other,Pyridine(x),4.174,1049 ,,746±7 (102),,分低
108-88-3,Benzene Derivative,Toluene,4.41,1140,,763±8 (328),非靶确定,解卷积
110-43-0,Ketone,2-Heptanone,9.128,8051,892.0,891±2 (212),非靶确定,
543-49-7,Alcohol,2-Heptanol,9.609, 10976  ,903.0,900±4 (53),非靶确定,
508-32-7,Terpene,Tricyclene(X),10.399,79035  ,916.0,925±2 (220),,RI 相差大
7785-70-8,Terpene,1R-alpha-Pinene(X),11.081,82227 ,928.0,929±7 (7),,同分异构
2040-95-1,Other,"Cyclopentane, butyl-(X)",11.473,16269 ,935.0,937±1 (21),,分低
79-92-5,Terpene,Camphene(x),11.856,6616  ,941.0,952±2 (609),,RI 相差大
36262-09-6,Terpene,Dehydrosabinene,12.243,524198  ,948.0,956±2 (59),非靶确定,
3387-41-5,Terpene,Sabinen,13.518,18818  ,970.0,974±2 (619),非靶确定,
82461-31-2,Other,Unkown,14.082,537593 ,979.0,,,分低，无NIST RI
110-93-0 ,Ketone,"5-Hepten-2-one, 6-methyl-",14.592,9862 ,988.0,986±2 (222),非靶确定,
123-35-3 ,Terpene,beta-Myrcene,14.754,31253  ,991.0,991±2 (840),非靶确定,解卷积
99-83-2,Terpene,alpha-Phellandrene,15.353,7460  ,1001.0,1005±2 (509),非靶确定,
124-13-0 ,Aldehyde,Octanal,15.583,454,1004.0,1003±2 (364),非靶确定,
99-86-5,Terpene,alpha-Terpinen,16.177,7462  ,1013.0,1017±2 (534),非靶确定,
527-84-4,Terpene,o-Cymene(X),16.746, 10703  ,1021.0,1022±2 (114),,同分异构
99-84-3 ,Terpene,beta-Terpinen,16.937,66841  ,1024.0,1028±18 (4),非靶确定,
470-82-6,Other,Eucalyptol,17.148,2758  ,1027.0,1032±2 (580),非靶确定,
3338-55-4,Terpene,beta-cis-Ocimene(X),17.869,5320250,1038.0,1038±2 (446),,同分异构
5921-82-4,Ester,"2-Heptanol, acetate",18.33,80018 ,1045.0,1045±6 (6),非靶确定,
3779-61-1,Terpene,trans-beta-Ocimene,18.521,5281553  ,1048.0,1049±2 (548),非靶确定,
99-85-4,Terpene,gamma-Terpinene,19.022,7461 ,1055.0,1060±3 (739),非靶确定,
15537-55-0,Other,cis-Sabinene hydrate,19.61,20055523 ,1064.0,1070±4 (50),非靶确定,
5989-33-3,Furan,cis-Linalool oxide,20.042,6428573,1071.0,1074±4 (179),非靶确定,
586-62-9,Terpene,Terpinolene(X),20.974,11463 ,1084.0,1088±2 (607),,同分异构
1195-32-0,Terpene,p-Cymenene,21.092,62385  ,1086.0,1090±2 (106),非靶确定,
67801-33-6,Other,"2-Nonanone, 3-(hydroxymethyl)-(X)",21.562,106823  ,1093.0,1093±N/A (1),,同分异构
15186-51-3,Furan,3-Methyl-2-(2-methyl-2-butenyl)-furan,21.837, 84825  ,1097.0,1093±11 (5),非靶确定,
78-70-6,Terpene,Linalool,22.087,6549,1101.0,1099±2 (976),非靶确定,
628-99-9,Alcohol,2-Nonanol,22.259,12367,1103.0,1102±4 (18),非靶确定,
4443-51-0,Other,Unkown,22.568,95330,1108.0,1117±N/A (1),,"分低,RI相差大"
1632-73-1,Terpene,Fenchol,22.651,15406 ,1109.0,1113±4 (39),非靶确定,
162376-82-1,Other,Unkown,22.897,11819211 ,1113.0,1109±N/A (1),,分低
29803-82-5,Terpene,cis-2-p-Menthen-1-ol(X),23.117,122485  ,1116.0,1122±3 (120),,分低
473-06-3,Other,Chrysanthenone,23.49,442463 ,1121.0,1123±3 (52),非靶确定,
464-48-2,Terpene,(-)-Alcanfor(X),24.599,444294  ,1137.0,1142±3 (2),,同分异构
465-31-6,Terpene,Camphene hydrate,24.858,101680  ,1141.0,1148±2 (47),非靶确定,
55050-40-3 ,Other,"6-Octenal, 7-methyl-3-methylene-",25.118,108662 ,1145.0,1147±N/A (1),非靶确定,
124-76-5,Terpene,Isoborneol,25.521,6321405 ,1151.0,1157±3 (67),非靶确定,
106-23-0,Terpene,Citronellal(x),25.687,7794 ,1153.0,1153±2 (103),,同分异构
464-45-9 ,Terpene,L-Borneol(X),26.271,1201518,1161.0,1166±7 (3),,分低
,Other,Isoneral,26.507,20837773  ,1165.0,1170±5 (2),非靶确定,
562-74-3,Terpene,Terpinen-4-ol,27.046,11230 ,1173.0,1177±2 (764),非靶确定,
92356-06-4,Other,Rose furan oxide,27.228,6428926 ,1176.0,1176±2 (2),非靶确定,
55722-59-3,Other,"3,6-Octadienal, 3,7-dimethyl-",27.777,108355  ,1184.0,1184±N/A (1),非靶确定,
98-55-5,Terpene,alpha-Terpineol(X),28.14,17100 ,1189.0,1189±2 (811),,同分异构
564-94-3,Terpene,Myrtenal,28.267,61130  ,1191.0,1193±3 (145),非靶确定,
515-00-4,Terpene,Myrtenol,28.454,10582 ,1194.0,1195±2 (203),非靶确定,
140-67-0,Benzene Derivative,Estragole,28.645,8815 ,1196.0,1196±1 (86),非靶确定,
16721-39-4,Terpene,trans-Piperitol(x),29.317,85568  ,1206.0,1208±3 (86),,分低
85264-33-1,Other,"3,5-Dimethyl-1H-pyrazole-1-methanol(X)",30.126,96393 ,1218.0,1245±N/A (1),,RI 相差大
106-22-9,Terpene,Citronellol,31.225,8842  ,1235.0,1228±3 (181),非靶确定,
106-26-3,Terpene,Neral,31.892,643779,1245.0,1240±3 (168),非靶确定,
50764-55-1 ,Other,trans-Chrysanthenyl acetate(x),32.284,71366452 ,1250.0,1239±1 (3),,"分低,RI相差大"
106-24-1,Terpene,Geraniol,33.01,637566,1261.0,1255±3 (343),非靶确定,
5392-40-5,Terpene,Citral,34.075,638011,1277.0,1276±N/A (1),非靶确定,
76-49-3,Terpene,Bornyl acetate(X),34.531,93009  ,1284.0,1285±3 (328),,同分异构
104-46-1,Benzene Derivative,Anethole,34.59,637563  ,1285.0,1286±2 (6),非靶确定,
112-12-9,Ketone,2-Undecanone,35.286,8163 ,1295.0,1294±2 (160),非靶确定,
1653-30-1,Alcohol,2-Undecanol,35.826,15448 ,1303.0,1307±4 (9),非靶确定,解卷积
1079-01-2,Other,Myrtenyl acetate,37.081,11435490,1323.0,1327±4 (22),非靶确定,
20307-84-0,Other,delta-EIemene(X),37.557,89316  ,1330.0,1338±2 (220),,分低
20307-84-0,Other,delta-EIemene,37.709,89316  ,1332.0,1338±2 (220),非靶确定,
10235-63-9,Terpene,gamma-Terpinyl acetate(X),38.175,82480 ,1340.0,1341±13 (3),,分低
17699-14-8,Terpene,alpha-Cubebene,38.455,442359  ,1344.0,1351±2 (337),非靶确定,
80-26-2 ,Terpene,alpha-Terpinyl acetate,38.631,111037 ,1347.0,1350±3 (156),非靶确定,
150-84-5,Ester,Citronellol acetate,39.151,9017 ,1355.0,1354±2 (98),非靶确定,
97-53-0,Other,Eugenol,39.235,3314  ,1356.0,1357±3 (355),非靶确定,
22469-52-9,Terpene,Cyclosativene(X),39.382, 16212927  ,1358.0,1368±3 (76),,RI 相差大
22469-52-9,Terpene,Cyclosativene,39.735, 16212927  ,1364.0,1368±3 (76),非靶确定,
141-12-8 ,Ester,Nerol acetate,39.848,1549025,1365.0,1364±3 (151),非靶确定,
14912-44-8,Terpene,Ylangene(X),40.024,20055075 ,1368.0,1372±2 (170),,同分异构
515-13-9,Terpene,beta-Elemen(X),40.711,6918391  ,1379.0,1391±2 (521),,RI 相差大
105-87-3 ,Ester,Geranyl acetate,41.197,1549026  ,1386.0,1382±3 (206),非靶确定,
99172-18-6,Aldehyde,"3,5-Heptadienal, 2-ethylidene-6-methyl-(X)",41.78,572127  ,1395.0,1395±N/A (1),,分低
58319-06-5,Terpene,Sesquithujene,42.202,53439065  ,1402.0,1402±10 (6),非靶确定,
93-15-2,Other,Methyleugenol,42.423,7127 ,1406.0,1402±2 (165),非靶确定,
20479-06-5,Other,beta-Ylangene(X),42.635,25244198  ,1410.0,1421±2 (26),,RI 相差大
512-61-8 ,Terpene,alpha-Santalene,42.894,94164  ,1413.0,1420±3 (26),非靶确定,
60713-96-4,Other,Unkown,43.143,585274  ,1417.0,1448±N/A (1),,分低，RI相差大
18252-44-3,Terpene,beta-Copaene(X),43.285, 87529  ,1420.0,1432±3 (71),,RI 相差大
29873-99-2,Terpene,gamma-Elemene,43.742,12309452  ,1427.0,1434±4 (116),非靶确定,
13474-59-4,Other,trans-alpha-Bergamotene(X),43.904,6429302 ,1430.0,1435±3 (183),,同分异构
18252-44-3,Terpene,beta-Copaene,44.385, 87529  ,1438.0,1432±3 (71),非靶确定,
36577-33-0 ,Terpene,"Guaia-6,9-diene",44.586,14190790  ,1441.0,1443±8 (2),非靶确定,
3853-83-6,Terpene,alpha-Himachalene,44.718,11830551,1443.0,1449±2 (40),非靶确定,
97-54-1,Other,Isoeugenol(X),44.978,853433,1447.0,1450±15 (38),,
25246-27-9 ,Terpene,Alloaromadendrene(X),45.15,10899740  ,1450.0,1461±2 (343),,RI 相差大
25246-27-9 ,Terpene,Alloaromadendrene(X),45.248,10899740  ,1451.0,1461±2 (343),,RI 相差大
18794-84-8,Terpene,(E)-beta-Famesene,45.459,5281517  ,1455.0,1457±2 (253),非靶确定,
22567-17-5,Terpene,gamma-Gurjunene(X),46.082,90805  ,1465.0,1473±2 (85),,有效峰少
23986-74-5,Terpene,Germacrene D(X),46.484,5317570  ,1472.0,1481±3 (689),,RI 相差大
729602-94-2,Other,4-epi-alpha-Acoradiene(X),46.675,13743810 ,1475.0,1475±N/A (1),,同分异构
644-30-4,Terpene,alpha-Curcumene,47.014,92139  ,1480.0,1483±3 (162),非靶确定,
17066-67-0,Terpene,beta-Eudesmene,47.166, 28237  ,1483.0,1486±3 (349),非靶确定,
54324-03-7,Terpene,Bicyclosesquiphellandrene,47.489,15694800  ,1488.0,1489±6 (11),非靶确定,
495-60-3,Terpene,Zingiberene,47.872,92776  ,1494.0,1495±2 (93),非靶确定,
495-61-4 ,Terpene,beta-Bisabolene(X),48.716,10104370 ,1508.0,1509±3 (312),,同分异构
20307-83-9,Other,beta-Sesquiphellandrene,49.618,519764  ,1524.0,1524±2 (114),非靶确定,
53585-13-0,Terpene,trans-gamma-Bisabolene,49.873,5352437 ,1528.0,1533±3 (62),非靶确定,
6813-21-4 ,Terpene,"Selina-3,7(11)-diene(X)",50.162,6432648,1533.0,1542±3 (45),,RI 相差大
21391-99-1,Other,alpha-Calacorene,50.3,12302243  ,1536.0,1542±3 (219),非靶确定,
27840-40-0 ,Other,beta-Vatirenene,50.393,14475467,1537.0,1540±13 (5),非靶确定,
639-99-6,Terpene,Elemol,50.712,92138 ,1543.0,1549±2 (169),非靶确定,
15423-57-1,Terpene,Germacrene B(X),50.937,5281519  ,1547.0,1557±3 (232),,RI 相差大
67999-56-8,Other,Unkown,51.281,107035 ,1553.0,1544±N/A (1),,"分低,RI相差大"
,Other,"Cadala-1(10),3,8-triene(X)",51.374,593889  ,1554.0,1555±7 (2),,分低
40716-66-3 ,Terpene,E-Nerolidol,51.732,5284507  ,1560.0,1564±2 (277),非靶确定,
198991-79-6,Alcohol,Germacrene D-4-ol(X),52.031,5352847 ,1565.0,1574±2 (92),,RI 相差大
62235-06-7,Other,"(3E,7E)-4,8,12-Trimethyltrideca-1,3,7,11-tetraene(X)",52.6,6443227  ,1575.0,1577±4 (2),,分低
145512-84-1,Other,trans-Sesquisabinene hydrate,53.051,20055539  ,1583.0,1581±2 (7),非靶确定,
552-02-3,Terpene,Viridiflorol(X),53.233,11996452 ,1586.0,1591±2 (198),,分低
58569-25-8,Terpene,cis-alpha-Copaene-8-ol(X),54.008,595121,1599.0,1610±15 (2),,"分低,RI相差大"
1209-71-8,Terpene,gamma-Eudesmol(X),54.39,6432005,1606.0,1631±1 (137),,RI相差大
118173-08-3,Terpene,Selin-6-en-4alpha-ol(X),54.572,,1610.0,1636±N/A (1),,"分低,RI相差大"
,Other,"Humulane-1,6-dien-3-ol(X)",54.807,5353015 ,1614.0,1619±0 (3),,分低
1209-71-8,Terpene,gamma-Eudesmol(X),55.16,6432005,1620.0,1631±1 (137),,RI相差大
58334-55-7,Terpene,Zingiberenol(X),55.357,13213649 ,1624.0,1616±5 (5),,RI相差大
23811-08-7,Terpene,Hinesol,55.563,10878761  ,1628.0,1635±4 (11),非靶确定,
5937-11-1,Terpene,alpha-epi-Cadinol(X),55.715,160799 ,1631.0,1640±2 (241),,分低
473-15-4,Terpene,beta-Eudesmol(X),56.097,91457 ,1637.0,1649±2 (224),,RI相差大
1460-73-7,Terpene,Agarospirol,56.284,21675005 ,1641.0,1645±3 (8),非靶确定,
481-34-5,Terpene,alpha-Cadinol(X),55.46,10398656  ,1644.0,1653±2 (400),,有效峰少
532-65-0,Ketone,aR-Turmerone,57.255,160512  ,1659.0,1664±5 (17),非靶确定,
15352-77-9 ,Terpene,beta-Bisabolol(X),57.436,27208  ,1662.0,1671±2 (57),,"分低,RI相差大"
35727-45-8,Other,Shyobunol(X),58.295,101316861 ,1678.0,1701±8 (5),,RI相差大
19435-77-9,Other,Allohimachalol(X),58.486,10585158 ,1681.0,1674±N/A (1),,分低
119120-23-9,Other,"Eudesma-4(15),7-dien-1beta -ol(X)",58.814,,1687.0,1688±2 (27),,分低
18319-35-2,Other,"Cedren-13-ol, 8-(X)",59.28, 519545 ,1695.0,1688±1 (10),,RI相差大
88034-74-6,Alcohol,"Bergamotol, Z-alpha-trans-(X)",59.339,5368743 ,1697.0,1700±8 (10),,分低
4602-84-0,Terpene,Farnesol(X),59.992,445070 ,1711.0,1713±11 (27),,分低
78339-53-4,Other,(Z)-Nuciferol(X),60.458,71353389  ,1722.0,1735±1 (3),,"分低,RI相差大"
502-67-0 ,Alcohol,"E,E-Farnesal(X)",61.453,5280598  ,1745.0,1735±4 (6),,"分低,RI相差大"
66964-98-5,Terpene,1-Bisabolone,61.552,0857025  ,1746.0,1750±N/A (1),,分低
698365-10-5,Terpene,beta-(Z)-Curcumen-12-ol(X),61.664,91710638  ,1750.0,1746±16 (2),,分低
30199-26-9,Benzene Derivative,(-)-Xanthorrhizol,62.081, 93135  ,1759.0,1753±1 (6),非靶确定,
10067-28-4,Terpene,"Lanceol, cis",62.356,71355833  ,1766.0,1763±3 (9),非靶确定,
56797-40-1,Other,"7-Hexadecenal, (Z)-",63.768,5364438 ,1799.0,1798±N/A (1),非靶确定,
104-66-5,Benzene Derivative,"Ethane, 1,2-diphenoxy-",63.866,7713 ,1804.0,1811±N/A (1),非靶确定,
4128-17-0,Alcohol,all-trans-Farnesyl acetate,64.327,638500,1848.0,1843±3 (25),非靶确定,
,Other,Unkown,64.622,,1877.0,,,分低，无NIST RI
,Other,"(E)-1-(6,10-Dimethylundec-5-en-2-yl)-4-methylbenzene(X)",64.994,91710308 ,1920.0,1951±41 (2),,"分低,RI相差大"
1898-13-1 ,Other,Cembrene(X),65.063,5377896 ,1931.0,1939±9 (13),,
55968-43-9,Other,Gerany-p-cymene(X),65.24,53942264,1959.0,1980±N/A (1),,RI 相差大
55968-43-9,Other,Gerany-p-cymene(X),65.406,53942264,1986.0,1980±N/A (1),,分低
