CID,CAS,Class,RT,NAME
8257 ,115-18-4,Alcohol,2.163,"3-Buten-2-ol, 2-methyl-"
8038,110-19-0,Ester,4.778,Isobutyl acetate
12330,627-97-4,Others,5.553,2-Methyl-2-heptene
5281167,928-96-1,Alcohol,7.696,"3-Hexen-1-ol, (Z)-"
8103,111-27-3 ,Alcohol,8.353,1-Hexanol
8051,110-43-0,Aldehyde,9.305,2-Heptanone
10976,543-49-7,Alcohol,9.84,2-Heptanol
82227,7785-70-8,Terpene,11.385,1R-alpha-Pinene
6616,79-92-5,Terpene,12.179,Camphene
102683,1743-61-9,Others,12.778,"Cyclohexene, 4-ethenyl-1,4-dimethyl-"
18818,3387-41-5,Terpene,13.866,(+)-Sabinene
519324,1686-30-2,Terpene,14.303,"1,7-Octadiene, 2-methyl-6-methylene-"
9862,110-93-0,Aldehyde,14.946,"5-Hepten-2-one, 6-methyl-"
31253,123-35-3,Terpene,15.181,beta-Myrcene
7462,99-86-5,Terpene,16.549,alpha-Terpinene
11142 ,555-10-2,Terpene,17.339,beta-Phellandrene
2758 ,470-82-6,Others,17.545,Eucalyptol
5320250,3338-55-4,Terpene,18.256,cis-beta-Ocimene
80018,5921-82-4,Ester,18.712,"2-Heptanol, acetate"
5320249 ,502-99-8,Terpene,18.938,alpha-Ocimene
7461,99-85-4,Terpene,19.419,gamma-Terpinene
5283324,2548-87-0,Aldehyde,19.507,"2-Octenal, (E)-"
521851,586-67-4,Terpene,20.164,"3,8-p-Menthadiene"
6428573 ,5989-33-3,Furan,20.395,cis-Linalool oxide
957,111-87-5,Alcohol,20.606,1-Octanol
102443,586-63-0,Terpene,21.165,Isoterpinolene
11463,586-62-9,Terpene,21.4,"p-Mentha-1,4(8)-diene"
62385 ,1195-32-0,Benzene derivatives,21.523,p-Cymenene
13187 ,821-55-6,Aldehyde,21.94,2-Nonanone
6549,78-70-6,Terpene,22.519,Linalool
12367,628-99-9,Alcohol,22.622,2-Nonanol
15406,1632-73-1,Terpene,23.068,Fenchol
1252759,4501-58-0,Aldehyde,23.97,alpha-Campholenal
5368821,673-84-7,Terpene,24.382,Allo-Ocimene
5368451,460-01-5,Terpene,24.515,Cosmene
159055,464-49-3,Terpene,25.03,(+)-2-Bornanone
5368821 ,3016-19-1 ,Terpene,25.177,"(4E,6E)-Allocimene"
101680,465-31-6,Terpene,25.28,Camphene hydrate
108662,55050-40-3,Aldehyde,25.52,"6-Octenal, 7-methyl-3-methylene-"
6321405,124-76-5,Terpene,25.957,Isoborneol
64685,507-70-0,Terpene,26.766,endo-Borneol
519323,1686-20-0,Alcohol,26.987,"p-Mentha-1,5-dien-8-ol"
11230,562-74-3,Terpene,27.517,Terpinen-4-ol
108355,55722-59-3,Others,28.213,"3,6-Octadienal, 3,7-dimethyl-"
17100,98-55-5,Terpene,28.635,alpha-Terpineol
8175,112-31-2,Aldehyde,29.729,Decanal
8842,106-22-9,Alcohol,31.98,Citronellol
643779,106-26-3,Alcohol,32.461,Neral
638011,5392-40-5,Terpene,35.055,Citral
8163,112-12-9,Aldehyde,35.879,2-Undecanone
15448,1653-30-1,Alcohol,36.355,2-Undecanol
11435490 ,1079-01-2,Ester,37.635,Myrtenyl acetate
89316 ,20307-84-0,Others,38.253,delta-EIemene
442359 ,17699-14-8,Terpene,38.989,alpha-Cubebene
9017,150-84-5,Ester,39.671,"6-Octen-1-ol, 3,7-dimethyl-, acetate"
16212927 ,22469-52-9,Terpene,39.931,(+)-Cyclosativene
20055075,14912-44-8,Terpene,40.578,Ylangene
1549026,105-87-3,Ester,41.897,Geranyl acetate
53439065,58319-06-5,Terpene,42.746,Sesquithujene
15560276 ,489-40-7,Terpene,43.207,alpha-Gurjunene
12309452,29873-99-2,Terpene,44.286,gamma-Elemene
6429302,13474-59-4,Others,44.443,trans-alpha-Bergamotene
6427475,36577-33-0,Terpene,45.134,"Guaia-6,9-diene"
11052747,92692-39-2,Terpene,45.855,"(-)-Amorpha-4,11-diene"
5281517 ,18794-84-8,Terpene,46.002,(E)-beta-Famesene
12313020,30021-74-0 ,Terpene,47.042,gamma-Muurolene
6428861 ,451-55-8,Benzene derivatives,47.346,gamma-Curcumene
92139,644-30-4,Benzene derivatives,47.724,alpha-Curcumene
12313019,6980-46-7,Others,48.239,gamma-Amorphene
92776 ,495-60-3,Terpene,48.818,(-)-Zingiberene
10104370,495-61-4,Terpene,49.465,beta-Bisabolene
5281516,502-61-4,Terpene,49.779,alpha-Farnesene
519764,20307-83-9,Terpene,50.623,beta-Sesquiphellandrene
5352437,53585-13-0,Terpene,50.78,trans-gamma-Bisabolene
12306048,24406-05-1,Terpene,50.951,alpha-Cadinene
6432648,6813-21-4,Terpene,51.084,"Selina-3,7(11)-diene"
92138 ,639-99-6,Terpene,51.427,Elemol
5281519,15423-57-1,Terpene,51.716,"Germacra-1(10),4,7(11)-triene"
5284507 ,40716-66-3,Terpene,52.329,trans-Nerolidol
3893 ,143-07-7,Acid,52.756,Dodecanoic acid
6430754,15051-81-7,Terpene,54.993,10-epi-gamma-Eudesmol
6432005,1209-71-8,Terpene,55.738,gamma-Eudesmol
10878761 ,23811-08-7,Terpene,56.116,Hinesol
91457 ,473-15-4,Terpene,56.685,Eudesm-4(14)-en-11-ol
92762 ,473-16-5,Terpene,56.856,alpha-Eudesmol
10398656 ,481-34-5 ,Terpene,57.004,alpha-Cadinol
27208,15352-77-9,Terpene,57.96,beta-Bisabolol
1549992,515-69-5,Terpene,58.808,alpha-Bisabolol
93135 ,30199-26-9,Benzene derivatives,62.418,(-)-Xanthorrhizol
71355833,10067-28-4,Others,62.815,"Lanceol, cis"
638500,4128-17-0,Alcohol,64.434,all-trans-Farnesyl acetate
