CID,CAS,Class,RT,NAME
702 ,64-17-5,Alcohol,1.585,Ethanol
8857 ,141-78-6,Ester,2.217,Ethyl Acetate
12020 ,616-25-1,Alcohol,2.919,1-Penten-3-ol
8063 ,110-62-3,Aldehyde,3.125,Pentanal
6276 ,71-41-0,Alcohol,4.655,1-Pentanol
6184 ,66-25-1,Aldehyde,5.587,Hexanal
5281168,505-57-7,Alcohol,7.314,2-Hexenal
5281168,6728-26-3,Alcohol,7.7,"2-Hexenal, (E)-"
7809,106-42-3,Benzene derivatives,8.27,p-Xylene
8103,111-27-3,Alcohol,8.52,1-Hexanol
7237,95-47-6,Benzene derivatives,9.354,o-Xylene
8130,111-71-7,Aldehyde,9.957,Heptanal
637564,142-83-6,Aldehyde,10.546,"2,4-Hexadienal, (E,E)-"
94317 ,6137-06-0,Ketone,12.062,"2-Heptanone, 4-methyl-"
18827 ,3391-86-4,Alcohol,14.588,1-Octen-3-ol
9862 ,110-93-0,Ketone,15.068,"5-Hepten-2-one, 6-methyl-"
454,124-13-0,Aldehyde,16.025,Octanal
7720 ,104-76-7,Alcohol,17.825,"1-Hexanol, 2-ethyl-"
5283324 ,2548-87-0,Aldehyde,19.674,"2-Octenal, (E)-"
31289 ,124-19-6,Aldehyde,22.887,Nonanal
6544,78-59-1,Ketone,23.725,Isophorone
8175,112-31-2,Aldehyde,29.876,Decanal
22015 ,5779-94-2 ,Benzene derivatives,30.121,"Benzaldehyde, 2,5-dimethyl-"
237332,67-47-0,Furan,32.167,5-Hydroxymethylfurfural
12975 ,761-65-9,Aldehyde,36.331,"Formamide, N,N-dibutyl-"
