CAS,Class,Name,RT,CID,MSDIAL RI,NIST RI,Note,Note.1
75-21-8 ,Other,Ethylene oxide,1.486,6354 ,,404±7 (2),非靶确定,
64-17-5,Alcohol,Ethanol,1.565,702 ,,427±19 (38),非靶确定,
67-64-1,Ketone,Acetone,1.648,180  ,,486±16 (51),非靶确定,
78-79-5,Other,Isoprene(X),1.678, 6557,,498±2 (14),,同分异构
78-85-3,Aldehyde,Methacrolein,1.913,6562,,567±7 (9),非靶确定,
78-94-4,Ketone,Methyl vinyl ketone,2.031,6570,,576±22 (6),非靶确定,解卷积
64-19-7,Acid,Acetic acid,2.144,176  ,,610±10 (91),非靶确定,解卷积
78-83-1,Alcohol,"1-Propanol, 2-methyl-",2.256,6560  ,,625±8 (77),非靶确定,
6108-61-8,Other,"(Z),(Z)-2,4-Hexadiene(X)",2.364,5326156 ,,661±0 (3),,同分异构
616-25-1,Alcohol,1-Penten-3-ol,2.865,12020 ,,684±4 (58),非靶确定,解卷积
123-51-3 ,Alcohol,"1-Butanol, 3-methyl-(X)",3.473,31260 ,,736±5 (154),,同分异构
97797-57-4,Other,1-Ethyl-5-methylcyclopentene,3.816,557171  ,,815±13 (2),非靶确定,
108-88-3 ,Benzene Derivative,Toluene(X),4.405,1140 ,,763±8 (328),,分低
109-60-4 ,Ester,n-Propyl acetate(X),4.665,7997,,708±8 (55),,RI 相差大
928-96-1,Alcohol,"3-Hexen-1-ol, (Z)-(X)",7.627,5281167 ,,857±3 (169),,同分异构
111-27-3,Alcohol,1-Hexanol,8.245, 8103 ,871.0,868±4 (223),非靶确定,解卷积
2867-05-2,Terpene,3-Thujene,10.786,17868  ,923.0,929±2 (488),非靶确定,
7785-70-8,Terpene,1R-alpha-Pinene,11.806,82227 ,928.0,929±7 (7),非靶确定,
79-92-5,Terpene,Camphene(x),11.856,6616  ,941.0,952±2 (609),,RI 相差大
100-52-7,Aldehyde,Benzaldehyde(X),13.018,240 ,961.0,962±3 (416),,分低
3387-41-5,Terpene,Sabinen,13.509,18818  ,969.0,974±2 (619),非靶确定,
1686-30-2,Terpene,alpha-Myrcene(X),13.984,519324  ,977.0,984±3 (2),,分低
123-35-3 ,Terpene,beta-Myrcene,14.808,31253  ,992.0,991±2 (840),非靶确定,
99-83-2,Terpene,alpha-Phellandrene,15.363,7460  ,1001.0,1005±2 (509),非靶确定,
54750-69-5,Furan,"(2R,5S)-2-Methyl-5-(prop-1-en-2-yl)-2-vinyltetrahydrofuran",15.74,21576892,1006.0,1008±1 (4),非靶确定,
99-86-5,Terpene,alpha-Terpinene,16.201,7462 ,1013.0,1017±2 (534),非靶确定,
77846-83-4 ,Other,Unkown,16.339,557089,1015.0,,,分低，无NIST RI
527-84-4,Terpene,o-Cymene(X),16.765,10703  ,1022.0,1022±2 (114),,同分异构
1461-27-4 ,Terpene,D-sylvestrene(X),17.128,102625  ,1027.0,1027±3 (19),,同分异构
470-82-6,Other,Eucalyptol(X),17.212,2758  ,1028.0,1032±2 (580),,分低
28017-62-1,Ketone,Unkown,17.393,,1031.0,,,无NIST RI
3338-55-4,Terpene,beta-cis-Ocimene(X),17.864,5320250 ,1038.0,1038±2 (446),,同分异构
3779-61-1,Terpene,trans-beta-Ocimene(X),18.531,5281553  ,1048.0,1049±2 (548),,同分异构
99-85-4,Terpene,gamma-Terpinene,19.085,7461 ,1056.0,1060±3 (739),非靶确定,
5989-33-3,Other,Linalool oxide,20.047,6428573  ,1071.0,1074±4 (179),非靶确定,
586-62-9,Terpene,Terpinolen,20.763,11463  ,1081.0,1088±2 (607),非靶确定,
586-63-0 ,Terpene,Isoterpinolene(X),20.993,102443  ,1085.0,1086±3 (46),,同分异构
1195-32-0,Terpene,p-Cymenene,21.111,62385  ,1086.0,1090±2 (106),非靶确定,
78-70-6,Terpene,Linalool,22.18,6549,1102.0,1099±2 (976),非靶确定,
60-12-8,Alcohol,Phenylethyl Alcohol,23.515,6054  ,1122.0,1116±5 (262),非靶确定,
29803-82-5,Terpene,cis-2-p-Menthen-1-ol(X),23.824,122485  ,1126.0,1122±3 (120),,同分异构
673-84-7,Terpene,Allo-Ocimene(X),24.172,5368821  ,1131.0,1131±2 (89),,同分异构
547-61-5,Terpene,L-Pinocarveol(X),24.672,1201530  ,1139.0,1139±2 (234),,分低
29803-81-4,Terpene,(E)-p-2-Menthen-1-ol(X),24.824,22484,1141.0,1140±4 (94),,同分异构
89-79-2,Terpene,Isopulegol(X),25.123,170833  ,1146.0,1146±3 (32),非靶确定,
30460-92-5,Terpene,Pinocarvone(X),25.756,121719  ,1154.0,1164±N/A (1),,同分异构
30460-92-5,Terpene,Pinocarvone,26.158,121719  ,1160.0,1164±N/A (1),非靶确定,
122775-00-2,Other,Unkown,26.301,,1162.0,,,分低，无NIST RI
464-45-9 ,Terpene,L-Borneol(X),26.433,1201518,1164.0,1166±7 (3),,同分异构
98-55-5 ,Terpene,alpha-Terpineol(X),26.781,17100 ,1169.0,1189±2 (811),,RI 相差大
14009-71-3,Alcohol,"cis-Linalool 3,7-oxide(X)",26.963,6427787 ,1172.0,1174±7 (11),,同分异构
562-74-3,Terpene,Terpinen-4-ol(X),27.424,11230 ,1179.0,1177±2 (764),,同分异构
101-41-7,Ester,Methyl alpha-toluate,27.546,7559,1180.0,1178±2 (20),非靶确定,
57129-54-1 ,Aldehyde,alpha-Thujenal(X),27.752,530411 ,1183.0,1190±N/A (1),,分低
74410-10-9,Furan,Dill ether(X),27.797,126537 ,1184.0,1186±2 (13),,分低
500-02-7,Other,Crypton,27.831,92780 ,1184.0,1184±4 (38),非靶确定,
1197-01-9 ,Terpene,p-Cymen-8-ol,27.978,14529  ,1187.0,1183±2 (237),非靶确定,
98-55-5 ,Terpene,alpha-Terpineol(X),28.272,17100 ,1191.0,1189±2 (811),,同分异构
564-94-3 ,Terpene,Myrtenal,28.415,61130 ,1193.0,1193±3 (145),非靶确定,
13741-21-4,Terpene,"3,7-Octadiene-2,6-diol, 2,6-dimethyl-(X)",28.503,5352451 ,1194.0,1190±7 (14),,分低
515-00-4 ,Terpene,Myrtenol,28.557,10582 ,1195.0,1195±2 (203),非靶确定,
140-67-0 ,Terpene,Estragole,28.753,8815  ,1198.0,1196±1 (86),非靶确定,
16721-39-4,Terpene,trans-Piperitol,29.366,85568 ,1207.0,1208±3 (86),非靶确定,
,Other,Unkown,29.812,,1213.0,,,分低，无NIST RI
,Other,Unkown,29.812,,1218.0,,,无NIST RI
106-25-2,Terpene,Nerol,30.887,643820  ,1229.0,1228±2 (174),非靶确定,
29210-77-3,Terpene,"7-Octene-2,6-diol, 2,6-dimethyl-(x)",31.112,120154 ,1233.0,1237±N/A (1),,分低
122-03-2,Terpene,Cumaldehyde,31.343,326 ,1236.0,1239±3 (122),非靶确定,
99-49-0,Terpene,Carvone(x),31.681,7439 ,1241.0,1242±4 (307),,同分异构
28673-24-7,Other,Trifluoroacetyl-lavandulol,32.103,549682  ,1248.0,1251±N/A (1),非靶确定,
89-81-6 ,Terpene,Piperitone,32.304,6987 ,1251.0,1253±3 (129),非靶确定,
,,Unkown,32.559,,1254.0,,,分低，无NIST RI
115-95-7,Terpene,Linalyl acetate,32.804,8294  ,1258.0,1257±3 (153),非靶确定,
21290-09-5,Terpene,Unkown,33.241,,1265.0,,,分低，无NIST RI
53447-48-6 ,Aldehyde,Unkown,33.457,16667664  ,1268.0,,,分低，无NIST RI
2111-75-3,Aldehyde,Perillal(X),33.614,16441 ,1270.0,1272±4 (61),,分低
51276-33-6,Other,"1,7-Octadiene-3,6-diol, 2,6-dimethyl-",34.124,548927 ,1278.0,1273±4 (8),非靶确定,
104-46-1,Benzene Derivative,Anethole(X),34.452,637563  ,1283.0,1286±2 (6),,同分异构
22580-90-1,Other,"1,4-p-Menthadien-7-al(X)",34.752,6429112  ,1287.0,1288±10 (2),,分低
112-12-9,Ketone,2-Undecanone(X),35.276,8163,1295.0,1294±2 (160),,分低
937-61-1,Benzene Derivative,Unkown,35.414,70303,1297.0,,,分低，无NIST RI
1619-26-7,Other,Isoascaridol,35.693,351031  ,1301.0,1306±3 (5),非靶确定,
499-75-2,Terpene,Carvacrol(X),36.096, 10364 ,1307.0,1299±2 (278),,"分低,RI相差大"
,Other,Unkown,36.365,,1312.0,,,分低，无NIST RI
57024-90-5 ,Other,Unkown,36.924,5366147 ,1320.0,,,分低，无NIST RI
1079-01-2,Other,Myrtenyl acetate,37.072,11435490 ,1322.0,1327±4 (22),非靶确定,
51468-86-1,Other,"Megastigma-4,6(E),8(E)-triene(X)",37.317,5369742 ,1326.0,1329±31 (3),,分低
20307-84-0,Terpene,delta-EIemene(X),37.645,89316  ,1331.0,1338±2 (220),,分低
17699-14-8,Terpene,alpha-Cubebene,38.455,442359  ,1344.0,1351±2 (337),非靶确定,
80-26-2,Terpene,alpha-Terpinyl acetate,38.622,111037 ,1346.0,1350±3 (156),非靶确定,
150-84-5,Terpene,Citronellol acetate,39.146,9017  ,1355.0,1354±2 (98),非靶确定,
97-53-0 ,Other,Eugenol,39.249,3314,1356.0,1357±3 (355),非靶确定,
14912-44-8,Terpene,Ylangene(X),39.73,20055075 ,1364.0,1372±2 (170),,分低
141-12-8 ,Terpene,Nerol acetate(X),39.862,1549025 ,1366.0,1364±3 (151),,分低
14912-44-8,Terpene,Ylangene(X),40.019,20055075 ,1368.0,1372±2 (170),,同分异构
515-13-9,Terpene,beta-Elemen(X),40.076,6918391  ,1379.0,1391±2 (521),,RI 相差大
13744-15-5,Terpene,beta-Cubebene,40.995,93081  ,1383.0,1389±2 (261),非靶确定,
515-13-9,Terpene,beta-Elemen,41.177,6918391  ,1386.0,1391±2 (521),非靶确定,
629-59-4,Alkane,Tetradecane,42.011,12389 ,1399.0,1400,非靶确定,
489-40-7 ,Terpene,alpha-Gurjunene,42.084,16213731  ,1400.0,1409±2 (196),非靶确定,
20479-06-5,Terpene,beta-Ylangene(X),42.472,25244198  ,1406.0,1421±2 (26),,RI 相差大
87-44-5,Terpene,Caryophyllene,42.751,5281515 ,1411.0,1419±3 (983),非靶确定,
18252-44-3,Terpene,beta-Copaene(X),43.286,87529 ,1420.0,1432±3 (71),,RI 相差大
17334-55-3,Terpene,beta-Gurjunene,43.521,28481  ,1424.0,1432±3 (234),非靶确定,
489-39-4,Terpene,Aromandendrene(X),43.816,11095734 ,1428.0,1440±1 (5),,RI 相差大
3691-12-1,Terpene,alpha-Guaiene,43.983, 5317844  ,1431.0,1439±2 (125),非靶确定,
52026-55-8,Terpene,"Selina-5,11-diene(X)",44.125,91704179 ,1433.0,1447±N/A (1),,RI 相差大
18252-44-3,Terpene,beta-Copaene,44.218,87529 ,1435.0,1432±3 (71),非靶确定,
17699-14-8,Terpene,alpha-Cubebene(X),44.414,442359  ,1438.0,1351±2 (337),,RI 相差大
6753-98-6,Terpene,Humulene(X),44.802,5281520  ,1444.0,1454±3 (792),,RI 相差大
25246-27-9,Terpene,Alloaromadendrene(X),45.145,10899740 ,1450.0,1461±2 (343),,RI 相差大
157477-72-0,Other,"cis-Muurola-4(15),5-diene(X)",45.331, 91747213  ,1453.0,1463±4 (52),,RI 相差大
18794-84-8,Terpene,(E)-beta-Famesene,45.474,5281517 ,1455.0,1457±2 (253),非靶确定,
25246-27-9,Terpene,Alloaromadendrene,45.719,10899740 ,1459.0,1461±2 (343),非靶确定,
1560-95-8,Other,"Tetradecane, 2-methyl-(X)",45.91,15268  ,1462.0,1463±2 (16),,分低
515-17-3 ,Other,gamma-Selinene(X),46.214,10655819  ,1467.0,1479±6 (15),,"分低,RI相差大"
23986-74-5 ,Terpene,Germacrene D(X),46.558,5317570  ,1473.0,1481±3 (689),,RI 相差大
17066-67-0,Terpene,beta-Eudesmene,46.783,28237 ,1477.0,1486±3 (349),非靶确定,
23986-74-5 ,Terpene,Germacrene D,47.058,5317570  ,1481.0,1481±3 (689),非靶确定,
473-13-2,Terpene,alpha-Selinene(X),47.333,10856614 ,1486.0,1494±3 (196),,同分异构
24703-35-3 ,Other,Bicyclogermacren,47.431,91224  ,1487.0,1495±4 (368),非靶确定,
10208-80-7,Terpene,alpha-Muurolene,47.74,12306047  ,1492.0,1499±3 (427),非靶确定,
629-62-9,Alkane,Pentadecane,48.063,12391 ,1497.0,1500,非靶确定,解卷积
39029-41-9,Terpene,gamma-Cadinene,48.49,92313  ,1505.0,1513±2 (485),非靶确定,
523-47-7,Terpene,"Cadina-3,9-diene(X)",49.133,10657,1516.0,1518±10 (30),,同分异构
29837-12-5,Terpene,Cubenene(X),49.535,57357909 ,1523.0,1532±1 (119),,RI 相差大
24406-05-1 ,Terpene,alpha-Cadinene(X),49.839,12306048  ,1528.0,1538±1 (31),,RI 相差大
21391-99-1,Other,alpha-Calacorene(X),50.123,12302243  ,1533.0,1542±3 (219),,RI 相差大
142-50-7 ,Terpene,Nerolidol(X),50.403, 5356544  ,1537.0,1544±16 (61),,分低
639-99-6,Terpene,Elemol,50.629,92138 ,1541.0,1549±2 (169),非靶确定,
40716-66-3,Terpene,E-Nerolidol,51.865,5284507,1563.0,1564±2 (277),非靶确定,
6750-60-3,Terpene,Espatulenol(X),52.085,92231 ,1566.0,1576±2 (539),,分低
1139-30-6,Terpene,Caryophyllene oxide(X),51.296,1742210 ,1570.0,1581±2 (669),,"分低,RI相差大"
629-73-2,Other,Cetene(X),52.532,12395 ,1574.0,1592±1 (36),,RI 相差大
544-76-3,Alkane,Hexadecane,53.817,11006,1596.0,1600,非靶确定,
,Other,"Humulane-1,6-dien-3-ol(X)",54.077,,1601.0,1619±0 (3),,"分低,RI相差大"
1209-71-8,Terpene,gamma-Eudesmol(X),54.371, 6432005,1606.0,1631±1 (137),,RI 相差大
6892-80-4,Other,Widdrol(X),54.484,94334  ,1608.0,1610±10 (8),,分低
1209-71-8,Terpene,gamma-Eudesmol(X),55.141, 6432005,1620.0,1631±1 (137),,RI 相差大
5937-11-1,Terpene,alpha-epi-Cadinol(X),55.71,160799,1630.0,1640±2 (241),,RI 相差大
473-15-4,Terpene,beta-Eudesmol(X),56.078,91457  ,1637.0,1649±2 (224),,RI 相差大
1460-73-7,Terpene,Agarospirol,56.264,21675005  ,1641.0,1645±3 (8),非靶确定,
19912-62-0 ,Terpene,alpha-epi-Muurolol,56.441,3084331  ,1644.0,1642±2 (206),非靶确定,
1560-92-5,Other,"Hexadecane, 2-methyl-",57.289,15266  ,1659.0,1664±1 (9),非靶确定,
629-78-7,Alkane,Heptadecane(X),59.29,12398 ,1696.0,1700,,分低
,Other,"5,5,7,7-Tetraethylundecane(X)",59.747,,1705.0,1733±N/A (1),,"分低,RI相差大"
,,Unkown,62.037,,1758.0,,,分低，无NIST RI
56797-40-1 ,Aldehyde,"7-Hexadecenal, (Z)-",63.769,5364438 ,1799.0,1798±N/A (1),非靶确定,
58130-58-8 ,Ester,"2,3-Dihydro farnesyl acetate(X)",63.926,91694871  ,1810.0,1823±17 (2),,"分低,RI相差大"
4128-17-0,Alcohol,all-trans-Farnesyl acetate,64.338,638500  ,1849.0,1843±3 (25),非靶确定,
1117-52-8,Ketone,Farnesyl acetone(X),64.946,1711945 ,1913.0,1919±5 (28),,分低
112-39-0 ,Ester,"Hexadecanoic acid, methyl ester",65.063,8181  ,1931.0,1926±2 (136),非靶确定,
20016-73-3,Terpene,m-Camphorene,65.225,5315649  ,1957.0,1960±N/A (1),非靶确定,
