CAS,Class,Name,RT,CID,MSDIAL RI,NIST RI,Note,Note.1
1576-87-0,Aldehyde,"2-Pentenal, (E)-",4.197,5364752  ,,754±5 (30),非靶确定,
71-41-0,Alcohol,1-Pentanol,4.521,6276  ,,765±4 (146),非靶确定,
1576-95-0,Alcohol,"2-Penten-1-ol, (Z)-",4.624,5364919 ,,767±2 (22),非靶确定,
66-25-1,Aldehyde,Hexanal,5.458,6184,,800±2 (453),非靶确定,
505-57-7,Aldehyde,2-Hexenal,7.115,5281168  ,,851±5 (53),非靶确定,
6728-26-3,Aldehyde,"2-Hexenal, (E)-",7.542,5281168 ,,854±3 (243),非靶确定,
928-96-1,Alcohol,"3-Hexen-1-ol, (Z)-",7.724,5281167  ,,857±3 (169),非靶确定,
928-95-0,Alcohol,"2-Hexen-1-ol, (E)-",8.136,5318042 ,865.0,862±6 (63),非靶确定,
111-27-3,Alcohol,1-Hexanol,8.297,8103 ,868.0,868±4 (223),非靶确定,
95-47-6,Benzene Derivatives,o-Xylene(X),9.136,7237,888.0,887±8 (178),,分低
142-83-6,Aldehyde,"2,4-Hexadienal, (E,E)-",10.255,637564 ,910.0,911±3 (32),非靶确定,
,Others,Unkown,10.686,,918.0,,,分低，无 NIST RI
57266-86-1,Aldehyde,"2-Heptenal, (Z)-",12.795,5362616 ,953.0,958±6 (19),非靶确定,
100-52-7,Benzene Derivatives,Benzaldehyde,12.903,240  ,955.0,962±3 (416),非靶确定,
2407-43-4,Furan,"2(5H)-Furanone, 5-ethyl-",13.237,16997  ,961.0,966±3 (2),非靶确定,
,Others,Unkown S,13.413,,964.0,,,
3391-86-4 ,Alcohol,1-Octen-3-ol(X),14.335,18827  ,979.0,980±2 (355),,分低
142-62-1,Acid,Hexanoic acid(X),15.777,8892  ,1003.0,990±16 (133),,分低，RI相差大
1461-27-4,Terpene,(+)-Sylvestrene,17.121,102625 ,1023.0,1027±3 (19),非靶确定,
470-82-6,Alcohol,Eucalyptol,17.244,2758  ,1025.0,1032±2 (580),非靶确定,
104-76-7,Alcohol,"1-Hexanol, 2-ethyl-",17.519,7720 ,1029.0,1030±3 (86),非靶确定,
3779-61-1,Terpene,trans-beta-Ocimene(X),18.034,5281553  ,1037.0,1049±2 (548),,RI 相差大
2548-87-0,Aldehyde,"2-Octenal, (E)-",19.363,5283324  ,1056.0,1060±3 (124),非靶确定,
586-62-9,Terpene,Terpinolene,21.173,11463  ,1083.0,1088±2 (607),非靶确定,
124-19-6,Aldehyde,Nonanal,22.546,31289  ,1103.0,1104±2 (556),非靶确定,
34246-54-3,Benzene Derivatives,"Benzaldehyde, 3-ethyl-(X)",26.411,118623 ,1159.0,1168±N/A (1),,RI 相差大
98-55-5,Terpene,alpha-Terpineol,28.26,17100 ,1186.0,1189±2 (811),非靶确定,解卷积
112-31-2,Aldehyde,Decanal(X),29.531,8175 ,1204.0,1206±2 (406),,分低
2216-87-7,Ketone,3-Undecanone(X),35.112,75189 ,1287.0,1283±8 (4),,分低
41678-29-9,Others,Edulan I(X),36.446,521066  ,1308.0,1314±5 (7),,有效峰少
30407-41-1,Acid,Unkown,38.389,246581,1338.0,,,分低，无 NIST RI
77-68-9,Acid,Unkown,38.786,6490  ,1343.0,1380±0 (3),,分低，RI相差大
14912-44-8,Terpene,Ylangene,40.238,20055075 ,1367.0,1372±2 (170),非靶确定,
71932-97-3,Others,Unkown,40.988, 144524 ,1378.0,,,分低，无 NIST RI
629-59-4,Alkane,Tetradecane(X),42.195,12389 ,1397.0,1400,,分低
118-65-0,Terpene,Isocaryophyllene,42.852,5281522 ,1408.0,1406±3 (75),非靶确定,
489-39-4,Terpene,Aromandendrene(X),44.044,11095734  ,1427.0,1440±1 (5),,RI 相差大
6753-98-6,Terpene,Humulene(X),44.927,5281520  ,1441.0,1454±3 (792),,RI 相差大
25246-27-9,Terpene,Alloaromadendrene(X),45.368,10899740  ,1449.0,1461±2 (343),,RI 相差大
719-22-2,Others,"2,6-Di-tert-butylquinone(X)",45.937,12867  ,1458.0,1471±5 (14),,分低，RI相差大
22567-17-5,Terpene,gamma-Gurjunene,46.29,90805  ,1463.0,1473±2 (85),非靶确定,
30021-74-0,Terpene,gamma-Muurolene,46.496,6432308  ,1467.0,1477±3 (392),非靶确定,
21747-46-6,Terpene,(+)-Ledene(X),47.517,10910653  ,1484.0,1493±4 (112),,分低，RI相差大
483-75-0,Terpene,Unkown,47.953,101708 ,1491.0,1485±10 (25),,分低
629-62-9,Alkane,Pentadecane(X),48.267,12391 ,1496.0,1500,,分低
5875-45-6,Benzene Derivatives,"Phenol, 2,5-bis(1,1-dimethylethyl)-",49.047,79983 ,1509.0,1514±N/A (1),非靶确定,
523-47-7,Terpene,"Cadina-3,9-diene",49.312,10657  ,1514.0,1518±10 (30),非靶确定,
29837-12-5,Others,Cubenene(X),49.753,57357909 ,1521.0,1532±1 (119),,RI 相差大
88728-58-9,Others,Epiglobulol(X),51.229,11858788  ,1546.0,1585±5 (29),,RI 相差大
489-41-8,Terpene,(-)-Globulol,52.622,12304985 ,1570.0,1580±N/A (1),非靶确定,
552-02-3,Terpene,Viridiflorol(X),53.682,11996452 ,1589.0,1591±2 (198),,分低
6846-50-0,Alcohol,Kodaflex txib,53.78, 23284  ,1590.0,1588±N/A (1),非靶确定,
544-76-3 ,Alkane,Hexadecane(X),54.035,11006 ,1595.0,1600,,分低
73365-77-2,Others,"Di-epi-1,10-cubenol",55.188,12304220  ,1615.0,1614±3 (77),非靶确定,
5937-11-1,Terpene,alpha-epi-Cadinol(X),55.923,160799  ,1629.0,1640±2 (241),,RI 相差大
19435-97-3,Alcohol,delta-Cadinol,56.242,3084311  ,1635.0,1645±2 (220),非靶确定,
19912-62-0,Terpene,alpha-epi-Muurolol(X),56.659,3084331,1642.0,1642±2 (206),,分低
629-78-7,Alkane,Heptadecane(X),59.509, 12398 ,1694.0,1700,,分低
593-45-3,Alkane,Octadecane,63.845,11635  ,1798.0,1800,非靶确定,
110-27-0,Acid,Isopropyl myristate,64.222,8042  ,1830.0,1827±4 (39),非靶确定,解卷积
