CAS,Class,Name,RT,CID,MSDIAL RI,NIST RI,Note,Note.1
64-17-5,Alcohol,Ethanol,1.57,702 ,,427±19 (38),非靶确定,
79-20-9,Ester,"Acetic acid, methyl ester",1.766,6584 ,,526±4 (28),非靶确定,解卷积
64-19-7,Acid,Acetic acid,2.168,176,,610±10 (91),非靶确定,
67-66-3,Other,Trichloromethane,2.188,6212 ,,615±6 (39),非靶确定,解卷积
123-35-3,Terpene,beta-Myrcene,14.814,31253,992.0,991±2 (840),,分低
99-86-5,Terpene,alpha-Terpinene(X),16.177,7462 ,1013.0,1017±2 (534),,分低
99-87-6 ,Terpene,p-Cymene(X),16.741,7463 ,1021.0,1025±2 (820),,同分异构
1461-27-4 ,Terpene,D-sylvestrene(X),16.942,102625  ,1024.0,1027±3 (19),,同分异构
470-82-6,Other,Eucalyptol,17.085,2758  ,1027.0,1032±2 (580),非靶确定,
104-76-7,Alcohol,"1-Hexanol, 2-ethyl-",17.413,7720 ,1031.0,1030±3 (86),非靶确定,
99-85-4,Terpene,gamma-Terpinene,19.017,7461 ,1055.0,1060±3 (739),非靶确定,
4784-86-5,Other,"1,3-Cyclopentadiene, 1,2-dimethyl-(X)",19.905,138349,1069.0,,,分低，无NIST RI
5989-33-3,Furan,cis-Linalool oxide(X),20.067,6428573,1071.0,1074±4 (179),,分低
586-62-9,Terpene,Terpinolene(X),21.004,11463 ,1085.0,1088±2 (607),,分低
1195-32-0,Terpene,p-Cymenene,21.166,62385  ,1087.0,1090±2 (106),非靶确定,
78-70-6,Terpene,Linalool,22.073,6549,1101.0,1099±2 (976),非靶确定,
124-19-6,Aldehyde,Nonanal(X),22.362,31289 ,1105.0,1104±2 (556),,分低
89-79-2,Terpene,Isopulegol,24.874,170833  ,1141.0,1146±3 (32),非靶确定,
562-74-3,Terpene,Terpinen-4-ol,27.037,11230 ,1173.0,1177±2 (764),非靶确定,
1197-01-9,Terpene,p-Cymen-8-ol(X),27.9,14529  ,1185.0,1183±2 (237),,分低
98-55-5,Terpene,alpha-Terpineol(X),28.022,17100 ,1188.0,1189±2 (811),,同分异构
586-81-2,Terpene,gamma-Terpineol(X),28.558,11467,1195.0,1197±7 (20),,分低
140-67-0 ,Terpene,Estragole,28.759,8815  ,1198.0,1196±1 (86),非靶确定,
106-22-9,Terpene,Citronellol,30.991,8842  ,1231.0,1228±3 (181),非靶确定,
122-03-2,Terpene,"Benzaldehyde, 4-(1-methylethyl)-",31.349,326 ,1236.0,1239±3 (122),非靶确定,
99-49-0,Terpene,Carvone(X),31.648,7439,1241.0,1242±4 (307),,同分异构
89-81-6,Terpene,Piperitone,32.305,6987  ,1251.0,1253±3 (129),非靶确定,
624-15-7 ,Terpene,"2,6-Octadien-1-ol, 3,7-dimethyl-(X)",32.83,637566,1258.0,1260±N/A (1),,同分异构
31295-56-4,Other,"Dodecane, 2,6,11-trimethyl-(X)",34.238,35768 ,1279.0,1275±N/A (1),,分低
94-59-7,Benzene Derivative,Safrole,34.586,5144 ,1285.0,1287±2 (51),非靶确定,
536-60-7,Alcohol,p-Cymen-7-ol,35.081,325 ,1292.0,1289±2 (57),非靶确定,
3891-98-3,Other,"Dodecane, 2,6,10-trimethyl-(X)",38.574,19773  ,1346.0,1366±2 (29),,"分低,RI相差大"
97-53-0,Other,Eugenol,39.167,3314  ,1355.0,1357±3 (355),非靶确定,解卷积
74367-31-0,Other,"Propanoic acid, 2-methyl-, 2-ethyl-3-hydroxyhexyl ester",40.035,522537,1368.0,1373±0 (4),非靶确定,
3796-70-1,Terpene,trans-Geranylacetone(X),45.259,1549778  ,1452.0,1453±2 (154),,同分异构
2460-77-7,Other,"2,5-di-tert-Butyl-1,4-benzoquinone",45.71,17161  ,1459.0,1466±N/A (1),非靶确定,
10396-80-2,Benzene Derivative,"2,6-Di-tert-butyl-4-hydroxy-4-methylcyclohexa-2,5-dien-1-one(X)",46.318,146102 ,1469.0,1475±3 (2),,分低
112-53-8,Alcohol,1-Dodecanol,46.681,8193 ,1475.0,1473±4 (64),非靶确定,
1534-26-5,Ketone,3-Tridecanone(X),47.535, 73751  ,1489.0,1498±0 (2),,RI 相差大
629-62-9 ,Alkane,Pentadecane(X),48.035,12391 ,1497.0,1500,,分低
5875-45-6,Benzene Derivative,"Phenol, 2,5-bis(1,1-dimethylethyl)-",48.874,79983,1511.0,1514±N/A (1),非靶确定,
,Other,"Phenylglyoxylic acid, butyl ester(X)",52.018,,1565.0,1574±N/A (1),,RI 相差大
,Other,"Benzoic acid, hept-3-yl ester(X)",52.67,23071614 ,1577.0,1587±N/A (1),,"分低,RI相差大"
6846-50-0,Alcohol,Kodaflex txib(X),53.553,23284  ,1592.0,1588±N/A (1),,分低
544-76-3,Alkane,Hexadecane,53.794,11006 ,1596.0,1600,非靶确定,
484-31-1,Other,Dill apiol(X),55.064,10231 ,1618.0,1622±4 (36),,分低
629-78-7,Alkane,Heptadecane,59.277,12398,1695.0,1700,非靶确定,
1620-98-0,Aldehyde,"3,5-di-tert-Butyl-4-hydroxybenzaldehyde",62.348,73219 ,1766.0,1772±1 (4),非靶确定,解卷积
593-45-3,Alkane,Octadecane,63.77,11635 ,1799.0,1800,非靶确定,
118-60-5,Other,2-Ethylhexyl salicylate,63.829,8364 ,1800.0,1811±5 (4),,RI 相差大
638-36-8,Other,"Hexadecane, 2,6,10,14-tetramethyl-(X)",63.908,12523  ,1808.0,1792±3 (31),,RI 相差大
104-66-5,Benzene Derivative,"Ethane, 1,2-diphenoxy-",63.991,7713,1816.0,1811±N/A (1),非靶确定,解卷积
629-92-5,Alkane,Nonadecane,64.854,12401 ,1899.0,1900,非靶确定,解卷积
112-39-0,Ester,"Hexadecanoic acid, methyl ester",65.026,8181,1925.0,1926±2 (136),,
112-95-8,Alkane,Eicosane,65.492,8222 ,1999.0,2000,,分低
