CAS,Class,Name,RT,CID,MSDIAL RI,NIST RI,Note,Note.1
64-17-5,Alcohol,Ethanol,1.589,702 ,,427±19 (38),非靶确定,
67-64-1,Ketone,Acetone,1.673,180 ,,486±16 (51),非靶确定,解卷积
64-19-7,Acid,Acetic acid,2.134,176,,610±10 (91),非靶确定,
105-38-4,Other,"Propanoic acid, ethenyl ester",2.874,7750 ,,649±1 (4),非靶确定,解卷积
110-62-3,Aldehyde,Pentanal,3.051, 8063  ,,699±5 (147),非靶确定,
71-41-0,Alcohol,1-Pentanol,4.488,6276 ,,765±4 (146),非靶确定,
66-25-1,Aldehyde,Hexanal,5.327,6184 ,,800±2 (453),非靶确定,
111-27-3,Alcohol,1-Hexanol(X),8.383,8103 ,875.0,868±4 (223),,分低
110-43-0,Ketone,2-Heptanone,9.251,8051  ,895.0,891±2 (212),非靶确定,解卷积
109-52-4,Acid,Pentanoic acid,10.016,7991,910.0,904±16 (47),非靶确定,解卷积
3391-86-4,Alcohol,1-Octen-3-ol,14.215, 18827,982.0,980±2 (355),非靶确定,
3777-69-3,Furan,"Furan, 2-pentyl-(X)",14.804,19602 ,991.0,993±2 (179),,分低
99-83-2,Terpene,alpha-Phellandrene,15.363,7460  ,1001.0,1005±2 (509),非靶确定,解卷积
142-62-1,Acid,Hexanoic acid(X),17.06,8892  ,1026.0,990±16 (133),,RI 相差大
104-76-7,Alcohol,"1-Hexanol, 2-ethyl-",17.438,7720 ,1031.0,1030±3 (86),非靶确定,解卷积
1669-44-9,Ketone,3-Octen-2-one(X),18.119,5363229  ,1042.0,1040±3 (18),,分低
122-78-1,Aldehyde,Benzeneacetaldehyde(X),18.306,998,1045.0,1045±4 (378),,分低
2548-87-0,Aldehyde,"2-Octenal, (E)-",19.228,5283324 ,1058.0,1060±3 (124),非靶确定,
2432-77-1,Other,"Hexanethioic acid, S-methyl ester(X)",19.439,75515 ,1062.0,1063±N/A (1),,分低
5989-33-3,Furan,cis-Linalool oxide,20.037,6428573,1070.0,1074±4 (179),非靶确定,
30086-02-3,Ketone,"3,5-Octadien-2-one, (E,E)-",20.297,5352876 ,1074.0,1073±7 (13),非靶确定,
34995-77-2,Other,trans-Linalool oxide (furanoid)(X),21.141,6431475  ,1087.0,1086±5 (156),,分低
3809-32-3,Other,"2,5-Dimethylcyclohexanol(X)",21.72,97959 ,1096.0,1099±N/A (1),,分低
78-70-6,Terpene,Linalool,22.053,6549,1100.0,1099±2 (976),非靶确定,
124-19-6,Aldehyde,Nonanal(X),22.372,31289 ,1105.0,1104±2 (556),,分低
78-59-1,Ketone,Isophorone,23.314,6544 ,1119.0,1124±6 (51),非靶确定,
562-74-3,Terpene,Terpinen-4-ol,27.047,11230 ,1173.0,1177±2 (764),非靶确定,
98-55-5,Terpene,alpha-Terpineol(X),28.106,17100 ,1188.0,1189±2 (811),,同分异构
140-67-0 ,Terpene,Estragole,28.695,8815  ,1197.0,1196±1 (86),非靶确定,
122-03-2,Terpene,"Benzaldehyde, 4-(1-methylethyl)-",31.348,326 ,1236.0,1239±3 (122),非靶确定,
99-49-0,Terpene,Carvone(X),31.726,7439,1242.0,1242±4 (307),,同分异构
89-81-6,Terpene,Piperitone,32.339,6987  ,1251.0,1253±3 (129),非靶确定,
4180-23-8,Other,Anethole(X),34.414, 637563 ,,1284±3 (76),,
536-60-7,Alcohol,p-Cymen-7-ol,35.101,325 ,1292.0,1289±2 (57),非靶确定,
80-26-2,Terpene,alpha-Terpinyl acetate(X),38.617,111037 ,1346.0,1350±3 (156),,分低
13019-16-4,Aldehyde,"2-Octenal, 2-butyl-",40.265,5362697 ,1372.0,1378±10 (9),非靶确定,
489-29-2,Other,beta-Maaliene(X),42.056,101596917,1400.0,1398±19 (11),,同分异构
17334-55-3,Terpene,beta-Gurjunene(X),43.336,28481  ,1420.0,1432±3 (234),,RI 相差大
489-39-4,Terpene,Aromandendrene(X),43.792,11095734 ,1428.0,1440±1 (5),,RI 相差大
25246-27-9,Terpene,Alloaromadendrene(X),45.117,10899740 ,1449.0,1461±2 (343),,分低
4630-07-3,Terpene,Valencen(X),47.275,9855795 ,1485.0,1492±3 (152),,
629-62-9 ,Alkane,Pentadecane(X),48.045,12391 ,1497.0,1500,,分低
5875-45-6,Benzene Derivative,"Phenol, 2,5-bis(1,1-dimethylethyl)-",48.918,79983,1512.0,1514±N/A (1),非靶确定,
6846-50-0,Alcohol,Kodaflex txib(X),53.573,23284  ,1592.0,1588±N/A (1),,分低
544-76-3,Alkane,Hexadecane(X),53.813,11006 ,1596.0,1600,,分低
629-78-7,Alkane,Heptadecane(X),59.302,12398,1696.0,1700,,分低
593-45-3,Alkane,Octadecane,63.78,11635 ,1799.0,1800,非靶确定,
629-92-5,Alkane,Nonadecane(X),64.854,12401 ,1899.0,1900,,分低
112-95-8,Alkane,Eicosane(X),65.497,8222 ,2000.0,2000,,分低
