CID,Class,CAS,Name,RT 
12020,Alcohol,616-25-1,1-Penten-3-ol,2.855
7895,Ketone,107-87-9,2-Pentanone,2.914
7288,Ketone,96-22-0,3-Pentanone,3.071
18554,Furan,3208-16-0,"Furan, 2-ethyl-",3.124
61020,Aldehyde,107-86-8,Prenal,4.204
6184,Aldehyde,66-25-1,Hexanal,5.454
5281167,Alcohol,928-96-1,"3-Hexen-1-ol, (Z)-",7.877
8103,Alcohol,111-27-3,1-Hexanol,8.559
637564,Aldehyde,142-83-6,Sorbaldehyde,10.237
6654,Terpene,80-56-8,alpha-Pinene,11.394
31253,Terpene,123-35-3,beta-Myrcene,15.053
159055,Ketone,464-49-3,Alcanfor,24.966
11038,Terpene/Ketone,15358-88-0,Isopinocamphon,27.065
6429099,Ester,30649-97-9,Methyl myrtenate,35.585
12303902,Terpene,3856-25-5,Copaene,40.426
8194,Aldehyde,112-54-9,Dodecanal,43.04
5281515,Terpene,87-44-5 ,L-Caryophyllene,43.3
5281520,Terpene,6753-98-6,Humulene,45.385
5281517,Terpene,18794-84-8,(E)-beta-Famesene,46.115
161533,Terpene,26620-71-3,Aristolochene,47.136
638014,Terpene/Aldehyde,79-77-6,trans-beta-Ionone,47.415
73809332,Terpene,142878-08-8,Isodaucene,47.93
5362889,Terpene,26560-14-5,"(Z,E)-alpha-Farnesene",48.175
10657,Terpene,523-47-7,beta-Cadinene,49.539
1742210,Terpene,1139-30-6,Caryophyllene oxide,52.712
31291,Aldehyde,124-25-4,Tetradecanal,54.865
17697,Aldehyde,2765-11-9,Pentadecanal,60.408
