CID,CAS,Class,RT,NAME
702,64-17-5 ,Alcohol,1.565,Ethanol
8857,141-78-6 ,Ester,2.173,Acetidin
11552,590-86-3 ,Aldehyde,2.531,"Butanal, 3-methyl-"
7997,109-60-4 ,Ester,3.37,n-Propyl acetate
31260 ,123-51-3,Alcohol,3.767,"1-Butanol, 3-methyl-"
8038,110-19-0 ,Ester,4.743,Isobutyl acetate
11160,556-24-1 ,Ester,4.802,Methyl isovalerate
31272,123-86-4 ,Ester,6.082,"Acetic acid, butyl ester"
7945,108-64-5 ,Ester,7.666,"Butanoic acid, 3-methyl-, ethyl ester"
31276,123-92-2 ,Ester/Alcohol,8.779,Isoamyl acetate
11176,557-00-6 ,Ester,12.737,"Butanoic acid, 3-methyl-, propyl ester"
240,100-52-7 ,Benzene derivatives/Aldehyde,13.046,Benzaldehyde
7983,109-21-7 ,Ester,15.592,"Butanoic acid, butyl ester"
11514,589-59-3 ,Ester,16.298,Isobutyl isovalerate
7981,109-19-3 ,Ester,19.039,"Butanoic acid, 3-methyl-, butyl ester"
7795,106-27-4 ,Ester,19.594,"Butanoic acid, 3-methylbutyl ester"
162627,51115-64-1 ,Ester,19.755,"Butanoic acid, 2-methylbutyl ester"
12613,659-70-1 ,Ester,23.189,"Butanoic acid, 3-methyl-, 3-methylbutyl ester"
62445,2445-77-4 ,Ester,23.493,"Butanoic acid, 3-methyl-, 2-methylbutyl ester"
7707,104-53-0 ,Benzene derivatives/Aldehyde,26.597,Benzenepropanal
7193,94-46-2 ,Ester/Benzene derivatives,44.552,"1-Butanol, 3-methyl-, benzoate"
