CAS,Class,Name,RT,CID,MSDIAL RI,NIST RI,Note,Note.1
108-88-3,Benzene Derivative,Toluene,4.383,1140  ,,763±8 (328),非靶确定,
503-74-2,Acid,"Butanoic acid, 3-methyl-",7.743,10430 ,,863±16 (120),非靶确定,
508-32-7,Terpene,Tricyclene,10.392,79035,916.0,925±2 (220),非靶确定,
2867-05-2,Terpene,3-Thujene,11.074,17868  ,928.0,929±2 (488),非靶确定,
79-92-5,Terpene,Camphene(x),11.849,6616  ,941.0,952±2 (609),,同分异构
100-52-7 ,Aldehyde,Benzaldehyde,12.771,240  ,957.0,962±3 (416),非靶确定,
3479-89-8,Other,"1,3,5-Cycloheptatriene, 3,7,7-trimethyl-",13.222, 576718  ,964.0,971±5 (4),非靶确定,
3387-41-5,Terpene,Sabinen,13.517,18818  ,970.0,974±2 (619),非靶确定,
111-70-6,Alcohol,1-Heptanol,13.762,8129,974.0,970±2 (68),非靶确定,
92760-25-3,Other,"2,3-Dehydro-1,8-cineole",14.552,523035 ,987.0,991±2 (44),非靶确定,
123-35-3 ,Terpene,beta-Myrcene,14.767,31253  ,991.0,991±2 (840),非靶确定,解卷积
41654-19-7,Other,Unkown,15.018,521064  ,995.0,975±3 (2),,RI 相差大
527-84-4 ,Terpene,o-Cymene(x),15.278,10703 ,1000.0,1022±2 (114),,RI 相差大
62690-65-7,Other,Unkown,15.415,,1002.0,,,无NIST RI
13466-78-9,Terpene,3-Carene,15.594,26049 ,1006.0,1011±2 (336),非靶确定,
527-84-4 ,Terpene,o-Cymene(x),16.597,10703 ,1019.0,1022±2 (114),,分低
527-84-4 ,Terpene,o-Cymene(x),16.705,10703 ,1021.0,1022±2 (114),,分低
138-86-3 ,Terpene,Limonene(X),16.945, 22311 ,1024.0,1030±2 (1004),,同分异构
470-82-6,Other,Eucalyptol,17.078,2758  ,1026.0,1032±2 (580),非靶确定,
100-51-6,Alcohol,Benzyl alcohol,17.902,244 ,1039.0,1036±4 (174),非靶确定,
99-85-4,Terpene,gamma-Terpinene,19.02,7461 ,1055.0,1060±3 (739),非靶确定,
64275-73-6,Alcohol,"5-Octen-1-ol, (Z)-(X)",19.658,5352837  ,1065.0,1074±N/A (1),,RI 相差大
111-87-5,Alcohol,1-Octanol(X),20.246, 957  ,1074.0,1071±3 (226),,分低
1124-20-5,Benzene Derivative,"Benzene, 1-methyl-3-(1-methylethenyl)-",20.624,70759 ,1079.0,1082±2 (7),非靶确定,
1195-32-0,Benzene Derivative,"Benzene, 2-ethenyl-1,3-dimethyl-",21.065,62385  ,1086.0,1090±2 (106),非靶确定,
106-44-5,Alcohol,p-Cresol(x),21.423,2879 ,1091.0,1077±4 (102),,RI 相差大
78-70-6,Terpene,Linalool,22.071,6549,1101.0,1099±2 (976),非靶确定,
3886-78-0,Other,"cis-p-Mentha-2,8-dien-1-ol(X",22.341,5319363,1105.0,1102±2 (2),,分低
4501-58-0,Aldehyde,α-Campholenal,23.56,1252759 ,1122.0,1125±2 (165),非靶确定,
5947-36-4,Terpene,Pinocarveol(X),24.278, 102667  ,1133.0,1138±4 (13),,同分异构
464-48-2,Terpene,(-)-Alcanfor(X),24.602,444294,1138.0,1142±3 (2),,同分异构
89-79-2,Terpene,Isopulegol(X),24.872,170833  ,1141.0,1146±3 (32),,分低
1686-20-0 ,Other,"p-Mentha-1,5-dien-8-ol(X)",25.107, 519323  ,1145.0,1167±3 (83),,RI 相差大
24545-81-1 ,Terpene,3-Thujen-2-one(X),25.279,91195  ,1147.0,1171±2 (25),,RI 相差大
637-69-4,Benzene Derivative,"Benzene, 1-ethenyl-4-methoxy-",25.436, 12507  ,1150.0,1156±2 (10),非靶确定,
1686-20-0,Other,"p-Mentha-1,5-dien-8-ol(X)",26.054,519323 ,1159.0,1167±3 (83),,RI 相差大
464-45-9 ,Terpene,L-Borneol(X),26.26,1201518,1162.0,1166±7 (3),,同分异构
1686-20-0,Other,"p-Mentha-1,5-dien-8-ol",26.466,519323 ,1165.0,1167±3 (83),非靶确定,
562-74-3,Terpene,Terpinen-4-ol,27.004,11230 ,1173.0,1177±2 (764),非靶确定,
1197-01-9,Terpene,p-Cymen-8-ol,27.672,14529,1182.0,1183±2 (237),非靶确定,
98-55-5,Terpene,alpha-Terpineol(X),28.05,17100 ,1188.0,1189±2 (811),,同分异构
515-00-4 ,Terpene,2-Pinen-10-ol,28.457,10582 ,1194.0,1195±2 (203),非靶确定,
,,Unkown,28.972,,1201.0,,,分低，无NIST RI
1196-01-6 ,Terpene,Levoverbenone,29.178,92874  ,1204.0,1204±N/A (1),非靶确定,
115-99-1 ,Other,"Linalool, formate(X)",29.713,61040 ,1212.0,1215±16 (9),,分低
18612-99-2,Other,"8,9-Dehydrothymol(X)",29.958,6429037 ,1216.0,1221±N/A (1),,
1197-07-5,Other,trans-Carveol,30.071,5287883  ,1217.0,1217±2 (217),,
18679-48-6 ,Terpene,2-Hydroxycineol,30.267,529885 ,1220.0,1228±5 (6),非靶确定,
1197-06-4,Terpene,cis-Carveol,30.865,330573  ,1229.0,1229±3 (115),非靶确定,
122-03-2,Terpene,"Benzaldehyde, 4-(1-methylethyl)-",31.258,326  ,1235.0,1239±3 (122),非靶确定,
99-49-0,Terpene,Carvone,31.611,7439  ,1240.0,1242±4 (307),非靶确定,
50764-55-1 ,Other,trans-Chrysanthenyl acetate(x),31.851,71366452 ,1244.0,1239±1 (3),,RI 相差大
53585-45-8,Other,(-)-Car-3-en-2-one(X),32.101,71365151  ,1248.0,1277±23 (2),,RI 相差大
123-11-5,Aldehyde,"Benzaldehyde, 4-methoxy-",32.391,31244  ,1252.0,1251±3 (44),非靶确定,
1687-34-9,Other,1-Methyl-3-ethyladamantane(X),33.264,519330,1254.0,1263±10 (7),,RI 相差大
76-49-3 ,Terpene,Bornyl acetate(X),34.431,93009 ,1283.0,1285±3 (328),,同分异构
22580-90-1,Other,"1,4-p-Menthadien-7-al",34.681, 6429112,1286.0,1288±10 (2),非靶确定,
536-60-7 ,Alcohol,p-Cymen-7-ol,34.99,325 ,1290.0,1289±2 (57),,
77026-88-1,Other,Unkown,35.324,6431185,1296.0,,,无NIST RI
629-50-5,Alkane,Tridecane,35.594, 12388,1300.0,1300,非靶确定,
81800-50-2,Other,Car-3-en-5-one,36.109,13502875 ,1308.0,1314±N/A (1),非靶确定,
6617-34-1,Terpene,"3-Carene-2,5-dione",36.849,181910  ,1319.0,1324±N/A (1),非靶确定,
80-26-2,Terpene,α-Terpinyl acetate(x),38.61,111037  ,1346.0,1350±3 (156),,分低
2021-28-5,Other,Ethyl dihydrocinnamate(X),38.639,16237 ,1347.0,1353±3 (28),,分低
97-53-0,Other,Eugenol,39.204,3314  ,1355.0,1357±3 (355),非靶确定,
22469-52-9,Terpene,Cyclosativene(X),39.365,16212927 ,1358.0,1368±3 (76),,RI 相差大
22469-52-9,Terpene,Cyclosativene,39.719,16212927 ,1363.0,1368±3 (76),非靶确定,
14912-44-8,Terpene,Ylangene(X),39.998,20055075 ,1368.0,1372±2 (170),,同分异构
4610-69-9 ,Other,Ethyl (Z)-cinnamate,40.435,5284656  ,1375.0,1374±1 (7),非靶确定,
6252-34-2,Other,Unkown,40.749,,1379.0,1365±N/A (1),,RI 相差大
103-26-4,Other,Methyl cinnamate(X),40.822,637520 ,1381.0,1380±9 (21),,同分异构
515-13-9,Terpene,beta-Elemen,41.141,6918391  ,1385.0,1391±2 (521),非靶确定,
2387-78-2,Terpene,Cyperene(X),41.337,12308843 ,1388.0,1399±2 (44),,RI 相差大
629-59-4,Alkane,Tetradecane,42.004,12389  ,1399.0,1400,非靶确定,
489-29-2,Other,β-Maaliene(X),42.068,101596917,1400.0,1398±19 (11),,同分异构
93-15-2,Other,Methyleugenol,42.406,7127 ,1405.0,1402±2 (165),非靶确定,
87-44-5 ,Terpene,Caryophyllene(X),42.622,5281515 ,1409.0,1419±3 (983),,
55955-53-8,Other,Unkown,42.975,22215384  ,1415.0,1432±N/A (1),,分低，RI相差大
55955-53-8,Other,"2-Cyclohexen-1-one, 4-hydroxy-3-methyl-6-(1-methylethyl)-, trans-",43.539,22215384  ,1424.0,1432±N/A (1),非靶确定,
29873-99-2,Terpene,gamma-Elemene,43.716,12309452  ,1427.0,1434±4 (116),非靶确定,
3691-12-1,Terpene,alpha-Guaiene,43.971,5317844  ,1431.0,1439±2 (125),非靶确定,
,Terpene,"cis-muurola-3,5-diene(X)",44.368,51351708 ,1438.0,1454±N/A (1),,RI 相差大
6753-98-6,Terpene,Humulene(X),44.697,5281520  ,1443.0,1454±3 (792),,RI 相差大
65128-08-7,Other,Rotundene(X),44.952, 25203405 ,1447.0,1460±N/A (1),,RI 相差大
25246-27-9,Terpene,Alloaromadendrene(X),45.124,10899740 ,1450.0,1461±2 (343),,RI 相差大
157477-72-0,Other,"cis-Muurola-4(15),5-diene(X)",45.315,91747213  ,1453.0,1463±4 (52),,RI 相差大
4192-77-2,Other,(E)-Ethyl cinnamate(X),46.193, 637758 ,1466.0,1463±1 (13),,同分异构
18431-82-8 ,Terpene,Chamigren,46.708,442353  ,1475.0,1476±2 (49),非靶确定,
13360-61-7,Other,1-Pentadecene(X),46.963,25913 ,1479.0,1492±1 (39),,RI 相差大
6980-46-7,Other,γ-Amorphene,47.537,12313019,1489.0,1496±1 (19),非靶确定,
16729-00-3,Other,"Cadina-1(6),4-diene(x)",47.767,71350312  ,1493.0,1481±N/A (1),,RI 相差大
629-62-9,Alkane,Pentadecane,48.263,12391 ,1501.0,1500,非靶确定,
523-47-7,Terpene,"Cadina-3,9-diene(X)",49.474,10657,1522.0,1518±10 (30),,同分异构
24406-05-1,Terpene,alpha-Cadinene,50.117, 12306048  ,1533.0,1538±1 (31),非靶确定,
21391-99-1,Other,alpha-Calacorene(X),50.239,12302243  ,1535.0,1542±3 (219),,RI 相差大
21391-99-1,Other,alpha-Calacorene,50.367,12302243  ,1537.0,1542±3 (219),非靶确定,
93133-02-9,Other,Sobrerol 8-acetate(X),50.784,,1544.0,1529±N/A (1),,RI 相差大
15423-57-1,Terpene,Germacrene B,51.0,5281519,1548.0,1557±3 (232),非靶确定,
50277-34-4 ,Other,beta-Calacorene,51.431,529621 ,1555.0,1563±3 (59),非靶确定,
6750-60-3,Terpene,Spathulenol(X),52.152,92231 ,1568.0,1576±2 (539),,同分异构
1139-30-6,Terpene,Caryophyllene oxide,52.402,1742210  ,1572.0,1581±2 (669),非靶确定,
,Other,Isoaromadendrene epoxide(x),52.594,534398,1575.0,1589±10 (8),,RI 相差大
145512-84-1,Other,trans-Sesquisabinene hydrate(X),53.31,20055539 ,1587.0,1581±2 (7),,RI 相差大
552-02-3,Terpene,Viridiflorol,53.516,11996452  ,1591.0,1591±2 (198),非靶确定,
106-33-2,Other,"Dodecanoic acid, ethyl ester(X)",53.658,7800,1593.0,1595±2 (52),,分低
544-76-3,Alkane,Hexadecane,53.839,11006 ,1597.0,1600,非靶确定,
73365-77-2,Terpene,"Di-epi-1,10-cubenol(X)",54.261, 12304220  ,1604.0,1614±3 (77),,RI 相差大
21284-22-0 ,Terpene,Cubenol(x),55.183,11770062 ,1621.0,1642±3 (125),,RI 相差大
5937-11-1,Terpene,alpha-epi-Cadinol,55.718,160799 ,1631.0,1640±2 (241),非靶确定,
21284-22-0 ,Terpene,Cubenol,56.042,11770062 ,1636.0,1642±3 (125),非靶确定,
5945-72-2,Other,Neointermedeol(X),56.468,11877394 ,1644.0,1660±2 (9),,RI 相差大
51507-22-3,Other,(Z)-Ethyl 3-(4-methoxyphenyl)acrylate(X),57.086,13010829  ,1656.0,1670±N/A (1),,RI 相差大
81265-03-4,Other,"6,9-Heptadecadiene",57.601,549084 ,1665.0,1667±N/A (1),非靶确定,
10482-53-8,Other,"1,8,11,14-Heptadecatetraene, (Z,Z,Z)-(X)",57.837,5352710  ,1669.0,1664±0 (3),,分低
,Other,"3-Heptadecene, (Z)-(X)",58.087,5352250  ,1674.0,1689±1 (3),,RI 相差大
121781-63-3,Other,"(6Z,9Z)-Pentadecadienal(X)",58.298,,1678.0,1691±N/A (1),,RI 相差大
3466-15-7 ,Terpene,Cyperenone,58.435,12308615 ,1680.0,1687±7 (4),非靶确定,
3981-79-1,Other,7-Tetradecanol(X),58.872,549954  ,1688.0,1666±N/A (1),,RI 相差大
629-78-7 ,Alkane,Heptadecane,59.47,12398  ,1699.0,1700,非靶确定,
14852-31-4,Alcohol,2-Hexadecanol,59.602,85779  ,1702.0,1702±N/A (1),非靶确定,
1911-78-0,Other,Oplopanone,60.927,10466745 ,1733.0,1730±14 (23),非靶确定,
77-54-3 ,Terpene,Cedryl acetate(X),61.353,13918856 ,1742.0,1762±1 (6),,RI 相差大
24393-56-4,Other,Ethyl p-methoxycinnamate,62.516,5281783 ,1770.0,1773±13 (2),非靶确定,
124-06-1 ,Ester,"Tetradecanoic acid, ethyl ester(X)",63.722,31283 ,1798.0,1794±1 (45),,分低
593-45-3,Alkane,Octadecane,63.786,11635  ,1799.0,1800,非靶确定,
629-92-5,Alkane,Nonadecane,64.855,12401  ,1899.0,1900,非靶确定,
629-58-3,Ester,1-Pentadecanol acetate,64.939,522077  ,1912.0,1907±N/A (1),非靶确定,
112-39-0 ,Ester,"Hexadecanoic acid, methyl ester(X)",65.056, 8181  ,1930.0,1926±2 (136),,分低
1686-56-2,Terpene,Sandaracopimaradiene,65.287,443469  ,1967.0,1960±15 (31),非靶确定,
