CAS,Class,Name,RT,CID,MSDIAL RI,NIST RI,Note,Note.1
64-17-5,Alcohol,Ethanol,1.565,702 ,,427±19 (38),非靶确定,
141-78-6,Ester,Ethyl Acetate,2.173,8857 ,,612±5 (113),非靶确定,
616-25-1,Alcohol,1-Penten-3-ol,2.85,12020  ,,684±4 (58),非靶确定,
1629-58-9,Ketone,1-Penten-3-one,2.919,15394  ,,681±3 (26),非靶确定,
110-62-3,Aldehyde,Pentanal,3.046,8063  ,,699±5 (147),非靶确定,
105-37-3,Ester,"Propanoic acid, ethyl ester",3.296,7749 ,,710±5 (62),非靶确定,
623-42-7,Ester,"Butanoic acid, methyl ester",3.497,12180  ,,722±3 (59),非靶确定,
123-51-3,Alcohol,"1-Butanol, 3-methyl-",3.743,31260  ,,736±5 (154),非靶确定,
1576-87-0,Aldehyde,"2-Pentenal, (E)-",4.238,5364752 ,,754±5 (30),非靶确定,
97-62-1 ,Ester,"Propanoic acid, 2-methyl-, ethyl ester",4.302,7342 ,,756±4 (83),非靶确定,
71-41-0,Alcohol,1-Pentanol,4.557,6276  ,,765±4 (146),非靶确定,
96-41-3,Alcohol,Cyclopentanol(X),4.699,7298  ,,768±3 (11),,分低
105-58-8,Acid,Diethyl carbonate,5.062,7766  ,,767±2 (6),非靶确定,解卷积
66-25-1,Aldehyde,Hexanal,5.405,6184 ,,800±2 (453),非靶确定,
105-54-4,Ester,"Butanoic acid, ethyl ester",5.489,7762  ,,802±2 (154),非靶确定,
505-57-7,Aldehyde,2-Hexenal,7.166,5281168 ,,851±5 (53),非靶确定,
6728-26-3,Aldehyde,"2-Hexenal, (E)-",7.632,5281168  ,,854±3 (243),非靶确定,
928-96-1,Alcohol,"3-Hexen-1-ol, (Z)-",7.784,5281167 ,,857±3 (169),非靶确定,
928-95-0,Alcohol,"2-Hexen-1-ol, (E)-",8.172,5318042  ,865.0,862±6 (63),非靶确定,
111-27-3,Alcohol,1-Hexanol,8.27,8103,868.0,868±4 (223),非靶确定,
100-42-5,Benzene drivative,Styrene,9.05,7501  ,886.0,893±5 (91),非靶确定,
105-66-8,Ester,"Butanoic acid, propyl ester(X)",9.668,7770  ,900.0,896±3 (29),,有效峰少
111-71-7,Aldehyde,Heptanal,9.732,8130  ,902.0,901±2 (292),非靶确定,
539-82-2,Ester,"Pentanoic acid, ethyl ester",9.805,10882  ,903.0,900±2 (48),非靶确定,
,Others,Unknown,10.84,,920.0,,,
57266-86-1,Aldehyde,"2-Heptenal, (Z)-",12.817,5362616 ,954.0,958±6 (19),非靶确定,
3214-41-3 ,Ketone,"2,5-Octanedione(X)",14.656,6420399  ,985.0,984±2 (4),,分低
123-66-0,Ester,"Hexanoic acid, ethyl ester",15.627,31265  ,1001.0,1000±2 (157),非靶确定,
555-10-2,Terpene,beta-Phellandrene(X),17.099,11142 ,1023.0,1031±2 (279),,RI 相差大
104-76-7 ,Alcohol,"1-Hexanol, 2-ethyl-",17.526,7720  ,1029.0,1030±3 (86),非靶确定,
2548-87-0,Aldehyde,"2-Octenal, (E)-",19.375,5283324,1056.0,1060±3 (124),非靶确定,
586-63-0,Terpene,"p-Mentha-2,4(8)-diene",21.16,102443  ,1083.0,1086±3 (46),非靶确定,
93-58-3,Acid,"Benzoic acid, methyl ester",21.832,7150  ,1093.0,1094±3 (86),非靶确定,解卷积
124-19-6,Aldehyde,Nonanal,22.529,31289 ,1103.0,1104±2 (556),非靶确定,
93-89-0,Ester,"Benzoic acid, ethyl ester",26.968,7165 ,1167.0,1171±2 (58),非靶确定,
112-31-2,Aldehyde,Decanal(X),29.533,8175  ,1205.0,1206±2 (406),,分低
,Ester,Unknown,30.71,,1222.0,,,分低，无 NIST RI
483-75-0,Others,"Naphthalene, 1,2,4a,5,6,8a-hexahydro-4,7-dimethyl-1-(1-methylethyl)-",47.931,101708  ,1490.0,1485±10 (25),非靶确定,
629-62-9 ,Alkane,Pentadecane(X),48.365, 12391 ,1496.0,1500,,分低
5875-45-6,Benzene drivative,"Phenol, 2,5-bis(1,1-dimethylethyl)-",49.015,79983  ,1508.0,1514±N/A (1),非靶确定,
629-78-7,Alkane,Heptadecane(X),59.502,12398 ,1694.0,1700,,分低
593-45-3,Alkane,Octadecane,63.843,11635  ,1798.0,1800,非靶确定,解卷积
110-27-0,Others,Isopropyl myristate,64.221,8042  ,1829.0,1827±4 (39),非靶确定,
