CAS,Class,Name,RT,CID,MSDIAL RI,NIST RI,Note,Unnamed: 8,Note.1
64-17-5,Alcohol,Ethanol,1.575,702,,427±19 (38),非靶确定,,解卷积
591-93-5,other,"1,4-Pentadiene",1.781,11587,,464±1 (11),非靶确定,,
115-18-4,Alcohol,"3-Buten-2-ol, 2-methyl-",2.119,8257,,614±6 (9),非靶确定,,
616-25-1,Alcohol,1-Penten-3-ol,2.781,12020,,684±4 (58),非靶确定,,
1629-58-9,Ketone,1-Penten-3-one(X),2.855,15394,,681±3 (26),,分低,
3208-16-0,Furan,"Furan, 2-ethyl-",3.041,18554,,703±2 (57),非靶确定,,
1487-18-9,Furan,2-Vinylfuran,3.458,73881,,725±9 (8),非靶确定,,
123-51-3,Alcohol,"1-Butanol, 3-methyl-",3.674,31260,,736±5 (154),非靶确定,,
1576-87-0,Aldehyde,"2-Pentenal, (E)-(x)",3.885,5364752,,754±5 (30),,分低,
77-74-7,other,"3-Pentanol, 3-methyl-",3.998,6493,,752±9 (4),非靶确定,,
1576-87-0,Aldehyde,"2-Pentenal, (E)-",4.076,5364752,,754±5 (30),非靶确定,,
71-41-0,Alcohol,1-Pentanol,4.424,6276,,765±4 (146),非靶确定,,
1576-95-0,Alcohol,"2-Penten-1-ol, (Z)-",4.542,5364919 ,,767±2 (22),非靶确定,,
5187-71-3,other,"4-Pentenal, 2-methyl-",5.244,521355 ,,793±N/A (1),非靶确定,,
66-25-1,Alcohol,Hexanal,5.298,6184,,800±2 (453),非靶确定,,
6728-26-3,Aldehyde,"2-Hexenal, (E)-",6.946,5281168,,854±3 (243),非靶确定,,
505-57-7,Aldehyde,2-Hexenal,7.382,5281168 ,,851±5 (53),非靶确定,,
928-96-1,Alcohol,"3-Hexen-1-ol, (Z)-",7.5,5281167 ,,857±3 (169),非靶确定,,
111-27-3,Alcohol,1-Hexanol,8.035,8103,868.0,868±4 (223),非靶确定,,
111-71-7,Aldehyde,Heptanal(x),9.501,8130,903.0,901±2 (292),,分低,
142-83-6,Aldehyde,"2,4-Hexadienal, (E,E)-",10.036,637564,912.0,911±3 (32),非靶确定,,
4245-35-6,Ester,Acrylic acid isoamyl ester(X),11.792,77920,942.0,940±1 (4),,分低,
57266-86-1,other,"2-Heptenal, (Z)-(x)",12.547,5362616,955.0,958±6 (19),,分低,
100-52-7,Aldehyde,Benzaldehyde,12.645,240,957.0,962±3 (416),非靶确定,,
20697-55-6,other,4-Oxohex-2-enal,13.082,3014106 ,964.0,957±N/A (1),非靶确定,,
,,Unknown,13.391,,969.0,,,,
98-83-9,Benzene Derivative,alpha-Methylstyrene,13.911,7407 ,979.0,976±16 (19),非靶确定,,
3391-86-4,Alcohol,1-Octen-3-ol(x),14.073,18827,981.0,980±2 (355),,分低,
110-93-0,Ketone,"5-Hepten-2-one, 6-methyl-",14.504,9862,988.0,986±2 (222),非靶确定,,
1461-27-4,other,D-sylvestrene,16.8,12304570,1024.0,1027±3 (19),非靶确定,,
104-76-7,Alcohol,"1-Hexanol, 2-ethyl-",17.227,7720,1031.0,1030±3 (86),非靶确定,,
,,Unknown,17.541,,1035.0,,,,
122-78-1,Aldehyde,Benzeneacetaldehyde,17.933,998,1041.0,1045±4 (378),非靶确定,,
,,Unknown,19.895,,1070.0,,,,
34995-77-2,other,trans-Linalool oxide (furanoid),20.964,6431475,1086.0,1086±5 (156),非靶确定,,
78-70-6,Alcohol,Linalool,21.901,6549,1100.0,1099±2 (976),非靶确定,,
98-55-5,Terpene,alpha-Terpineol(X),27.885,17100,1187.0,1189±2 (811),,同分异构,
112-31-2,Aldehyde,Decanal(x),29.166,8175,1206.0,1206±2 (406),,分低,
432-25-7,Terpene,beta-Cyclocitral,29.793,9895,1215.0,1220±3 (75),非靶确定,,
99-49-0,Terpene,Carvone(X),31.5,7439,1241.0,1242±4 (307),,同分异构,
475-03-6,other,alpha-Ionene(X),31.755,68057,1244.0,1258±2 (5),,RI相差大,
23726-93-4,other,beta-Damascenone,40.585,5366074,1378.0,1386±5 (187),非靶确定,,
35044-68-9,other,"2,6,6-Trimethyl-1-crotonoyl-1-cyclohexene(X)",42.9,32052,1415.0,1417±7 (14),,分低,
127-41-3,Terpene,alpha-Ionone(X),43.277,5282108,1421.0,1426±4 (70),,分低,
689-67-8,Terpene,"5,9-Undecadien-2-one, 6,10-dimethyl-(x)",45.083,1549778,1450.0,1456±5 (14),,分低,
79-77-6,Terpene,trans-beta-Ionone,46.829,638014,1479.0,1486±4 (211),非靶确定,,
629-62-9,Alkane,Pentadecane,47.864,12391,1497.0,1500,非靶确定,,
96-76-4,Benzene Derivative,"2,4-Di-tert-butylphenol(X)",48.747,7311,1510.0,1519±6 (18),,分低,
544-76-3,Alkane,Hexadecane(x),53.632,11006,1595.0,1600,,分低,
483-78-3,Terpene,Cadalene(X),57.414,10225 ,1664.0,1674±3 (86),,RI相差大,
84-69-5,other,"Phthalic acid, diisobutyl ester",64.561,6782,1873.0,1870±4 (32),非靶确定,,
84-74-2,other,Dibutyl phthalate,65.296,3026,1970.0,1965±6 (40),非靶确定,,
