CID,Class,CAS,RT ,Name
12020,Alcohol,616-25-1,2.865,1-Penten-3-ol
179,Ketone/Alcohol,513-86-0,3.306,Acetoin
31260,Alcohol,123-51-3,3.767,Isoamylol
8723,Alcohol,137-32-6,3.841,"1-Butanol, 2-methyl-"
6276,Alcohol,71-41-0,4.576,1-Pentanol
5364919,Alcohol,1576-95-0,4.679,"2-Penten-1-ol, (Z)-"
12178,Alcohol,623-37-0 ,5.371,3-Hexanol
6184,Aldehyde,66-25-1,5.445,Hexanal
5281168,Aldehyde,505-57-7,7.465,2-Hexenal
5284503,Alcohol,928-97-2,7.652,"3-Hexen-1-ol, (E)-"
5318042,Alcohol,928-95-0,8.255,"2-Hexen-1-ol, (E)-"
8103,Alcohol,111-27-3,8.397,1-Hexanol
7966,Alcohol,108-93-0 ,8.898,Anol
10976,Alcohol,543-49-7 ,9.815,2-Heptanol
637564,Aldehyde,142-83-6,10.217,Sorbaldehyde
17868,Terpene,2867-05-2,11.046,alpha-Thujene
82227,Terpene,7785-70-8,11.345,1R-(+)-alpha-Pinene
641256,Alcohol,111-28-4,11.791,Hexacose
6616,Terpene,79-92-5,12.13,Camphene
524198,Others,36262-09-6,12.512,Dehydrosabinene
240,Aldehyde/Benzene derivatives,100-52-7,12.969,Benzaldehyde
18818,Terpene,3387-41-5,13.744,Sabinene
18827,Alcohol,3391-86-4,14.676,1-Octen-3-ol
246728,Ketone,106-68-3,14.877,3-Octanone
31253,Terpene,123-35-3,15.078,beta-Myrcene
11527,Alcohol,589-98-0,15.603,3-Octanol
7460,Terpene,99-83-2,15.681,alpha-Phellandrene
26049,Terpene,13466-78-9,16.039,3-Carene
7462,Terpene,99-86-5,16.505,alpha-Terpinene
102625,Others,1461-27-4,17.255,Sylvestrene
11142,Terpene,555-10-2,17.319,beta-Phellandrene
440917,Terpene,5989-27-5,17.334,D-Limonene
2758,Others,470-82-6,17.535,Eucalyptol
7720,Alcohol,104-76-7,17.677,Ethylhexanol
998,Benzene derivatives/Aldehyde,122-78-1,18.388,Hyacinthin
18756,Terpene,13877-91-3,18.845,beta-Ocimene
7461,Terpene/Alcohol,99-85-4 ,19.389,gamma-Terpinene
6326181,Terpene,17699-16-0 ,19.909,trans-Sabinene hydrate
6549,Terpene/Alcohol,78-70-6 ,22.371,Linalool
64685,Terpene/Alcohol,507-70-0 ,26.555,endo-Borneol
5283335,Aldehyde,18829-56-6,26.584,"2-Nonenal, (E)-"
1201518,Terpene/Alcohol,464-45-9,26.653,L-Borneol
5362833,Alcohol,28069-72-9,27.153,"trans,cis-2,6-Nonadien-1-ol"
5364941,Alcohol,31502-14-4 ,27.364,"2-Nonen-1-ol, (E)-"
11230,Terpene/Alcohol,562-74-3,27.438,Terpinen-4-ol
14529,Terpene/Benzene derivatives/Alcohol,1197-01-9,28.208,p-Cymen-8-ol
4133,Benzene derivatives/Alcohol/Ester,119-36-8,28.698,Betula oil
5283339,Aldehyde,5910-87-2,30.111,"2,4-Nonadienal, (E,E)-"
9895,Terpene/Aldehyde,432-25-7,30.342,beta-Cyclocitral
89316,Others,20307-84-0,38.116,delta-EIemene
442359,Terpene,17699-14-8,38.915,alpha-Cubebene
3314,Benzene derivatives/Alcohol,97-53-0,39.572,Eugenol
16212927,Others,22469-52-9,39.803,(+)-Cyclosativene
20055075,Terpene,14912-44-8 ,40.18,Ylangene
12303902,Terpene,3856-25-5,40.622,Copaene
62566,Terpene,5208-59-3,40.995,(-)-beta-Bourbonene
93081,Terpene,13744-15-5,41.451,beta-Cubebene
6918391,Terpene,515-13-9,41.711,(-)-beta-Elemene
12389,Alkane,629-59-4,42.466,Tetradecane
101596917,Others,489-29-2,42.549,beta-Maaliene
5281515,Terpene,87-44-5,43.388,Caryophyllene
87529,Terpene,18252-44-3,43.888,beta-Copaene
12312615,Terpene,489-28-1,43.991,(+)-Maaliene
12309452,Terpene,29873-99-2,44.33,(-)-gamma-Elemene
91704179,Others,52026-55-8,44.585,"Selina-5,11-diene"
5281520,Terpene,6753-98-6,45.453,Humulene
91747213,Terpene,157477-72-0,45.85,"cis-Muurola-4(15),5-diene"
12313020,Terpene,30021-74-0,46.983,gamma-Muurolene
5317570,Terpene,23986-74-5,47.008,Germacrene D
28237,Terpene,17066-67-0,47.307,beta-Eudesmene
15694800,Terpene,54324-03-7,47.586,Bicyclosesquiphellandrene
12306047,Terpene,10208-80-7 ,48.307,alpha-Muurolene
92313,Terpene,39029-41-9,49.014,gamma-Cadinene
25311,Aldehyde,10486-19-8,49.166,Tridecanal
10657,Terpene,523-47-7,49.749,beta-Cadinene
12306048,Terpene,24406-05-1,50.397,alpha-Cadinene
6432648,Terpene,6813-21-4 ,50.519,"Selina-3,7(11)-diene"
12302243,Benzene derivatives,21391-99-1,50.618,alpha-Calacorene
5281519,Terpene,15423-57-1,51.368,Germacrene B
529621,Benzene derivatives,50277-34-4,51.746,beta-Calacorene
1742210,Others,1139-30-6,52.731,Caryophyllene oxide
160799,Terpene/Alcohol,5937-11-1,56.116,Cadinol T
3084311,Terpene/Alcohol,19435-97-3,56.43,delta-Cadinol
3084331,Terpene/Alcohol,19912-62-0,56.851,Muurolol T
17697,Aldehyde,2765-11-9,60.417,Pentadecanal-
