CAS,Class,Name,RT,CID,MSDIAL RI,NIST RI,Note,Note.1
108-88-3,Benzene Derivative,Toluene,4.379,1140  ,,763±8 (328),非靶确定,
66-25-1,Aldehyde,Hexanal,5.365,6184  ,,800±2 (453),非靶确定,
6728-26-3,Aldehyde,"2-Hexenal, (E)-",7.401,5281168  ,,854±3 (243),非靶确定,
928-96-1,Alcohol,"3-Hexen-1-ol, (Z)-",7.533,5281167  ,,857±3 (169),非靶确定,
51756-18-4,Other,"5-Hexen-2-one, 5-methyl-3-methylene-(x)",8.784,103953  ,884.0,880±6 (2),,分低
32665-23-9 ,Other,iso-Propyl iso-valerate(x),8.956,61914  ,888.0,904±0 (3),,RI 相差大
17417-00-4,Other,Methyl 2-hydroxy-3-methylbutanoate,9.152,552631,893.0,889±N/A (1),非靶确定,
2867-05-2,Terpene,3-Thujene,10.795,17868  ,923.0,929±2 (488),非靶确定,
7785-70-8,Terpene,1R-alpha-Pinene,11.128,82227 ,929.0,929±7 (7),非靶确定,
79-92-5,Terpene,Camphene(x),11.849,6616  ,941.0,952±2 (609),,RI 相差大
,Other,Unkown,12.144,9602988,946.0,,,分低，无 NIST RI
100-52-7 ,Aldehyde,Benzaldehyde,12.914,240  ,959.0,962±3 (416),非靶确定,
3387-41-5,Terpene,Sabinen,13.586,18818  ,971.0,974±2 (619),非靶确定,
92760-25-3,Other,"2,3-Dehydro-1,8-cineole",14.562,523035 ,987.0,991±2 (44),非靶确定,
123-35-3 ,Terpene,beta-Myrcene,14.788,31253  ,991.0,991±2 (840),非靶确定,
99-83-2,Terpene,alpha-Phellandrene,15.376,7460  ,1001.0,1005±2 (509),非靶确定,
13466-78-9,Terpene,3-Carene,15.719,26049 ,1006.0,1011±2 (336),非靶确定,
99-86-5,Terpene,alpha-Terpinene,16.22,7462 ,1014.0,1017±2 (534),非靶确定,
470-82-6,Other,Eucalyptol,17.314,2758  ,1030.0,1032±2 (580),非靶确定,
3338-55-4,Terpene,beta-cis-Ocimene,17.956,5320250,1039.0,1038±2 (446),非靶确定,
99-85-4,Terpene,gamma-Terpinene(x),18.412,7461 ,1046.0,1060±3 (739),,RI 相差大
3779-61-1,Terpene,trans-beta-Ocimene,18.569,5281553  ,1049.0,1049±2 (548),非靶确定,
99-85-4,Terpene,gamma-Terpinene,19.114,7461 ,1057.0,1060±3 (739),非靶确定,
15537-55-0,Other,cis-Sabinene hydrate,19.629,20055523 ,1064.0,1070±4 (50),非靶确定,
5989-33-3,Furan,cis-Linalool oxide,20.046,6428573,1071.0,1074±4 (179),非靶确定,
586-62-9,Terpene,Terpinolene(X),21.022,11463 ,1085.0,1088±2 (607),,同分异构
1195-32-0,Terpene,p-Cymenene,21.1,62385  ,1086.0,1090±2 (106),非靶确定,
821-55-6,Ketone,2-Nonanone(X),21.571, 13187  ,1093.0,1092±2 (159),,同分异构
78-70-6,Terpene,Linalool,22.263,6549,1104.0,1099±2 (976),非靶确定,
29957-43-5 ,Other,"1,5,7-Octatrien-3-ol, 3,7-dimethyl-",22.439,5366264 ,1106.0,1107±1 (18),非靶确定,
21195-59-5,Other,"p-Mentha-1,5,8-triene",22.581,527424  ,1108.0,1111±1 (58),非靶确定,
586-62-9,Terpene,Terpinolene(X),23.013, 11463,1114.0,1088±2 (607),,RI 相差大
29803-82-5,Other,cis-2-p-Menthen-1-ol,23.283,122485 ,1118.0,1122±3 (120),非靶确定,
4501-58-0,Aldehyde,alpha-Campholenal,23.577,1252759,1123.0,1125±2 (165),非靶确定,
460-01-5 ,Terpene,Cosmene,24.017,5368451  ,1130.0,1131±1 (4),非靶确定,
547-61-5,Alcohol,L-trans-Pinocarveol(X),24.303, 1201530 ,1133.0,1139±2 (234),,同分异构
29803-81-4,Other,(E)-p-2-Menthen-1-ol,24.568,122484  ,1137.0,1140±4 (94),非靶确定,
89-79-2,Terpene,Isopulegol,24.862,170833  ,1141.0,1146±3 (32),非靶确定,
67690-48-6,Other,Sabinone(X),25.549,57358490  ,1151.0,1163±N/A (1),,RI 相差大
513-20-2,Ketone,Sabina ketone,25.716,92784  ,1154.0,1156±2 (34),非靶确定,
30460-92-5,Terpene,Pinocarvone(X),25.936,121719 ,1157.0,1164±N/A (1),,同分异构
6931-54-0 ,Other,beta-Pinene oxide(X),26.191,93046  ,1161.0,1156±2 (6),,RI 相差大
464-45-9,Terpene,L-Borneol(X),26.275,1201518  ,1162.0,1166±7 (3),,同分异构
7299-42-5,Terpene,delta-Terpineol,26.554,81722  ,1166.0,1166±3 (35),非靶确定,
1686-20-0,Terpene,"p-Mentha-1,5-dien-8-ol",26.608,519323  ,1167.0,1167±3 (83),非靶确定,
562-74-3,Terpene,Terpinen-4-ol,27.266,11230 ,1176.0,1177±2 (764),非靶确定,
57129-54-1,Terpene,alpha-Thujenal,27.589,349131378,1181.0,1190±N/A (1),非靶确定,
500-02-7,Other,Crypton(X),27.702,92780  ,1183.0,1184±4 (38),,分低
1197-01-9,Terpene,p-Cymen-8-ol,27.923,14529  ,1186.0,1183±2 (237),非靶确定,
98-55-5,Terpene,alpha-Terpineol,28.217,17100 ,1190.0,1189±2 (811),非靶确定,
515-00-4,Terpene,2-Pinen-10-ol,28.472,10582 ,1194.0,1195±2 (203),非靶确定,
140-67-0 ,Terpene,Estragole,28.639,8815  ,1196.0,1196±1 (86),非靶确定,
51276-34-7,Alcohol,"(E)-2,6-Dimethylocta-3,7-diene-2,6-diol(X)",28.796,5352451  ,1198.0,1191±N/A (1),,RI 相差大
80-57-9,Terpene,2-Pinen-4-one(X),29.262,29025  ,1205.0,1205±2 (185),,分低
16721-39-4,Terpene,trans-Piperitol(X),29.286,85568  ,1206.0,1208±3 (86),,分低
,Other,Unkown,29.698,,1212.0,,,分低，无 NIST RI
586-81-2,Terpene,gamma-Terpineol(X),30.056,11467  ,1217.0,1197±7 (20),,RI 相差大
18679-48-6,Terpene,2-Hydroxycineol,30.326,529885  ,1222.0,1228±5 (6),非靶确定,
106-25-2,Terpene,cis-Geraniol,30.88,643820  ,1229.0,1228±2 (174),非靶确定,
106-22-9,Terpene,Citronellol,31.037,8842  ,1232.0,1228±3 (181),非靶确定,
122-03-2,Terpene,"Benzaldehyde, 4-(1-methylethyl)-",31.292,326  ,1236.0,1239±3 (122),非靶确定,
99-49-0,Terpene,Carvone,31.626,7439  ,1241.0,1242±4 (307),非靶确定,
89-81-6,Terpene,Piperitone,32.268,6987  ,1250.0,1253±3 (129),非靶确定,
115-95-7,Terpene,Linalyl acetate,32.739,8294  ,1257.0,1257±3 (153),非靶确定,
624-15-7,Terpene,"2,6-Octadien-1-ol, 3,7-dimethyl-",32.852,637566,1259.0,1260±N/A (1),非靶确定,
5392-40-5,Terpene,Citral,33.681,638011  ,1271.0,1276±N/A (1),非靶确定,
95875-05-1,Other,4-Thujen-2-alpha-yl acetate,33.892,564249  ,1274.0,1273±0 (2),非靶确定,
107853-70-3,Other,(Z)-Undec-6-en-2-one,34.113, 11217478  ,1278.0,1274±N/A (1),非靶确定,
125-12-2,Terpene,Isobornyl acetate(X),34.461,6950273  ,1283.0,1286±2 (91),,同分异构
104-46-1,Benzene Derivative,Anethole,34.476,637563  ,1283.0,1286±2 (6),非靶确定,
139757-62-3,Terpene,trans-Sabinyl acetate,35.059,6430313 ,1292.0,1297±N/A (1),非靶确定,
112-12-9,Aldehyde,2-Undecanone,35.324,8163 ,1296.0,1294±2 (160),非靶确定,
1619-26-7,Terpene,Isoascaridol,35.766, 351031  ,1302.0,1306±3 (5),非靶确定,
93836-50-1,Terpene,"delta-Terpineol, acetate",36.658,91691738  ,1316.0,1315±2 (2),非靶确定,
,Other,"cis-Carveol, O-(trifluoroacetyl)-(X)",37.065,,1322.0,1325±N/A (1),,分低
20307-84-0,Other,delta-EIemene(X),37.649,89316  ,1331.0,1338±2 (220),,分低
22539-72-6,Other,"p-Mentha-1,4-dien-7-ol",37.934,519966  ,1336.0,1330±4 (5),非靶确定,
17699-14-8,Terpene,alpha-Cubebene(X),38.458,442359  ,1344.0,1351±2 (337),,RI 相差大
80-26-2 ,Terpene,alpha-Terpinyl acetate,38.875,111037 ,1350.0,1350±3 (156),非靶确定,
97-53-0,Other,Eugenol,39.665,3314  ,1363.0,1357±3 (355),非靶确定,
1205-42-1,Other,cis-Carvyl acetate,39.817,102024  ,1365.0,1362±2 (26),非靶确定,
141-12-8 ,Other,Nerol acetate,39.994,1549025  ,1368.0,1364±3 (151),非靶确定,
3856-25-5,Terpene,Copaene(X),40.239,12303902  ,1371.0,1376±2 (698),,同分异构
5208-59-3,Terpene,(-)-beta-Bourbonene,40.719, 62566  ,1379.0,1384±3 (361),非靶确定,
515-13-9,Terpene,beta-Elemen(X),40.857,6918391  ,1381.0,1391±2 (521),,RI 相差大
105-87-3,Other,Geranyl acetate,41.156,1549026  ,1386.0,1382±3 (206),非靶确定,
515-13-9,Terpene,beta-Elemen,41.382,6918391  ,1389.0,1391±2 (521),非靶确定,
6175-49-1,Ketone,2-Dodecanone(X),41.769,22556 ,1395.0,1396±9 (16),,分低
2387-78-2,Terpene,Cyperene(X),42.191,12308843  ,1402.0,1399±2 (44),,同分异构
93-15-2,Other,Methyleugenol,42.657,7127 ,1409.0,1402±2 (165),非靶确定,
118-65-0,Terpene,Isocaryophyllene,42.843,5281522  ,1412.0,1406±3 (75),非靶确定,
512-61-8 ,Terpene,alpha-Santalene(X),43.034,94164  ,1420.0,1420±3 (26),,分低
29873-99-2,Terpene,gamma-Elemene(X),43.608,12309452  ,1425.0,1434±4 (116),,分低，RI 相差大
489-39-4,Terpene,Aromandendrene(X),43.927,11095734  ,1430.0,1440±1 (5),,RI 相差大
3691-12-1,Terpene,alpha-Guaiene,44.074,5317844  ,1432.0,1439±2 (125),非靶确定,
36577-33-0,Terpene,"Guaia-6,9-diene",44.324,14190790  ,1437.0,1443±8 (2),非靶确定,
6753-98-6,Terpene,Humulene(X),44.805,5281520  ,1444.0,1454±3 (792),,RI 相差大
489-39-4,Terpene,Aromandendrene(X),45.011,11095734,1448.0,1440±1 (5),,RI 相差大
25246-27-9,Terpene,Alloaromadendrene(X),45.237,10899740 ,1451.0,1461±2 (343),,RI 相差大
157477-72-0,Other,"cis-Muurola-4(15),5-diene(X)",45.394,91747213  ,1454.0,1463±4 (52),,RI 相差大
823810-22-6,Other,"(4R,4aS,6S)-4,4a-Dimethyl-6-(prop-1-en-2-yl)-1,2,3,4,4a,5,6,7-octahydronaphthalene(X)",45.771,,1460.0,1476±N/A (1),,RI 相差大
23986-74-5,Terpene,Germacrene D(X),46.502,5317570 ,1472.0,1481±3 (689),,RI 相差大
17066-67-0,Terpene,beta-Eudesmene,46.787, 28237  ,1477.0,1486±3 (349),非靶确定,
103827-22-1,Terpene,"4a,8-Dimethyl-2-(prop-1-en-2-yl)-1,2,3,4,4a,5,6,7-octahydronaphthalene",47.346,605019  ,1486.0,1492±N/A (1),非靶确定,
24703-35-3,Other,Bicyclogermacren,47.464,91224  ,1488.0,1495±4 (368),非靶确定,
10208-80-7 ,Terpene,alpha-Muurolene,47.782,12306047  ,1493.0,1499±3 (427),非靶确定,
593-08-8 ,Ketone,2-Tridecanone,47.88,11622,1494.0,1497±4 (50),非靶确定,
6379-72-2,Benzene Derivative,trans-Methylisoeugenol,47.983,637776  ,1496.0,1500±3 (14),非靶确定,
39029-41-9,Terpene,gamma-Cadinene,48.543,92313 ,1506.0,1513±2 (485),非靶确定,
523-47-7,Terpene,"Cadina-3,9-diene",49.165,10657,1516.0,1518±10 (30),非靶确定,
93133-02-9,Other,Sobrerol 8-acetate,49.391,,1520.0,1529±N/A (1),非靶确定,
29837-12-5,Other,Cubenene(X),49.568,57357909  ,1522.0,1532±1 (119),,同分异构
24406-05-1,Terpene,alpha-Cadinene,49.857, 12306048  ,1528.0,1538±1 (31),非靶确定,
21391-99-1,Other,alpha-Calacorene,50.141,12302243  ,1533.0,1542±3 (219),非靶确定,
639-99-6,Terpene,Elemol,50.647,92138 ,1542.0,1549±2 (169),非靶确定,
50277-34-4,Other,beta-Calacorene,51.309, 529621  ,1553.0,1563±3 (59),非靶确定,
487-11-6,Benzene Derivative,Elemicin,51.485,10248  ,1556.0,1554±4 (56),非靶确定,
87578-93-6,Other,8-Acetoxycarvotanacetone,51.799,538920 ,1562.0,1572±N/A (1),非靶确定,
6750-60-3,Terpene,Spathulenol(X),52.148,92231  ,1567.0,1576±2 (539),,同分异构
1139-30-6,Terpene,Caryophyllene oxide,52.349,1742210  ,1571.0,1581±2 (669),非靶确定,
88728-58-9 ,Other,Epiglobulol,52.854,11858788  ,1580.0,1585±5 (29),非靶确定,
,Other,Isoaromadendrene epoxide(X),53.055,534398  ,1585.0,1589±10 (8),,分低
552-02-3 ,Terpene,Viridiflorol,53.477,11996452  ,1590.0,1591±2 (198),非靶确定,
28305-60-4,Other,beta-Oplopenone(X),53.894,14038847,1597.0,1606±2 (42),,RI 相差大
472-07-1,Other,Junenol(X),54.242,6452077  ,1604.0,1617±11 (4),,RI 相差大
6892-80-4,Other,Widdrol(X),54.487,94334 ,1608.0,1610±10 (8),,分低
1209-71-8 ,Terpene,gamma-Eudesmol(X),55.012,6432005  ,1617.0,1631±1 (137),,RI 相差大
19431-79-9,Other,"Caryophylla-4(12),8(13)-dien-5alpha-ol(x)",55.38,,1624.0,1637±4 (25),,RI 相差大
19912-62-0,Terpene,alpha-epi-Muurolol(X),55.797,3084331  ,1632.0,1642±2 (206),,分低
473-15-4,Terpene,beta-Eudesmol,56.115,91457 ,1638.0,1649±2 (224),非靶确定,
473-16-5,Terpene,alpha-Eudesmol(X),56.287,92762  ,1641.0,1653±2 (117),,RI 相差大
5945-72-2,Other,Neointermedeol(X),56.493,11877394 ,1644.0,1660±2 (9),,RI 相差大
5273-85-8,Benzene Derivative,Isoelemicin,56.758,5318557  ,1650.0,1654±N/A (1),非靶确定,
72084-21-0,Other,"1,3,5-Dodecatriene(X)",57.091,556373  ,1656.0,,,分低，无 NIST RI
,Other,Aromadendrene oxide-(2)(X),57.366,16211192  ,1661.0,1678±N/A (1),,RI 相差大
35727-45-8,Other,Shyobunol(X),58.254,101316861  ,1677.0,1701±8 (5),,RI 相差大
2345-28-0,Ketone,2-Pentadecanone,59.23,61303 ,1695.0,1698±4 (42),非靶确定,
,Terpene,beta-Nootkatol(X),59.745,182645  ,1705.0,1712±N/A (1),,分低
352457-39-7,Other,"10-epi-Acora-3,11-dien-15-al",60.593,11972554  ,1725.0,1732±N/A (1),非靶确定,
10067-28-4,Other,"Lanceol, cis(x)",60.325, 71355833  ,1765.0,1763±3 (9),,分低
67996-61-6,Other,gamma-Eudesmol acetate,63.316,129864076  ,1788.0,1794±N/A (1),非靶确定,
56797-40-1 ,Other,"7-Hexadecenal, (Z)-(X)",63.659,5364438,1796.0,1798±N/A (1),,分低
193698-44-1,Other,10-Epigazaniolide(X),63.84,14467711  ,1802.0,1833±N/A (1,,RI 相差大
629-80-1,Aldehyde,Hexadecanal,64.017,984  ,1818.0,1817±6 (61),非靶确定,
28290-35-9,Other,Dehydrosaussurea lactone,64.135,44409528  ,1830.0,1838±N/A (1),非靶确定,
71609-02-4,Other,Gazaniolide(X),64.547,14467712  ,1869.0,1895±N/A (1),,RI 相差大
80367-94-8,Terpene,Bohlmann k2631,65.013, 327378,1923.0,1916±N/A (1),,RI 相差大
2198-92-7,Terpene,Verrucarol,65.071,10038552 ,1933.0,1939±N/A (1),非靶确定,
130838-06-1,Terpene,Spirafolide(X),65.356,14757922  ,1978.0,1994±N/A (1),,RI 相差大
