CID,Class,CAS,RT ,Name
11552,Aldehyde,590-86-3,2.536,Isovaleral
12020,Alcohol,616-25-1,2.874,1-Penten-3-ol
6184,Aldehyde,66-25-1,5.459,Hexanal
5281168,Aldehyde,505-57-7,7.456,2-Hexenal
5284503,Alcohol,928-97-2,7.642,"3-Hexen-1-ol, (E)-"
17868,Terpene,2867-05-2,11.051,alpha-Thujene
31253,Terpene,123-35-3,15.088,beta-Myrcene
7460,Terpene,99-83-2,15.676,alpha-Phellandrene
454,Aldehyde,124-13-0,15.853,Octanal
7462,Terpene,99-86-5,16.505,alpha-Terpinene
61016,Aldehyde,106-72-9,19.193,Melonal
7461,Terpene,99-85-4,19.355,gamma-Terpinene
521851,Terpene,586-67-4,20.105,"3,8-p-Menthadiene"
11463,Terpene,586-62-9 ,21.331,Terpinolene
6549,Terpene,78-70-6,22.465,Linalool
7794,Terpene/Aldehyde,106-23-0,27.516,Citronellal
11230,Terpene/Alcohol,562-74-3,28.031,Terpinen-4-ol
108355,Terpene/Aldehyde,55722-59-3,28.429,"3,6-Octadienal, 3,7-dimethyl-"
4133,Benzene derivatives/Ester/Alcohol,119-36-8,28.919,Betula
5702654,Aldehyde,65405-70-1,29.076,"4-Decenal, (E)-"
8175,Aldehyde,112-31-2,29.841,Decanal
9895,Terpene/Aldehyde,432-25-7,30.523,beta-Cyclocitral
643820,Terpene/Alcohol,106-25-2,31.303,cis-Geraniol
8842,Terpene/Alcohol,106-22-9,31.8,Citronellol
6987,Terpene/Ketone,89-81-6,33.034,Piperitone
637566,Terpene/Alcohol,106-24-1,34.2,Geraniol
7778,Terpene/Ester,105-85-1,34.834,Citronellyl formate
5282109,Ester,105-86-2,36.35,Geranyl formate
9017,Terpene/Ester,150-84-5,39.773,Cephreine
3314,Benzene derivatives/Alcohol,97-53-0,40.303,p-Eugenol
12303902,Terpene,3856-25-5,40.612,Copaene
62566,Terpene,5208-59-3,41.098,(-)-beta-Bourbonene
93081,Terpene,13744-15-5,41.926,beta-Cubebene
25244198,Terpene,20479-06-5,43.893,beta-Ylangene
87529,Terpene,18252-44-3,44.33,beta-Copaene
91747213,Others,157477-72-0,45.948,"cis-Muurola-4(15),5-diene"
1268089,Others,68832-35-9,46.081,9-epi-(E)-Caryophyllene
,,823810-22-6,46.262,"(4R,4aS,6S)-4,4a-Dimethyl-6-(prop-1-en-2-yl)-1,2,3,4,4a,5,6,7-octahydronaphthalene"
12313020,Terpene,30021-74-0,47.135,gamma-Muurolene
5317570,Terpene,23986-74-5,47.307,D-Germacrene
28237,Terpene,17066-67-0,47.439,beta-Selinene
15694800,Terpene,54324-03-7,47.694,Bicyclosesquiphellandrene
10987383,Terpene,41702-63-0,48.18,Epizonarene
12306047,Terpene,10208-80-7,48.356,alpha-Muurolene
10657,Terpene,523-47-7,48.675,beta-Cadinene
92313,Terpene,39029-41-9,49.2,gamma-Cadinene
441005,Terpene,483-76-1,49.867,delta-Cadinene
24406-05-1,Terpene,24406-05-1,50.485,alpha-Cadinene
12302243,Terpene/Benzene derivatives,21391-99-1,50.686,alpha-Calacorene
92138,Terpene/Alcohol,639-99-6,51.348,Elemol
529621,Terpene/Benzene derivatives,50277-34-4,51.824,beta-Calacorene
5352847,Alcohol,198991-79-6,52.54,Germacrene D-4-ol
12304220,Alcohol,73365-77-2 ,54.693,"1,10-Di-epi-Cubenol"
6432005,Terpene/Alcohol,1209-71-8,55.645,Machilol
10878761,Terpene/Alcohol,23811-08-7,56.027,Hinesol
160799,Terpene/Alcohol,5937-11-1,56.233,T-Cadinol
3084331,Terpene/Alcohol,19912-62-0,56.312,T-MuuroloI
91457,Terpene/Alcohol,473-15-4,56.655,beta-Eudesmol
92762,Terpene/Alcohol,473-16-5,56.866,alpha-Eudesmol
10398656,Terpene/Alcohol,481-34-5,57.008,alpha-Cadinol
445070,Alcohol,4602-84-0,60.79,Farnesol
10446,Others,504-96-1,64.385,Neophytadiene
6365696,Ester,51532-26-4,65.277,Geranyl caprylate
