CAS,Class,Name,RT,CID,MSDIAL RI,NIST RI,Note,Note.1
64-17-5,Alcohol,Ethanol,1.57,702 ,,427±19 (38),非靶确定,
67-64-1,Ketone,Acetone,1.653,180,,486±16 (51),非靶确定,解卷积
64-19-7,Acid,Acetic acid,2.129,176,,610±10 (91),非靶确定,
110-87-2,Other,"2H-Pyran, 3,4-dihydro-",2.928,8080 ,,708±12 (5),非靶确定,解卷积
71-41-0 ,Alcohol,1-Pentanol,4.537,6276,,765±4 (146),非靶确定,
107-86-8,Aldehyde,"2-Butenal, 3-methyl-",5.033,61020,,782±5 (23),非靶确定,解卷积
66-25-1,Aldehyde,Hexanal,5.347,6184 ,,800±2 (453),非靶确定,
111-27-3,Alcohol,1-Hexanol(X),8.295,8103 ,872.0,868±4 (223),,分低
51756-18-4,Other,"5-Hexen-2-one, 5-methyl-3-methylene-(X)",8.805,103953  ,885.0,880±6 (2),,分低
109-52-4,Acid,Pentanoic acid,10.051,7991  ,910.0,904±16 (47),非靶确定,
100-52-7 ,Aldehyde,Benzaldehyde,13.008,240  ,961.0,962±3 (416),非靶确定,
3391-86-4,Alcohol,1-Octen-3-ol(X),14.264,8827  ,982.0,980±2 (355),,
123-35-3 ,Terpene,beta-Myrcene(X),14.769,31253  ,991.0,991±2 (840),,分低
3777-69-3,Furan,"Furan, 2-pentyl-(x)",14.794,19602,991.0,993±2 (179),,分低
108-95-2 ,Benzene Derivative,Phenol(X),14.956, 996 ,994.0,980±4 (94),,RI 相差大
99-84-3,Terpene,beta-Terpinen,16.927,66841  ,1024.0,1028±18 (4),非靶确定,解卷积
142-62-1,Acid,Hexanoic acid(X),17.295,8892 ,1030.0,990±16 (133),,RI 相差大
104-76-7,Alcohol,"1-Hexanol, 2-ethyl-",17.393,7720 ,1031.0,1030±3 (86),非靶确定,
1669-44-9,Ketone,3-Octen-2-one(X),18.095,5363229  ,1042.0,1040±3 (18),,分低
122-78-1,Aldehyde,Benzeneacetaldehyde,18.159,998,1043.0,1045±4 (378),非靶确定,
3779-61-1,Terpene,trans-beta-Ocimene(X),18.517,5281553  ,1048.0,1049±2 (548),,分低
695-06-7,Other,"2(3H)-Furanone, 5-ethyldihydro-(X)",19.017,12756 ,1055.0,1057±8 (24),,分低
95-48-7,Benzene Derivative,"Phenol, 2-methyl-(X)",19.576,335,1064.0,1054±9 (53),,分低，RI 相差大
108-39-4 ,Benzene Derivative,"Phenol, 3-methyl-(X)",19.645,342,1065.0,1075±5 (40),,分低，RI 相差大
5989-33-3,Furan,cis-Linalool oxide,20.032,6428573,1070.0,1074±4 (179),非靶确定,
111-87-5,Alcohol,1-Octanol(X),20.336,957 ,1075.0,1071±3 (226),,分低
1195-32-0,Terpene,p-Cymenene,21.092,62385  ,1086.0,1090±2 (106),非靶确定,
90-05-1,Benzene Derivative,"Phenol, 2-methoxy-",21.332,460 ,1090.0,1090±3 (130),非靶确定,解卷积
78-70-6,Terpene,Linalool,22.043,6549,1100.0,1099±2 (976),非靶确定,
124-19-6,Aldehyde,Nonanal(X),22.367,31289 ,1105.0,1104±2 (556),,分低
60-12-8,Alcohol,Phenylethyl Alcohol,23.024,6054 ,1115.0,1116±5 (262),非靶确定,
89-79-2,Terpene,Isopulegol,24.878,170833  ,1142.0,1146±3 (32),非靶确定,
464-45-9,Terpene,L-Borneol(X),26.213,1201518  ,1161.0,1166±7 (3),非靶确定,分低
562-74-3,Terpene,Terpinen-4-ol,27.037,11230 ,1173.0,1177±2 (764),非靶确定,
91-20-3,Other,Naphthalene,27.11,931,1174.0,1182±8 (183),非靶确定,解卷积
1197-01-9,Terpene,p-Cymen-8-ol(X),27.826,14529 ,1184.0,1183±2 (237),,分低
98-55-5,Terpene,alpha-Terpineol(X),28.057,17100 ,1188.0,1189±2 (811),,同分异构
119-36-8,Other,Methyl salicylate(X),28.351,4133,1192.0,1192±2 (145),,分低
140-67-0 ,Terpene,Estragole,28.591,8815  ,1196.0,1196±1 (86),非靶确定,
29548-14-9,Terpene,1-p-Menthen-9-al(X),29.813,20440 ,1214.0,1229±5 (9),,分低，RI 相差大
106-22-9,Terpene,Citronellol,30.99,8842  ,1231.0,1228±3 (181),非靶确定,
122-03-2,Terpene,"Benzaldehyde, 4-(1-methylethyl)-",31.245,326 ,1235.0,1239±3 (122),非靶确定,
99-49-0,Terpene,Carvone(X),31.623,7439  ,1241.0,1242±4 (307),,同分异构
89-81-6,Terpene,Piperitone,32.285,6987  ,1250.0,1253±3 (129),非靶确定,
123-11-5 ,Aldehyde,"Benzaldehyde, 4-methoxy-",32.81,31244  ,1258.0,1251±3 (44),非靶确定,
1197-15-5,Other,alpha-Terpinen-7-al,34.193,526762,1279.0,1283±2 (21),非靶确定,
104-46-1,Benzene Derivative,Anethole(X),34.404,637563  ,1282.0,1286±2 (6),,同分异构
536-60-7,Alcohol,p-Cymen-7-ol,35.017,325 ,1291.0,1289±2 (57),非靶确定,
193695-14-6,Other,Cyprotene(X),37.759,91715050 ,1333.0,1345±4 (4),,分低，RI 相差大
80-26-2 ,Terpene,alpha-Terpinyl acetate(X),38.602,111037 ,1346.0,1350±3 (156),非靶确定,
97-53-0,Other,Eugenol,39.166,3314  ,1355.0,1357±3 (355),非靶确定,
3856-25-5,Terpene,Copaene(X),39.99,12303902  ,1368.0,1376±2 (698),,分低
13019-16-4,Aldehyde,"2-Octenal, 2-butyl-",40.26,5362697  ,1372.0,1378±10 (9),非靶确定,
629-59-4,Alkane,Tetradecane(X),41.962,12389 ,1398.0,1400,,分低
93-15-2,Other,Methyleugenol,42.492,7127 ,1407.0,1402±2 (165),非靶确定,
3796-70-1,Terpene,trans-Geranylacetone(X)3796-70-1,45.283,1549778,1452.0,1453±2 (154),,分低
103-36-6,Other,Ethyl cinnamate,46.122,637758  ,1466.0,1464±5 (32),非靶确定,
644-30-4,Terpene,alpha-Curcumene(X),46.818,92139 ,1477.0,1483±3 (162),,分低
4630-07-3,Terpene,Valencen(X),47.142,9855795 ,1482.0,1492±3 (152),,RI 相差大
629-62-9 ,Alkane,Pentadecane,48.034,12391 ,1497.0,1500,非靶确定,
5875-45-6,Benzene Derivative,"Phenol, 2,5-bis(1,1-dimethylethyl)-",48.903,79983,1512.0,1514±N/A (1),非靶确定,
483-77-2,Terpene,Calamenene(X),49.011,6429077  ,1514.0,1523±5 (145),,分低，RI 相差大
523-47-7,Terpene,"Cadina-3,9-diene(X)",49.074,10657,1515.0,1518±10 (30),,分低
21391-99-1,Other,alpha-Calacorene(X),50.124,12302243  ,1533.0,1542±3 (219),,RI 相差大
829-26-5,Other,"Naphthalene, 2,3,6-trimethyl-(X)",50.987,13237 ,1548.0,1541±10 (2),,分低
6846-50-0,Alcohol,Kodaflex txib(X),53.567,23284  ,1592.0,1588±N/A (1),,分低
544-76-3,Alkane,Hexadecane(X),53.798,11006 ,1596.0,1600,,分低
523-80-8,Other,Apiol(X),55.112,10659 ,1620.0,1682±3 (19),,分低
629-78-7,Alkane,Heptadecane(X),59.291,12398,1696.0,1700,,分低
593-45-3,Alkane,Octadecane,63.77,11635 ,1799.0,1800,非靶确定,解卷积
629-92-5,Alkane,Nonadecane,64.854,12401 ,1899.0,1900,非靶确定,解卷积
112-39-0 ,Ester,"Hexadecanoic acid, methyl ester(X)",65.064,8181  ,1932.0,1926±2 (136),非靶确定,解卷积
