CID,Class,CAS,RT ,Name
7895 ,Ketone,107-87-9 ,2.938,2-Pentanone
22386 ,Alcohol,6032-29-7 ,3.115,2-Pentanol
31260,Alcohol,123-51-3 ,3.782,"1-Butanol, 3-methyl-"
5281168,Aldehyde,505-57-7 ,7.5,2-Hexenal
5284503 ,Alcohol,928-97-2 ,7.691,"3-Hexen-1-ol, (E)-"
318042 ,Alcohol,928-95-0 ,8.201,"2-Hexen-1-ol, (E)-"
8103 ,Alcohol,111-27-3 ,8.289,1-Hexanol
7501 ,Benzene derivatives,100-42-5 ,9.138,Styrene
17868  ,Terpene,2867-05-2,11.08,alpha-Thujene
6654  ,Terpene,80-56-8,11.399,alpha-Pinene
6616  ,Terpene,79-92-5 ,12.13,Camphene
31253 ,Terpene,123-35-3 ,15.092,beta-Myrcene
7460 ,Terpene,99-83-2 ,15.676,alpha-Phellandrene
7463 ,Benzene derivatives, 99-87-6 ,17.035,p-Cymene
22311,Terpene,138-86-3 ,17.295,Limonene
7720 ,Alcohol,104-76-7 ,17.672,"1-Hexanol, 2-ethyl-"
6654 ,Terpene,80-56-8 ,18.168,alpha-Pinene
5281553 ,Terpene,3779-61-1 ,18.84,trans-beta-Ocimene
 7461,Terpene,99-85-4 ,19.34,gamma-Terpinene
102443,Terpene,586-63-0,21.322,Isoterpinolene
6549 ,Terpene,78-70-6 ,22.425,Linalool
31289,Aldehyde,124-19-6 ,23.67,Nonanal
6427110,Terpene,19945-61-0 ,,"(E)-4,8-Dimethylnona-1,3,7-triene"
8175 ,Aldehyde,112-31-2 ,29.66,Decanal
9895 ,Terpene,432-25-7 ,30.337,beta-Cyclocitral
14104,Benzene derivatives/Alcohol,1076-56-8 ,31.538,Methylthymol
637563 ,Benzene derivatives,104-46-1 ,34.884,Anethole
442359 ,Sesquiterpene,17699-14-8 ,38.847,alpha-Cubebene
15431199,Sesquiterpene,95910-36-4 ,40.244,isoledene
12303902,Sesquiterpene,3856-25-5 ,40.426,Copaene
570507 ,Sesquiterpene, 59742-39-1 ,40.627,"1H-Indene, 2,3,3a,4-tetrahydro-3,3a,6-trimethyl-1-(1-methylethyl)-"
564747 ,Sesquiterpene,——,40.784,"cis-(-)-2,4a,5,6,9a-Hexahydro-3,5,5,9-tetramethyl(1H)benzocycloheptene"
6918391 ,Sesquiterpene,515-13-9 ,41.603,"beta-Elemene, (-)-"
5281522 ,Sesquiterpene,118-65-0 ,42.339,Isocaryophyllene
101596917 ,Sesquiterpene,489-29-2 ,42.545,beta-Maaliene
5281515 ,Sesquiterpene, 87-44-5 ,43.275,Caryophyllene
 28481 ,Sesquiterpene,17334-55-3 ,43.81,beta-Gurjunene
102361380,Sesquiterpene,489-28-1 ,43.967,alpha-Maaliene
 11095734 ,Sesquiterpene,489-39-4 ,44.296,Aromandendrene
91704179,Sesquiterpene,52026-55-8 ,44.566,"Selina-5,11-diene"
5281520 ,Sesquiterpene,6753-98-6,45.188,Humulene
10899740,Sesquiterpene, 25246-27-9 ,45.6,Alloaromadendrene
91747213 ,Sesquiterpene, 157477-72-0 ,45.757,"cis-Muurola-4(15),5-diene"
90805  ,Sesquiterpene,22567-17-5 ,46.34,gamma-Gurjunene
12313020 ,Sesquiterpene,30021-74-0 ,46.665,gamma-Muurolene
28237,Sesquiterpene,17066-67-0,47.09,beta-Eudesmene
 10910653 ,Sesquiterpene,21747-46-6 ,47.724,Leden
101596917 ,Sesquiterpene,489-29-2 ,48.04,beta-Maaliene
92313,Sesquiterpene,39029-41-9 ,48.89,gamma-Cadinene
6429077 ,Sesquiterpene,483-77-2 ,49.362,"Cadina-1,3,5-triene"
10657  ,Sesquiterpene,523-47-7 ,49.514,"Cadina-3,9-diene"
12306048 ,Sesquiterpene,24406-05-1 ,50.255,alpha-Cadinene
5284507 ,Sesquiterpene,40716-66-3 ,52.1,E-Nerolidol
92231 ,Sesquiterpene,6750-60-3 ,52.46,Spathulenol
1742210 ,Sesquiterpene, 1139-30-6 ,52.7,Caryophylene oxide
12304985 ,Sesquiterpene,489-41-8 ,52.84,Globulol
12304220  ,Sesquiterpene,73365-77-2 ,54.61,"1,10-Diepicubenol"
12302222,Sesquiterpene,5937-11-1,56.1,alpha-epi-Cadinol
17697 ,Sesquiterpene, 2765-11-9 ,60.39,Pentadecanal-
