CAS,Class,Name,RT,CID,MSDIAL RI,NIST RI,Note,Unnamed: 8,Note.1
75-07-0,Aldehyde,Acetaldehyde(X),1.506,177,,404±23 (15),,分低,
64-17-5,Alcohol,Ethanol,1.589,702,,427±19 (38),非靶确定,,解卷积
503-30-0,other,Trimethylene oxide,1.663,10423,,542±2 (3),非靶确定,,
123-72-8,Aldehyde,Butanal,2.031,261 ,,593±5 (41),非靶确定,,
115-18-4,Alcohol,"3-Buten-2-ol, 2-methyl-(X)",2.134,8257,,614±6 (9),,分低,
616-25-1,Alcohol,1-Penten-3-ol,2.796,12020 ,,684±4 (58),非靶确定,,
1629-58-9,Ketone,1-Penten-3-one,2.855,15394,,681±3 (26),非靶确定,,
96-22-0,Ketone,3-Pentanone,3.002,7288,,688±14 (31),非靶确定,,
3208-16-0,Furan,"Furan, 2-ethyl-",3.051,18554,,703±2 (57),非靶确定,,
1487-18-9,Furan,2-Vinylfuran,3.478,73881,,725±9 (8),非靶确定,,
1576-87-0,Aldehyde,"2-Pentenal, (E)-(X)",3.905,5364752,,754±5 (30),,分低,
1576-87-0,Aldehyde,"2-Pentenal, (E)-",4.096,5364752,,754±5 (30),非靶确定,,
1576-95-0,Alcohol,"2-Penten-1-ol, (Z)-",4.532,5364919 ,,767±2 (22),非靶确定,,
4440-65-7,Aldehyde,3-Hexenal,5.278,643139,,810±8 (2),非靶确定,,
66-25-1,Alcohol,Hexanal,5.312,6184,,800±2 (453),非靶确定,,
505-57-7,Aldehyde,2-Hexenal,7.721,5281168 ,,851±5 (53),非靶确定,,
928-96-1,Alcohol,"3-Hexen-1-ol, (Z)-",7.887,5281167,,857±3 (169),非靶确定,,
928-95-0,Alcohol,"2-Hexen-1-ol, (E)-",8.142,5318042,871.0,862±6 (63),非靶确定,,
111-27-3,Alcohol,1-Hexanol(X),8.245,8103,873.0,868±4 (223),,分低,
,,Unknown,8.437,,878.0,,,,
7326-46-7,other,"2-Furanol, tetrahydro-2-methyl-(X)",9.123,23743,895.0,911±N/A (1),,RI相差大,
,,Unknown,9.403,,901.0,,,,
,,Unknown,9.737,,907.0,,,,
142-83-6,other,"2,4-Hexadienal, (E,E)-",10.06,637564 ,912.0,911±3 (32),非靶确定,,
,,Unknown,11.571,,938.0,,,,
,,Unknown,11.89,,944.0,,,,
18829-55-5,Aldehyde,"2-Heptenal, (E)-(X)",12.577,5283316,955.0,958±4 (74),,分低,
100-52-7,Aldehyde,Benzaldehyde,12.665,240,957.0,962±3 (416),非靶确定,,
20697-55-6,other,4-Oxohex-2-enal,13.263,3014106,967.0,957±N/A (1),非靶确定,,
,,Unknown,13.469,,971.0,,,,
110-93-0,Ketone,"5-Hepten-2-one, 6-methyl-(X)",14.544,9862,989.0,986±2 (222),,分低,
123-35-3,Terpene,beta-Myrcene,14.666,31253,991.0,991±2 (840),非靶确定,,
4313-03-5,other,"2,4-Heptadienal, (E,E)-(X)",15.083,5283321 ,998.0,1012±4 (108),,RI相差大,
99-83-2,Terpene,alpha-Phellandrene(X),15.255,7460,1001.0,1005±2 (509),,RI相差大,
54750-69-5,other,"(2R,5S)-2-Methyl-5-(prop-1-en-2-yl)-2-vinyltetrahydrofuran(X)",15.623,21576892 ,1007.0,1008±1 (4),,分低,
3681-71-8,other,"3-Hexen-1-ol, acetate, (Z)-",15.838,5363388,1010.0,1005±2 (74),非靶确定,,
4313-03-5,other,"2,4-Heptadienal, (E,E)-",15.941,5283321 ,1011.0,1012±4 (108),非靶确定,,
99-86-5,Terpene,alpha-Terpinene,16.054,7462,1013.0,1017±2 (534),非靶确定,,
,,Unknown,16.925,,1017.0,,,,
527-84-4,Terpene,o-Cymene(X),16.564,10703,1021.0,1022±2 (114),,同分异构,
99-87-6,Terpene1,p-Cymene(X),16.604,7463,1021.0,1025±2 (820),,同分异构,
1461-27-4,other,"m-Mentha-6,8-diene, (R)-(+)-",16.829,12304570,1025.0,1027±3 (19),非靶确定,,
1193-18-6,other,"2-Cyclohexen-1-one, 3-methyl-",17.202,14511,1030.0,1026±13 (5),非靶确定,,
104-76-7,Alcohol,"1-Hexanol, 2-ethyl-(X)",17.256,7720,1031.0,1030±3 (86),,分低,
,,Unknown,17.599,,1036.0,,,,
122-78-1,Aldehyde,Benzeneacetaldehyde(X),17.972,998 ,1042.0,1045±4 (378),,分低,
61568-48-7,other,3-Ethylthiane(X),18.124,568097,1044.0,1047±0 (2),,分低,
3779-61-1,Terpene,trans-beta-Ocimene(X),18.374,5281553 ,1048.0,1049±2 (548),,同分异构,
,,Unknown,18.904,,1056.0,,,,
13419-69-7,other,"2-Hexenoic acid, (E)-(X)",19.086,5282707,1058.0,1045±3 (2),,分低，RI相差大,
5989-33-3,other,cis-Linalool oxide,19.919,6428573,1071.0,1074±4 (179),非靶确定,,
27644-04-8,other,"1,5-Heptadien-4-ol, 3,3,6-trimethyl-(x)",20.179,100197,1075.0,1084±1 (32),,分低，RI相差大,
586-63-0 ,other,"p-Mentha-2,4(8)-diene(X)",20.832,102443 ,1084.0,1086±3 (46),,同分异构,
1195-32-0,Benzene Derivative,p-Cymenene,20.969,62385,1086.0,1090±2 (106),非靶确定,,
34995-77-2,other,trans-Linalool oxide (furanoid),20.94,6431475,1087.0,1086±5 (156),非靶确定,,
38284-27-4,Ketone,"3,5-Octadien-2-one(X)",21.621,5352876 ,1096.0,1091±10 (20),,分低,
78-70-6,Terpene,Linalool,21.975,6549,1101.0,1099±2 (976),非靶确定,,
,,Unknown,25.418,,1151.0,,,,
89-79-2,Terpene,Isopulegol(X),25.614,170833,1154.0,1146±3 (32),,分低,
34246-54-3,other,"Benzaldehyde, 3-ethyl-",25.962,118623,1159.0,1168±N/A (1),非靶确定,,
4748-78-1,other,"Benzaldehyde, 4-ethyl-(X)",26.978,20861,1174.0,1180±16 (5),,同分异构,
,,Unknown,27.664,,1184.0,,,,
98-55-5,Terpene,alpha-Terpineol(X),27.91,17100,1188.0,1189±2 (811),,同分异构,
124-07-2,Acid,Octanoic acid(X),28.282,379 ,1193.0,1180±7 (100),,RI相差大,
,,Unknown,29.008,,1204.0,,,,
29548-14-9,Terpene,p-Menth-1-en-9-al(X),29.469,520440,1210.0,1229±5 (9),,RI相差大,
29548-14-9,Terpene,p-Menth-1-en-9-al(X),29.517,520440,1213.0,1229±5 (9),,RI相差大,
432-25-7,Terpene,beta-Cyclocitral,29.793,9895,1215.0,1220±3 (75),非靶确定,,
99-49-0,Terpene,Carvone(X),31.471,7439,1240.0,1242±4 (307),,同分异构,
475-03-6,other,alpha-Ionene(X),31.765,68057,1244.0,1258±2 (5),,RI相差大,
106-24-1,Terpene,Geraniol(X),32.613,637566 ,1257.0,1255±3 (343),,分低,
475-03-6,other,alpha-Ionene,32.829,68057,1260.0,1258±2 (5),非靶确定,,
,,Unknown,34.237,,1281.0,,,,
942-43-8,other,"2,3-Dihydro-1,1,5,6-tetramethyl-1H-indene(X)",36.675,523106,1318.0,1311±N/A (1),,分低,
30364-38-6,other,Dehydro-ar-ionene(x),38.298,121677,1343.0,1354±8 (17),,RI相差大,
16204-57-2,other,"Indan, 1,1,4,5-tetramethyl-(X)",38.965,529435,1353.0,1355±N/A (1),,分低,
,,Unknown,40.133,,1371.0,,,,
23726-93-4,other,beta-Damascenone,40.579,5366074 ,1378.0,1386±5 (187),非靶确定,,
25074-51-5,other,"1,3-Diethyladamantane",41.354,520173,1390.0,1382±5 (4),非靶确定,,
,,Unknown,41.56,,1393.0,,,,
,,Unknown,42.109,,1402.0,,,,
,,Unknown,43.522,,1425.0,,,,
79-77-6,Terpene,trans-beta-Ionone,46.803,638014,1478.0,1486±4 (211),非靶确定,,
629-62-9,Alkane,Pentadecane(X),47.858,12391,1495.0,1500,,分低,
5875-45-6,other,"Phenol, 2,5-bis(1,1-dimethylethyl)-",48.721,79983 ,1510.0,1514±N/A (1),非靶确定,,
17092-92-1,other,"Actinidiolide, dihydro-(X)",49.055,27209 ,1516.0,1532±10 (26),,RI相差大,
829-26-5,other,"Naphthalene, 2,3,6-trimethyl-(X)",49.913,13237,1531.0,1541±10 (2),,分低,
21391-99-1,other,alpha-Calacorene,50.458,12302243,1540.0,1542±3 (219),非靶确定,,
6846-50-0,Alcohol,Kodaflex txib(X),53.371,23284,1590.0,1588±N/A (1),,分低,
544-76-3,Alkane,Hexadecane(x),53.621,11006 ,1595.0,1600,,分低,
629-78-7,Alkane,Heptadecane,59.105,12398 ,1695.0,1700,非靶确定,,
593-45-3,Alkane,Octadecane(X),63.706,11635,1798.0,1800,,分低,
504-96-1,other,Neophytadiene,64.245,10446,1843.0,1837±5 (19),非靶确定,,
84-69-5,other,"Phthalic acid, diisobutyl ester",64.545,6782,1871.0,1870±4 (32),非靶确定,,
112-39-0,other,"Hexadecanoic acid, methyl ester(X)",65.03,8181,1928.0,1926±2 (136),,分低,
84-74-2 ,other,Dibutyl phthalate,65.28,3026 ,1968.0,1965±6 (40),非靶确定,,
