CAS,Class,Name,RT,CID,MSDIAL RI,NIST RI,Note,Note.1
108-88-3,Benzene derivative,Toluene,4.443,1140  ,,763±8 (328),非靶确定,解卷积
110-19-0,Ester,Isobutyl acetate,4.698,8038,,771±6 (43),非靶确定,解卷积
4440-65-7,Aldehyde,3-Hexenal,5.331,643139 ,,810±8 (2),非靶确定,
66-25-1 ,Aldehyde,Hexanal(X),5.375, 6184  ,,800±2 (453),,分低
123-86-4,Ester,"Acetic acid, butyl ester",5.993,31272,,812±4 (96),非靶确定,解卷积
505-57-7,Aldehyde,2-Hexenal(X),7.715,5281168 ,,851±5 (53),,分低
6728-26-3,Aldehyde,"2-Hexenal, (E)-",7.381,5281168  ,,854±3 (243),非靶确定,
928-96-1,Alcohol,"3-Hexen-1-ol, (Z)-",7.582,5281167  ,,857±3 (169),非靶确定,
100-41-4 ,Benzene derivative,Ethylbenzene,7.66,7500  ,,855±10 (202),非靶确定,解卷积
106-42-3,Benzene derivative,p-Xylene,8.028,7809  ,862.0,865±7 (178),非靶确定,
111-27-3,Alcohol,1-Hexanol,8.254, 8103 ,867.0,868±4 (223),非靶确定,解卷积
123-92-2,Ester,"1-Butanol, 3-methyl-, acetate",8.583,31276  ,875.0,876±2 (100),非靶确定,解卷积
95-47-6,Benzene derivative,o-Xylene,9.122,7237  ,888.0,887±8 (178),非靶确定,
,Others,Unknown,10.397,,913.0,,,
2867-05-2,Terpene,3-Thujene,10.932,17868  ,921.0,929±2 (488),非靶确定,
80-56-8,Terpene,alpha-Pinene,11.212,6654  ,927.0,937±3 (995),非靶确定,
471-84-1,Terpene,alpha-Fenchene(X),11.933,28930 ,939.0,950±3 (64),,RI 相差大
108-83-8 ,Ketone,"4-Heptanone, 2,6-dimethyl-(X)",13.62,7958,967.0,952±13 (4),,RI 相差大
3387-41-5,Terpene,Sabinen,13.684,18818 ,968.0,974±2 (619),非靶确定,
5113-87-1 ,Terpene,Isolimonene(X),14.125,78790,976.0,983±2 (6),,分低
123-35-3,Terpene,beta-Myrcene,14.934,31253  ,989.0,991±2 (840),非靶确定,
554-61-0,Terpene,2-Carene,15.302,79044,996.0,1001±1 (62),非靶确定,
99-83-2,Terpene,alpha-Phellandrene,15.562,7460 ,1000.0,1005±2 (509),非靶确定,
13466-78-9,Terpene,3-Carene,16.077,26049 ,1008.0,1011±2 (336),非靶确定,
99-86-5,Terpene,alpha-Terpinene,16.411,7462  ,1013.0,1017±2 (534),非靶确定,
527-84-4 ,Terpene,o-Cymene(X),16.906,10703  ,1020.0,1022±2 (114),,同分异构
1461-27-4 ,Terpene,D-sylvestrene,17.171,102625  ,1024.0,1027±3 (19),非靶确定,
104-76-7,Alcohol,"1-Hexanol, 2-ethyl-",17.509,7720  ,1029.0,1030±3 (86),非靶确定,
3338-55-4 ,Terpene,beta-cis-Ocimene,18.039,5320250,1037.0,1038±2 (446),非靶确定,
3779-61-1,Terpene,trans-beta-Ocimene,18.701,5281553  ,1046.0,1049±2 (548),非靶确定,
99-85-4,Terpene,gamma-Terpinene,19.216,7461  ,1054.0,1060±3 (739),非靶确定,
98-86-2,Ketone,Acetophenone,19.849,7410 ,1063.0,1065±4 (134),非靶确定,
1114-92-7,Others,"2,3-Butanediol, diacetate(X)",19.972,66193  ,1065.0,1078±2 (5),,RI 相差大
5989-33-3,Furan,cis-Linalool oxide,20.217,6428573  ,1069.0,1074±4 (179),非靶确定,
586-62-9,Terpene,Terpinolene,21.507,11463  ,1088.0,1088±2 (607),非靶确定,
78-70-6,Terpene,Linalool,22.267,6549 ,1099.0,1099±2 (976),非靶确定,
124-19-6,Aldehyde,Nonanal,22.566,31289 ,1104.0,1104±2 (556),非靶确定,
21195-59-5,Terpene,"p-Mentha-1,5,8-triene",22.792,527424  ,1107.0,1111±1 (58),非靶确定,
673-84-7,Terpene,Allo-Ocimene(X),23.253,5368821 ,1113.0,1131±2 (89),,RI 相差大
460-01-5,Others,Cosmene,24.312,5368451  ,1129.0,1131±1 (4),非靶确定,
4784-86-5,Others,"1,2-Dimethylcyclopentadiene(X)",25.156,138349 ,1141.0,,,无 NIST RI
557-48-2,Aldehyde,"2,6-Nonadienal, (E,Z)-",25.858,643731  ,1151.0,1155±3 (124),非靶确定,
40702-26-9,Others,"3-Cyclohexene-1-carboxaldehyde, 1,3,4-trimethyl-(X)",26.029,38621  ,1154.0,1154±18 (2),,分低
34246-54-3,Aldehyde,"Benzaldehyde, 3-ethyl-(X)",26.235,118623,1157.0,1168±N/A (1),,RI 相差大
1490-04-6,Alcohol,Menthol,27.005,1254 ,1168.0,1169±2 (3),非靶确定,
22927-13-5,Aldehyde,"Benzaldehyde, 2-ethyl-",27.25,123406  ,1171.0,1176±2 (3),非靶确定,
585-74-0,Ketone,"Ethanone, 1-(3-methylphenyl)-(X)",27.79,11455  ,1179.0,1182±7 (7),,分低
1197-01-9,Terpene,p-Cymen-8-ol,27.922, 14529  ,1181.0,1183±2 (237),非靶确定,
98-55-5,Terpene,alpha-Terpineol,28.217,17100 ,1185.0,1189±2 (811),非靶确定,
82700-43-4,Others,Benzylidenemalonaldehyde(X),28.82,583063 ,1194.0,1217±2 (2),,RI 相差大
112-40-3,Alkane,Dodecane,29.114,8182  ,1198.0,1200,非靶确定,
112-31-2,Aldehyde,Decanal,29.497,8175,1204.0,1206±2 (406),非靶确定,
5779-94-2 ,Aldehyde,Isoxylaldehyde,29.865,22015  ,1209.0,1208±0 (2),非靶确定,
501-92-8,Benzene derivative,"Phenol, 4-(2-propenyl)-(X)",30.826,68148  ,1224.0,1255±5 (16),,RI 相差大
501-92-8,Benzene derivative,"Phenol, 4-(2-propenyl)-(X)",31.336,68148  ,1231.0,1255±5 (16),,RI 相差大
104-50-7,Furan,"2(3H)-Furanone, 5-butyldihydro-",32.857,7704,1254.0,1261±2 (30),非靶确定,
937-30-4,Ketone,"Ethanone, 1-(4-ethylphenyl)-(X)",33.077,13642,1257.0,1277±4 (8),,RI 相差大
937-30-4,Ketone,"Ethanone, 1-(4-ethylphenyl)-",34.299,13642,1275.0,1277±4 (8),非靶确定,
10573-35-0,Others,Unknown,34.465,296393 ,1278.0,,,分低，无 NIST RI
,Others,Unknown,34.593,,1280.0,,,
2216-87-7,Ketone,3-Undecanone,35.064,75189 ,1287.0,1283±8 (4),非靶确定,
629-50-5,Alkane,Tridecane,35.8, 12388  ,1298.0,1300,非靶确定,
25415-84-3,Ester,n-Butyric acid 2-ethylhexyl ester(X),37.418,117230 ,1323.0,1317±4 (3),,分低
3637-01-2,Ketone,Unknown,37.992,77193  ,1329.0,,,分低，无 NIST RI
813-72-9,Acid,Unknown,38.384,163217 ,1338.0,,,分低，无 NIST RI
14912-44-8,Terpene,Ylangene,40.238,20055075  ,1367.0,1372±2 (170),非靶确定,
23726-93-4,Others,beta-Damascenone,40.954,5366074,1378.0,1386±5 (187),非靶确定,解卷积
2387-78-2,Terpene,Cyperene(X),42.323, 12308843  ,1399.0,1399±2 (44),,同分异构
118-65-0,Terpene,Isocaryophyllene,42.857,5281522 ,1408.0,1406±3 (75),非靶确定,
18252-44-3,Others,beta-Copaene(X),43.495,87529,1418.0,1432±3 (71),,分低，RI相差大
1009-61-6,Others,"Benzene, p-diacetyl-(X)",44.04,13888  ,1427.0,1461±10 (2),,RI 相差大
489-39-4,Terpene,Aromandendrene,44.849,11095734 ,1440.0,1440±1 (5),非靶确定,
25246-27-9,Terpene,Alloaromadendrene(X),45.369,10899740,1449.0,1461±2 (343),,RI 相差大
54868-40-5,Others,"4,5-Di-epi-aristolochene(X)",45.987,6429376,1459.0,,,无 NIST RI
515-17-3,Others,gamma-Selinene(X),46.438, 10655819 ,1466.0,1479±6 (15),,RI 相差大
17066-67-0,Terpene,beta-Eudesmene,47.164, 28237,1478.0,1486±3 (349),非靶确定,
473-13-2,Terpene,alpha-Selinene(X),47.581, 10856614  ,1485.0,1494±3 (196),,同分异构
4630-07-3,Terpene,(+)-Valencene,48.047,9855795 ,1492.0,1492±3 (152),非靶确定,
232-95-1 ,Others,Unknown,48.292,9192 ,1496.0,,,无 NIST RI
123123-37-5,Terpene,7-epi-alpha-Selinene(X),48.787,10726905  ,1504.0,1517±4 (45),,RI 相差大
523-47-7,Terpene,"Cadina-3,9-diene",49.332,10657  ,1514.0,1518±10 (30),非靶确定,
21391-99-1,Others,alpha-Calacorene(X),50.342,12302243  ,1531.0,1542±3 (219),,RI 相差大
53774-22-4 ,Furan,Unknown,50.891,594356 ,1541.0,,,分低，无 NIST RI
2882-96-4,Others,"Pentadecane, 3-methyl-(X)",52.338,17899  ,1565.0,1570±1 (10),,分低
84-66-2,Acid,Diethyl Phthalate,53.638,6781 ,1588.0,1594±9 (32),非靶确定,
6846-50-0,Alcohol,Kodaflex txib(X),53.78,23284  ,1590.0,1588±N/A (1),,分低
544-76-3 ,Alkane,Hexadecane,54.03, 11006 ,1595.0,1600,非靶确定,
119-61-9,Ketone,Benzophenone(X),55.06,3102 ,1613.0,1635±10 (27),,RI 相差大
21284-22-0,Terpene,Cubenol(X),56.296,11770062  ,1636.0,1642±3 (125),,分低
6259-76-3,Others,n-Hexyl salicylate(X),57.983,22629  ,1666.0,1683±0 (2),,RI 相差大
629-78-7,Alkane,Heptadecane,59.509,12398 ,1694.0,1700,非靶确定,
85-01-8,Others,Phenanthrene,62.491,995  ,1765.0,1775±14 (69),非靶确定,
593-45-3,Alkane,Octadecane(X),63.844,11635 ,1798.0,1800,,分低
104-66-5,Benzene derivative,"Ethane, 1,2-diphenoxy-(X)",63.864,7713  ,1799.0,1811±N/A (1),,RI 相差大
