CID,CAS,Class,RT,NAME
702,64-17-5,Alcohol,1.575,Ethanol
1031 ,71-23-8 ,Alcohol,1.869,1-Propanol
13367,870-23-5,Others,2.05,Allyl mercaptan
6560 ,78-83-1,Alcohol,2.291,"1-Propanol, 2-methyl-"
12020 ,616-25-1,Alcohol,2.874,1-Penten-3-ol
179 ,513-86-0 ,Ketone,3.272,Acetoin
31260,123-51-3,Alcohol,3.757,"1-Butanol, 3-methyl-"
8723,137-32-6,Alcohol,3.826,"1-Butanol, 2-methyl-"
5321950,1115-11-3 ,Aldehyde,3.953,"2-Butenal, 2-methyl-"
6276,71-41-0,Alcohol,4.571,1-Pentanol
20799 ,4675-87-0 ,Alcohol,4.709,"2-Buten-1-ol, 2-methyl-"
7762 ,105-54-4,Acid,5.562,"Butanoic acid, ethyl ester"
24020 ,7452-79-1 ,Ester,7.426,"Butanoic acid, 2-methyl-, ethyl ester"
11617,592-88-1,Others,7.617,Diallyl sulfide
5323652 ,6622-76-0,Ester,8.142,Methyl tiglate
8103 ,111-27-3,Alcohol,8.304,1-Hexanol
12209,624-41-9,Ester,8.79,"1-Butanol, 2-methyl-, acetate"
7501 ,100-42-5,Benzene derivatives,9.162,Styrene
62434,2179-58-0,Others,10.394,"Disulfide, methyl 2-propenyl"
5281163 ,5837-78-5,Ester,12.017,Ethyl tiglate
6616,79-92-5,Terpene,12.135,Camphene
525331  ,288-26-6,Others,12.527,"3H-1,2-Dithiole"
18827,3391-86-4 ,Alcohol,14.425,1-Octen-3-ol
246728 ,106-68-3 ,Ketone,14.823,3-Octanone
19602 ,3777-69-3 ,Furan,15.063,"Furan, 2-pentyl-"
20745 ,1569-60-4,Alcohol,15.343,"5-Hepten-2-ol, 6-methyl-"
11527  ,589-98-0 ,Alcohol,15.46,3-Octanol
2758,470-82-6 ,Others,17.393,Eucalyptol
244 ,100-51-6,Alcohol,17.981,Benzyl alcohol
5281553,3779-61-1,Terpene,18.835,trans-beta-Ocimene
6590 ,2179-57-9,Others,21.086,Diallyl disulphide
7150 ,93-58-3,Acid,21.915,"Benzoic acid, methyl ester"
6549 ,78-70-6,Terpene,22.406,Linalool
31289 ,124-19-6 ,Aldehyde,22.71,Nonanal
17129,2445-78-5 ,Ester,22.744,2-Methylbutyl 2-methylbutanoate
62445,2445-77-4,Ester,23.078,"Butanoic acid, 3-methyl-, 2-methylbutyl ester"
6054 ,60-12-8,Alcohol,23.269,Phenylethyl Alcohol
5352450,7785-66-2,Others,24.863,n-Butyl tiglate
107059 ,68039-26-9,Ester,25.162,"Butanoic acid, 2-methyl-, pentyl ester"
,211429-71-9,Ester,25.559,3-Methylbut-2-en-1-yl pivalate
5364631,10340-23-5,Alcohol,26.158,"3-Nonen-1-ol, (Z)-"
44630408,56805-23-3,Alcohol,26.354,"3,6-Nonadien-1-ol, (E,Z)-"
 7165 ,93-89-0,Ester,27.09,"Benzoic acid, ethyl ester"
5364941 ,31502-14-4,Alcohol,27.237,"2-Nonen-1-ol, (E)-"
525328 ,62488-52-2,Others,27.718,"3-Vinyl-1,2-dithiacyclohex-4-ene"
4133 ,119-36-8,Acid,28.556,Methyl salicylate
133337 ,80028-57-5,Others,29.473,"2-Vinyl-4H-1,3-dithiine"
24838 ,10032-15-2,Ester,31.843,"Butanoic acid, 2-methyl-, hexyl ester"
8365 ,118-61-6,Acid,33.731,"Benzoic acid, 2-hydroxy-, ethyl ester"
16315 ,2050-87-5,Others,35.472,"Trisulfide, di-2-propenyl"
6034479,,Others,37.576,(E)-Hex-3-enyl (E)-2-methylbut-2-enoate
637523,16930-96-4,Ester,38.008,Hexyl tiglate
7710,104-61-0,Ester,39.867,"2(3H)-Furanone, dihydro-5-pentyl-"
8698,136-60-7,Ester,40.49,Butyl benzoate
6918391 ,515-13-9,Terpene,41.545,beta-Elemen
7193 ,94-46-2,Ester,44.438,"1-Butanol, 3-methyl-, benzoate"
1549778 ,3796-70-1,Terpene,45.566,Geranyl acetone
16296,2049-96-9,Ester,46.768,"Benzoic acid, pentyl ester"
250096,37526-88-8,Ester,48.259,Benzyl tiglate
75552 ,2444-49-7 ,Others,50.157,"Tetrasulfide, di-2-propenyl"
5367706,25152-85-6,Ester,52.325,"3-Hexen-1-ol, benzoate, (Z)-"
23235,6789-88-4,Ester,52.762,"Benzoic acid, hexyl ester"
 2345 ,120-51-4 ,Benzene derivatives,62.723,Benzyl Benzoate
11635,593-45-3,Alkane,63.9,Octadecane
10408 ,502-69-2,Terpene,64.445,"2-Pentadecanone, 6,10,14-trimethyl-"
8181,112-39-0,Ester,65.117,"Hexadecanoic acid, methyl ester"
12366 ,628-97-7,Ester,65.529,"Hexadecanoic acid, ethyl ester"
