CID,Class,CAS,RT ,Name
6568  ,Alcohol,78-92-2 ,2.09,2-Butanol
 12020  ,Alcohol, 616-25-1 ,2.87,1-Penten-3-ol
7895  ,Alcohol,107-87-9 ,2.95,2-Pentanone
 12988  ,Alcohol/Aldehyde,763-32-6 ,3.7,"3-Buten-1-ol, 3-methyl-"
 8723 ,Alcohol,137-32-6 ,3.85,"1-Butanol, 2-methyl-"
6276  ,Alcohol,71-41-0 ,4.567,1-Pentanol
5364919  ,Alcohol,1576-95-0 ,4.67,"2-Penten-1-ol, (Z)-"
13357 ,Ester,868-57-5 ,4.83,"Butanoic acid, 2-methyl-, methyl ester"
6184  ,Aldehyde,66-25-1,5.498,Hexanal
5281168  ,Aldehyde,6728-26-3 ,7.476,"2-Hexenal, (E)-"
5284503  ,Alcohol,928-97-2 ,7.691,"3-Hexen-1-ol, (Z)-"
5318042 ,Alcohol/Aldehyde,928-95-0 ,8.201,"2-Hexen-1-ol, (E)-"
 8103  ,Alcohol,111-27-3 ,8.289,1-Hexanol
7966  ,Alcohol,108-93-0,8.84,Cyclohexanol
 7501  ,Benzene derivatives,100-42-5 ,9.138,Styrene
8051  ,Ketone,110-43-0 ,9.27,2-Heptanone
10976  ,Alcohol,543-49-7,9.83,2-Heptanol
8133  ,Alcohol, 111-76-2 ,10.1,"Ethanol, 2-butoxy-"
17868 ,Terpene,"""2867-5-2",11.08,alpha-Thujene
6654  ,Terpene,80-56-8,11.399,alpha-Pinene
240  ,Benzene derivatives, 100-52-7 ,12.95,Benzaldehyde
18818  ,Terpene,3387-41-5 ,13.837,Sabinen
31253  ,Terpene,123-35-3,15.058,beta-Myrcene
20745 ,Alcohol,1569-60-4 ,15.328,6-Methyl-5-hepten-2-ol
 79044  ,Terpene,554-61-0 ,15.44,2-Carene
7460 ,Terpene,99-83-2 ,15.676,alpha-Phellandrene
7462 ,Terpene,99-86-5 ,16.54,alpha-Terpinene
 8908  ,Ester,142-92-7 ,16.7,"Acetic acid, hexyl ester"
22311  ,Terpene,138-86-3 ,17.295,Limonene
2758,Ether,470-82-6,17.43,Eucalyptol
7720 ,Alcohol,104-76-7 ,17.672,"1-Hexanol, 2-ethyl-"
244 ,Alcohol,100-51-6 ,17.84,Benzyl alcohol
5281553  ,Terpene,3779-61-1,18.8,trans-beta-Ocimene
 7461  ,Terpene,99-85-4 ,19.34,gamma-Terpinene
637516  ,Alcohol,1517-69-7,19.669,"Benzenemethanol, alpha-methyl-"
11463  ,Terpene,586-62-9 ,21.34,Terpinolene
7150  ,Benzene derivatives,93-58-3 ,21.87,Methyl benzoate
31289 ,Aldehyde,124-19-6 ,22.68,Nonanal
176983  ,Terpene,18368-95-1,22.93,"1,3,8-p-Menthatriene"
 6054  ,Benzene derivatives,1960-12-08 00:00:00,23.13,Phenylethyl Alcohol
5368451 ,Alk,460-01-5 ,24.87,Cosmene
 170833  ,Terpene,89-79-2 ,25.201,Isopulegol
7794,Aldehyde,106-23-0 ,26.0,Citronellal
14529  ,Benzene derivatives,1197-01-9 ,28.01,p-Cymen-8-ol
17100  ,Terpene, 98-55-5 ,28.62,alpha-Terpineol
4133  ,Benzene derivatives/Ester, 119-36-8 ,28.58,Methyl salicylate
8815,Benzene derivatives/Ester,140-67-0 ,28.98,Estragole
 8175  ,Aldehyde,112-31-2 ,29.65,Decanal
643820 ,Alcohol,106-25-2 ,31.146,Nerol
8842 ,Alcohol,106-22-9 ,31.3,Citronellol
643779 ,Aldehyde,106-26-3 ,31.93,Neral
 637566 ,Alcohol,624-15-7,33.1,"2,6-Octadien-1-ol, 3,7-dimethyl-"
61290 ,Ester,2270-60-2,33.4,Methyl citronellate
638011,Terpene,5392-40-5 ,33.98,Citral
5365912 ,Ester,1862-61-9 ,34.66,Methyl nerolate
8163 ,Ketone,112-12-9,35.595,3-Undecanone
 637520 ,Benzene derivatives/Ester,1754-62-7,36.2,Methyl cis-cinnamate
5365910 ,Ester,1189-09-9,37.54,trans-Geranic acid methyl ester
 89316  ,Sesquiterpene, 20307-84-0 ,38.02,delta-EIemene
442359,Sesquiterpene,17699-14-8,38.86,alpha-Cubebene
3314 ,Benzene derivatives/Alcohol,97-53-0,39.509,Eugenol
20055075,Sesquiterpene,14912-44-8 ,40.156,Ylangene
12303902  ,Sesquiterpene,3856-25-5 ,40.426,Copaene
637520 ,Benzene derivatives,1754-62-7 ,41.2,(E)-Methyl cinnamate
 93081  ,Sesquiterpene,13744-15-5 ,41.426,beta-Cubebene
6918391,Sesquiterpene,515-13-9 ,41.603,"beta-Elemene, (-)-"
101596917  ,Sesquiterpene,489-29-2 ,42.51,beta-Maaliene
7127  ,Benzene derivatives/Ester,93-15-2,43.1,Methyleugenol
87529  ,Benzene derivatives/Ester,18252-44-3,43.73,beta-Copaene
 11095734 ,Sesquiterpene,489-39-4 ,44.61,Aromandendrene
51351708 ,Sesquiterpene,——,44.92,"cis-muurola-3,5-diene"
5281520 ,Sesquiterpene,6753-98-6,45.54,Humulene
10899740  ,Sesquiterpene,25246-27-9,45.6,Alloaromadendrene
91747213  ,Sesquiterpene,157477-72-0 ,45.733,"cis-Muurola-4(15),5-diene"
71350312,Sesquiterpene,16729-00-3,46.55,"Cadina-1(6),4-diene"
5317570  ,Sesquiterpene,23986-74-5,46.91,Germacrene D
15694800  ,Sesquiterpene,54324-03-7 ,47.54,Bicyclosesquiphellandrene
10910653 ,Sesquiterpene,21747-46-6 ,47.724,Leden
 12306047  ,Sesquiterpene,10208-80-7,48.2,alpha-Muurolene
92313  ,Sesquiterpene,39029-41-9 ,48.94,gamma-Cadinene
10657 ,Sesquiterpene,523-47-7 ,49.514,"Cadina-3,9-diene"
50986185 ,Sesquiterpene,29837-12-5 ,49.941,Cubenene
12306048 ,Sesquiterpene,24406-05-1 ,50.27,alpha-Cadinene
12302243  ,Sesquiterpene,21391-99-1 ,50.54,alpha-Calacorene
10248  ,Benzene derivatives/Ester,487-11-6,51.85,"Benzene, 1,2,3-trimethoxy-5-(2-propenyl)-"
 92231 ,Sesquiterpene,6750-60-3 ,52.47,Espatulenol
12304985  ,Alcohol,489-41-8,52.77,Globulol
11996452 ,Alcohol,552-02-3 ,53.87,Viridiflorol
160799  ,Sesquiterpene,"""5937-11-1",56.2,T-Cadinol
3084311  ,Sesquiterpene,19435-97-3,56.43,delta-Cadinol
10398656 ,Sesquiterpene,481-34-5,56.84,alpha-Cadinol
