CAS,Class,Name,RT,CID,MSDIAL RI,NIST RI,Note,Note.1
79-20-9,Ester,"Acetic acid, methyl ester",1.747,6584  ,,526±4 (28),非靶确定,
141-78-6,Ester,Ethyl Acetate,2.713,8857 ,,612±5 (113),非靶确定,
105-37-3,Ester,"Propanoic acid, ethyl ester",3.277,7749  ,,710±5 (62),非靶确定,
109-60-4,Ester,n-Propyl acetate,3.321,7997 ,,708±8 (55),非靶确定,
137-32-6,Alcohol,"1-Butanol, 2-methyl-",3.777,8723 ,,739±5 (105),非靶确定,
624-92-0,Others,"Disulfide, dimethyl",3.9,12232  ,,746±6 (126),非靶确定,
97-62-1,Ester,"Propanoic acid, 2-methyl-, ethyl ester",4.292,7342,,756±4 (83),非靶确定,
71-41-0 ,Alcohol,1-Pentanol,4.498,6276,,765±4 (146),非靶确定,
110-19-0,Ester,Isobutyl acetate,4.655,8038 ,,771±6 (43),非靶确定,
868-57-5,Ester,"Butanoic acid, 2-methyl-, methyl ester",4.748, 13357  ,,775±3 (46),非靶确定,
105-54-4,Ester,"Butanoic acid, ethyl ester",5.464,7762,,802±2 (154),非靶确定,
123-86-4,Ester,"Acetic acid, butyl ester",5.965,31272 ,,812±4 (96),非靶确定,
13286-92-5,Others,"Butane, 2-methyl-2-(methylthio)-(X)",7.176,525429,,847±0 (3),,分低
7452-79-1,Ester,"Butanoic acid, 2-methyl-, ethyl ester",7.318,24020,,849±3 (119),非靶确定,
928-96-1,Alcohol,"3-Hexen-1-ol, (Z)-",7.618,5281167  ,,857±3 (169),非靶确定,
111-27-3,Alcohol,1-Hexanol,8.216,8103  ,867.0,868±4 (223),非靶确定,
123-92-2,Ester,"1-Butanol, 3-methyl-, acetate",8.545,31276 ,874.0,876±2 (100),非靶确定,
624-41-9,Ester,"1-Butanol, 2-methyl-, acetate",8.697,12209 ,878.0,880±3 (41),非靶确定,
5205-07-2,Ester,"3-Methyl-3-buten-1-ol, acetate",8.962,78879,884.0,881±3 (8),非靶确定,
4906-24-5,Ketone,2-Acetoxy-3-butanone,9.369,521246,894.0,888±N/A (1),非靶确定,
111-71-7,Ketone,Heptanal(X),9.697,8130  ,901.0,901±2 (292),,分低
4382-77-8,Ketone,Unknown,9.771,537440  ,902.0,,,
628-63-7,Ester,"Acetic acid, pentyl ester",10.643,12348  ,914.0,911±6 (40),非靶确定,
,Others,Unknown,11.066,,924.0,,,
109-59-1,Alcohol,Unknown,11.355,7996  ,929.0,768±N/A (1),,分低，RI相差大
23747-45-7,Ketone,S-Methyl 3-methylbutanethioate,11.645,90246  ,934.0,938±0 (3),非靶确定,
5405-41-4,Acid,Ethyl 3-hydroxybutyrate(X),11.792,62572 ,936.0,944±6 (22),,分低
100-52-7,Aldehyde,Benzaldehyde,12.866,240 ,955.0,962±3 (416),非靶确定,
3658-80-8,Others,Dimethyl trisulfide,13.175,19310  ,960.0,970±7 (154),非靶确定,
3391-86-4,Alcohol,1-Octen-3-ol,14.293,18827 ,979.0,980±2 (355),非靶确定,
4455-13-4,Ester,Ethyl (methylthio)acetate,14.47,78199 ,982.0,989±8 (9),非靶确定,
111-55-7,Ester,"1,2-Ethanediol, diacetate(X)",15.567,8121 ,1001.0,991±3 (2),,RI 相差大
6919-52-4,Others,Unknown,15.907,554060 ,1005.0,,,
3681-71-8,Ester,"3-Hexen-1-ol, acetate, (Z)-",16.084,5363388  ,1008.0,1005±2 (74),非靶确定,
142-92-7,Ester,"Acetic acid, hexyl ester",16.628,8908 ,1016.0,1011±4 (112),非靶确定,
72237-36-6,Ester,"4-Hexen-1-ol, acetate",17.06,57349892 ,1022.0,1020±3 (4),非靶确定,
104-76-7,Alcohol,"1-Hexanol, 2-ethyl-",17.516, 7720 ,1029.0,1030±3 (86),非靶确定,
623-84-7,Ester,"1,2-Propanediol, diacetate(X)",17.707,12198  ,1032.0,1019±N/A (1),,RI 相差大
100-51-6,Alcohol,Benzyl alcohol,17.977,244  ,1036.0,1036±4 (174),非靶确定,
106-27-4,Ester,"Butanoic acid, 3-methylbutyl ester",19.331,7795  ,1056.0,1056±4 (39),非靶确定,
1114-92-7,Others,"2,3-Butanediol, diacetate(X)",20.194,66193  ,1068.0,1078±2 (5),,RI 相差大
104-57-4,Acid,"Formic acid, phenylmethyl ester",20.704,7708 ,1076.0,1080±1 (6),非靶确定,
1114-92-7,Others,"2,3-Butanediol, diacetate",21.185,66193  ,1083.0,1078±2 (5),非靶确定,
2277-19-2,Aldehyde,"6-Nonenal, (Z)-",22.445,5362720 ,1102.0,1101±1 (6),非靶确定,
124-19-6,Aldehyde,Nonanal,22.563,31289,1103.0,1104±2 (556),非靶确定,
103-79-7,Ketone,Benzyl methyl ketone(X),23.093,7678 ,1111.0,1110±12 (5),,分低
112-06-1,Ester,"Acetic acid, heptyl ester(X)",23.294,8159  ,1114.0,1113±2 (20),,分低
,Ester,3-(Methylthio)propyl acetate,24.079,,1125.0,,非靶确定,分高，940
1117-31-3,Others,"1,3-Butanediol, diacetate",24.432, 79140 ,1131.0,1124±N/A (1),非靶确定,
626-68-6,Others,Unknown,24.858,136444 ,1137.0,,,
103-09-3 ,Ester,"Acetic acid, 2-ethylhexyl ester(X)",25.879,7635  ,1151.0,1129±30 (2),,RI 相差大
10340-23-5,Alcohol,"3-Nonen-1-ol, (Z)-",26.011,5364631  ,1153.0,1156±3 (7),非靶确定,
56805-23-3,Alcohol,"3,6-Nonadien-1-ol, (E,Z)-",26.217,44630408  ,1156.0,1156±N/A (1),非靶确定,
34246-54-3,Aldehyde,"Benzaldehyde, 3-ethyl-(X)",26.286,118623 ,1157.0,1168±N/A (1),,RI 相差大
140-11-4 ,Ester,"Acetic acid, phenylmethyl ester",26.629,8785  ,1162.0,1164±2 (64),非靶确定,
35854-86-5,Alcohol,(6Z)-Nonen-1-ol(X),27.272,5362792  ,1172.0,1171±0 (6),,分低
7371-86-0,Others,"2,4-Diacetoxypentane(X)",28.444,139007 ,1189.0,,,分低，无 NIST RI
58648-38-7,Others,Unknown,29.106,557025  ,1198.0,,,
,Others,Acetaldehyde diisoamyl acetal(X),29.415,83036  ,1203.0,,,无 NIST RI
112-14-1,Ester,"Acetic acid, octyl ester",30.058,8164  ,1212.0,1210±3 (62),非靶确定,
4405-16-7,Others,Unknown,30.21,20434  ,1215.0,,,
97-72-3 ,Ester,Unknown,30.489,7346 ,1219.0,,,
105-72-6,Others,Ethylene glycol di-n-butyrate(X),31.504,135966  ,1234.0,,,无 NIST RI
97-72-3 ,Ester,Unknown,32.441,7346 ,1219.0,,,
103-45-7,Acid,"Acetic acid, 2-phenylethyl ester",32.868,7654  ,1254.0,1258±3 (76),非靶确定,
,Others,Unknown,35.355,,1291.0,,,
540-07-8,Ester,"Hexanoic acid, pentyl ester(X)",35.428,10886 ,1292.0,1287±3 (13),,分低
13049-88-2,Ester,(3Z)-3-Nonenyl acetate,35.531,71586960  ,1294.0,1292±N/A (1),非靶确定,
54211-14-2 ,Others,7-Methylenenorcarane(X),35.61,556458  ,1295.0,,,无 NIST RI
13757-90-9,Ketone,Unknown,37.454,26257 ,1323.0,,,
193695-14-6,Others,Unknown,37.969,91715050  ,1331.0,1345±4 (4),,分低，RI相差大
122-72-5,Ester,"3-Phenyl-1-propanol, acetate",40.22,31226 ,1366.0,1373±6 (14),非靶确定,
1009-61-6,Others,"Benzene, p-diacetyl-(X)",44.203,13888  ,1430.0,1461±10 (2),,RI 相差大
79-77-6,Terpene,trans-beta-Ionone,47.19,638014,1478.0,1486±4 (211),非靶确定,
5875-45-6,Alcohol,"Phenol, 2,5-bis(1,1-dimethylethyl)-",49.025,79983 ,1509.0,1514±N/A (1),非靶确定,
544-76-3,Alkane,Hexadecane(X),54.028,11006 ,1595.0,1600,,分低
629-78-7,Alkane,Heptadecane,59.506,12398 ,1694.0,1700,非靶确定,解卷积
593-45-3,Alkane,Octadecane,63.842,11635  ,1798.0,1800,非靶确定,解卷积
