CID,CAS,Class,RT,NAME
5281168,505-57-7,Aldehyde,7.186,2-Hexenal
5281168  ,6728-26-3 ,Aldehyde,7.573,"2-Hexenal, (E)-"
5281167,928-96-1,Alcohol,7.691,"3-Hexen-1-ol, (Z)-"
5318042 ,928-95-0,Alcohol,8.461,"2-Hexen-1-ol, (E)-"
8103 ,111-27-3,Alcohol,8.535,1-Hexanol
7501 ,100-42-5,Benzene derivatives,9.153,Styrene
17868,2867-05-2,Terpene,11.036,alpha-Thujene
6654 ,80-56-8,Terpene,11.331,alpha-Pinene
6616,79-92-5,Terpene,12.719,Camphene
18818,3387-41-5,Terpene,13.729,(+)-Sabinene
11449 ,585-25-1 ,Ketone,14.744,"2,3-Octanedione"
9862 ,110-93-0,Ketone,14.892,"5-Hepten-2-one, 6-methyl-"
31253,123-35-3,Terpene,15.053,beta-Myrcene
26049 ,13466-78-9,Terpene,16.005,3-Carene
7462 ,99-86-5,Terpene,16.476,alpha-Terpinene
17243 ,10094-40-3,Ester,16.893,"2-Hexen-1-ol, acetate"
102625 ,1461-27-4,Terpene,17.27,D-sylvestrene
2758,470-82-6 ,Others,17.393,Eucalyptol
5320250,3338-55-4,Terpene,18.271,beta-cis-Ocimene
5320249 ,502-99-8,Terpene,18.963,alpha-Ocimene
7461 ,99-85-4,Terpene,19.375,gamma-Terpinene
20055523 ,15537-55-0,Others,19.914,cis-Sabinene hydrate
6428573 ,5989-33-3,Furan,20.346,cis-Linalool oxide
6549 ,78-70-6,Terpene,22.548,Linalool
5368821,673-84-7,Terpene,24.726,Allo-Ocimene
5368821 ,3016-19-1,Terpene,25.442,"(4E,6E)-Allocimene"
101680 ,465-31-6,Terpene,25.917,Camphene hydrate
118623 ,34246-54-3,Benzene derivatives,26.835,"Benzaldehyde, 3-ethyl-"
1201518 ,464-45-9,Terpene,26.992,(-)-Borneol
17100 ,98-55-5,Terpene,28.654,alpha-Terpineol
4133 ,119-36-8 ,Acid,28.826,Methyl salicylate
12294,626-82-4,Acid,28.988,"Hexanoic acid, butyl ester"
8815 ,140-67-0,Benzene derivatives,29.174,Estragole
9895 ,432-25-7 ,Terpene,30.528,beta-Cyclocitral
643820,106-25-2 ,Terpene,31.259,cis-Geraniol
5352460 ,68698-59-9,Ester,32.49,trans-2-Hexenyl isovalerate
7654 ,103-45-7,Acid,33.093,"Acetic acid, 2-phenylethyl ester"
8294  ,115-95-7,Terpene,33.172,Linalyl acetate
11217478 ,107853-70-3,Ketone,34.521,(Z)-Undec-6-en-2-one
637563 ,104-46-1,Others,34.869,Anethole
 5144  ,94-59-7,Benzene derivatives,34.972,Safrole
92524 ,56752-50-2,Others,35.186,"2H-Pyran-3-ol, 6-ethenyltetrahydro-2,2,6-trimethyl-, acetate, trans-"
10886 ,540-07-8 ,Ester,35.359,"Hexanoic acid, pentyl ester"
8163 ,112-12-9,Ketone,35.634,2-Undecanone
442359 ,17699-14-8,Terpene,39.013,alpha-Cubebene
16212927 ,22469-52-9,Others,39.852,(+)-Cyclosativene
20055075 ,14912-44-8,Others,40.588,Ylangene
6918391,515-13-9 ,Terpene,42.128,(-)-beta-Elemene
5281515,87-44-5,Terpene,43.944,Caryophyllene
87529 ,18252-44-3,Others,44.472,beta-Copaene
12309452,29873-99-2,Terpene,44.565,gamma-Elemene
5317844 ,3691-12-1,Terpene,44.825,alpha-Guaiene
14190790  ,36577-33-0 ,Terpene,45.017,"Guaia-6,9-diene"
5281520 ,6753-98-6,Terpene,45.953,Humulene
10899740 ,25246-27-9,Terpene,46.086,Alloaromadendrene
91747213 ,157477-72-0,Others,46.174,"cis-Muurola-4(15),5-diene"
12313020,30021-74-0,Terpene,47.292,gamma-Muurolene
28237 ,17066-67-0 ,Terpene,47.822,beta-Eudesmene
15694800,54324-03-7,Others,47.935,Bicyclosesquiphellandrene
10856614,473-13-2,Terpene,48.317,alpha-Selinene
94275 ,3691-11-0,Terpene,48.798,alpha-Bulnesene
10104370 ,495-61-4,Terpene,49.048,beta-Bisabolene
92313,39029-41-9,Terpene,49.22,gamma-Cadinene
10657,523-47-7,Terpene,49.921,"Cadina-3,9-diene"
12306048  ,24406-05-1,Terpene,50.49,alpha-Cadinene
6432648 ,6813-21-4,Others,50.627,"Selina-3,7(11)-diene"
12302243 ,21391-99-1,Others,50.73,alpha-Calacorene
92138 ,639-99-6,Terpene,51.138,Elemol
5281519 ,15423-57-1,Terpene,51.388,Germacrene B
5284507 ,40716-66-3,Terpene,52.481,trans-Nerolidol
1742210 ,1139-30-6 ,Terpene,52.908,Caryophyllene oxide
 10704181 ,19888-34-7 ,Others,54.345,Humulene epoxide II
5316074 ,20129-39-9 ,Others,55.208,alpha-Corocalene
250159823,19431-79-9,Others,55.625,"Caryophylla-4(12),8(13)-dien-5alpha-ol"
3084331 ,19912-62-0,Terpene,56.253,alpha-epi-Muurolol
594234,,Others,59.76,"6-Isopropenyl-4,8a-dimethyl-1,2,3,5,6,7,8,8a-octahydro-naphthalen-2-ol"
44409528 ,28290-35-9,Others,64.233,Dehydrosaussurea lactone
