CAS,Class,Name,RT,CID,MSDIAL RI,NIST RI,Note,Unnamed: 8,Note.1
64-17-5,Alcohol,Ethanol,1.579,702,,427±19 (38),非靶确定,,解卷积
75-08-1,other,Ethanethiol,1.722, 6343 ,,517±3 (13),非靶确定,,
78-84-2,Aldehyde,"Propanal, 2-methyl-",1.849,6561,,552±4 (67),非靶确定,,
115-18-4,Alcohol,"3-Buten-2-ol, 2-methyl-(X)",2.129,8257,,614±6 (9),,分低,
590-86-3,Aldehyde,"Butanal, 3-methyl-",2.492,11552,,652±5 (213),非靶确定,,
96-17-3,Aldehyde,"Butanal, 2-methyl-",2.59,7284,,662±8 (146),非靶确定,,
616-25-1,Alcohol,1-Penten-3-ol,2.835,12020,,684±4 (58),非靶确定,,
3208-16-0,Furan,"Furan, 2-ethyl-",3.071,18554,,703±2 (57),非靶确定,,
108-88-3,Benzene Derivative,Toluene(X),4.351,1140,,763±8 (328),,分低,
868-57-5,other,"Butanoic acid, 2-methyl-, methyl ester",4.66,13357 ,,775±3 (46),非靶确定,,
66-25-1,Alcohol,Hexanal,5.263,6184,,800±2 (453),非靶确定,,
6728-26-3,Aldehyde,"2-Hexenal, (E)-",6.96,5281168,,854±3 (243),非靶确定,,
505-57-7,Aldehyde,2-Hexenal,7.304,5281168 ,,851±5 (53),非靶确定,,
4938-52-7,Alcohol,1-Hepten-3-ol,8.515,21057,880.0,883±2 (2),非靶确定,,
41239-48-9,Furan,"Furan, 2,5-diethyltetrahydro-",9.163,62913,896.0,897±1 (6),非靶确定,,
589-82-2,Alcohol,3-Heptanol(X),9.236,11520,897.0,877±8 (6),,RI相差大,
142-83-6,Aldehyde,"2,4-Hexadienal, (E,E)-",9.957,637564,911.0,911±3 (32),非靶确定,,
2867-05-2,Terpene,3-Thujene(X),10.958,17868,928.0,929±2 (488),,分低,
28634-89-1,other,2-Thujene,13.386,520384,969.0,966±12 (3),非靶确定,,
98-83-9,Benzene Derivative,alpha-Methylstyrene(X),13.94,7407 ,979.0,976±16 (19),,分低,
3391-86-4,Alcohol,1-Octen-3-ol,14.088,18827,981.0,980±2 (355),非靶确定,,
123-35-3,Terpene,beta-Myrcene,14.622,31253,990.0,991±2 (840),非靶确定,,
589-98-0,Alcohol,3-Octanol,15.044,11527,998.0,994±3 (124),非靶确定,,
,,Unknown,15.279,,1002.0,,,,
99-86-5,other,alpha-Terpinene(X),16.035,7462 ,1013.0,1017±2 (534),,分低,
527-84-4,Terpene,o-Cymene(X),16.589,10703 ,1021.0,1022±2 (114),,同分异构,
1461-27-4,other,D-sylvestrene,16.829,12304570 ,1025.0,1027±3 (19),非靶确定,,
470-82-6,other,Eucalyptol,16.986,2758,1027.0,1032±2 (580),非靶确定,,
104-76-7,Alcohol,"1-Hexanol, 2-ethyl-",17.251,7720 ,1031.0,1030±3 (86),非靶确定,,
3338-55-4,Terpene,beta-cis-Ocimene,17.717,5320250,1038.0,1038±2 (446),非靶确定,,
122-78-1,Aldehyde,Benzeneacetaldehyde,17.967,998 ,1042.0,1045±4 (378),非靶确定,,
3779-61-1,Terpene,trans-beta-Ocimene(x),18.37,5281553 ,1048.0,1049±2 (548),,分低,
99-85-4,Terpene,gamma-Terpinene,18.87,7461,1055.0,1060±3 (739),非靶确定,,
,,Unknown,19.699,,1067.0,,,,
5989-33-3,other,cis-Linalool oxide,19.851,6428573,1070.0,1074±4 (179),非靶确定,,
21964-44-3,Alcohol,1-Nonen-3-ol,20.68,89560 ,1082.0,1080±9 (8),非靶确定,,
586-62-9,Terpene,Terpinolene,20.827,11463,1084.0,1088±2 (607),非靶确定,,
1195-32-0,Benzene Derivative,p-Cymenene,20.95,62385,1086.0,1090±2 (106),非靶确定,,
624-51-1,Alcohol,3-Nonanol,21.754,12216,1098.0,1095±5 (2),非靶确定,,
78-70-6,Alcohol,Linalool,21.906,6549,1100.0,1099±2 (976),非靶确定,,
33933-72-1,other,"2,2,6-Trimethyl-3-keto-6-vinyltetrahydropyran",22.186,549336,1104.0,1108±1 (4),非靶确定,,
18368-95-1,other,"1,3,8-p-Menthatriene(X)",22.411,176983,1108.0,1119±N/A (1),,RI相差大,
464-45-9,Terpene,L-Borneol(x),26.056,1201518,1161.0,1166±7 (3),,同分异构,
562-74-3,Terpene,Terpinen-4-ol,26.885,11230 ,1173.0,1177±2 (764),非靶确定,,
,,Unknown,27.63,,1184.0,,,,
98-55-5,Terpene,alpha-Terpineol(X),27.988,17100 ,1189.0,1189±2 (811),,同分异构,
3792-53-8,Terpene,cis-Dihydrocarvone,28.297,443181,1193.0,1195±N/A (1),非靶确定,,
26532-23-0,other,Grandlure II(X),29.882,5365896,1217.0,1225±N/A (1),,分低,
18675-33-7,Alcohol,Neodihydrocarveol,30.102,443184,1220.0,1226±6 (3),非靶确定,,
2244-16-8,Terpene,D-Carvone(X),31.952,16724,1247.0,1246±7 (14),,同分异构,
,,Unknown,33.977,,1277.0,,,,
529-01-1,Terpene,"p-Mentha-1,8-dien-3-one",34.07,79036 ,1279.0,1272±2 (6),非靶确定,,
2111-75-3,Terpene,Perilla aldehyde,34.144,16441,1280.0,1272±4 (61),非靶确定,,
,,Unknown,32.399,,1283.0,,,,
72746-44-2,other,Dihydroedulan,34.654,522517 ,1287.0,1293±N/A (1),非靶确定,,
,,Unknown,34.87,,1290.0,,,,
72746-44-2,other,Dihydroedulan(X),34.983,522517,1292.0,1293±N/A (1),,分低,
2219-78-5,other,"Phenol, 2-ethyl-4,5-dimethyl-",35.974,247477,1307.0,1305±3 (4),非靶确定,,
81800-50-2,Terpene,Car-3-en-5-one,36.567,13502875,1316.0,1314±N/A (1),非靶确定,,
41678-32-4,other,Dihydroedulan II,37.013,11030688,1323.0,1318±0 (3),非靶确定,,
,,Unknown,37.234,,1327.0,,,,
57287-13-5,other,"(-)-8-p-Menthen-2-yl, acetate, trans",37.367,6553874,1329.0,1330±N/A (1),非靶确定,,
20307-84-0,other,delta-EIemene(X),37.641,89316,1333.0,1338±2 (220),,分低,
491-09-8,Terpene,Piperitenone,37.98,381152,1338.0,1340±4 (41),非靶确定,,
17699-14-8,Terpene,alpha-Cubebene,38.426,442359,1345.0,1351±2 (337),非靶确定,,
941-60-6,other,"1H-Indene, 2,3-dihydro-1,1,4,6-tetramethyl-(X)",38.607,523103,1348.0,1350±N/A (1),,分低,
,,Unknown,38.858,,1352.0,,,,
97-53-0,other,Eugenol,39.137,3314,1356.0,1357±3 (355),非靶确定,,
1205-42-1,other,cis-Carvyl acetate,39.505,102024,1362.0,1362±2 (26),非靶确定,,
14912-44-8,other,Ylangene,39.956,20055075,1369.0,1372±2 (170),非靶确定,,
121-98-2,other,"Benzoic acid, 4-methoxy-, methyl ester",40.246,8499 ,1373.0,1373±5 (7),非靶确定,,
,,Unknown,40.442,,1376.0,,,,
5208-59-3,Terpene,(-)-beta-Bourbonene(X),40.481,62566 ,1377.0,1384±3 (361),,分低,
23726-93-4,other,beta-Damascenone,40.702,5366074 ,1380.0,1386±5 (187),非靶确定,,
,,Unknown,41.011,,1385.0,,,,
,,Unknown,41.604,,1394.0,,,,
488-10-8,other,cis-Jasmone,41.712,1549018 ,1396.0,1394±3 (59),非靶确定,,
2387-78-2,Terpene,Cyperene(X),41.987,12308843,1400.0,1399±2 (44),,分低,
31499-72-6,Terpene,Dihydro-alpha-ionone(X),42.026,35821,1401.0,1406±0 (3),,分低,
,,Unknown,42.198,,1403.0,,,,
87-44-5,Terpene,Caryophyllene,42.566,5281515 ,1409.0,1419±3 (983),非靶确定,,
20479-06-5,other,beta-Ylangene,43.179,25244198,1419.0,1421±2 (26),非靶确定,,
469-61-4,Terpene,Cedr-8-ene(X),43.606,6431015,1426.0,1411±3 (93),,RI相差大,
,,Unknown,44.003,,1433.0,,,,
17334-55-3,Terpene,beta-Gurjunene,44.086,28481,1434.0,1432±3 (234),非靶确定,,
267665-20-3,other,"Cadina-3,5-diene(X)",44.268,91723677,1437.0,1458±N/A (1),,RI相差大,
6753-98-6,Terpene,Humulene(X),44.591,5281520,1442.0,1454±3 (792),,RI相差大,
157477-72-0,other,"cis-Muurola-4(15),5-diene(x)",45.214,91747213 ,1452.0,1463±4 (52),,RI相差大,
18794-84-8,Terpene,(E)-beta-Famesene,45.317,5281517,1454.0,1457±2 (253),非靶确定,,
,,Unknown,45.479,,1457.0,,,,
59550-35-5,other,Lavandulyl butyrate,45.911,88025427,1464.0,1460±N/A (1),非靶确定,,
30021-74-0,Terpene,gamma-Muurolene,46.151,6432308,1468.0,1477±3 (392),非靶确定,,
23986-74-5,Terpene,Germacrene D(X),46.313,5317570 ,1470.0,1481±3 (689),,RI相差大,
1203-08-3,Terpene,Dehydro-beta-ionone(X),46.75,5352711,1477.0,1485±1 (4),,分低,
140-26-1,other,"Isovaleric acid, phenethyl ester",46.995,8792,1481.0,1490±1 (18),非靶确定,,
4630-07-3,Terpene,Valencen,47.211,9855795,1485.0,1492±3 (152),非靶确定,,
16729-00-3,other,"Cadina-1(6),4-diene",47.485,71350312 ,1489.0,1481±N/A (1),非靶确定,,
629-62-9,Alkane,Pentadecane(X),47.902,12391 ,1496.0,1500,,分低,
39029-41-9,Terpene,gamma-Cadinene,48.309,92313,1503.0,1513±2 (485),非靶确定,,
483-77-2,Benzene Derivative,"Cadina-1,3,5-triene(x)",48.726,6429077,1510.0,1523±5 (145),,"分低,RI相差大",
483-77-2,Benzene Derivative,"Cadina-1,3,5-triene(x)",48.8,6429077,1511.0,1523±5 (145),,"分低,RI相差大",
523-47-7,Terpene,"Cadina-3,9-diene",48.947,10657 ,1514.0,1518±10 (30),非靶确定,,
24406-05-1,Terpene,alpha-Cadinene(X),49.678,12306048 ,1526.0,1538±1 (31),,RI相差大,
21391-99-1,other,alpha-Calacorene(X),49.962,12302243,1531.0,1542±3 (219),,RI相差大,
50277-34-4,other,beta-Calacorene(X),51.13,529621,1552.0,1563±3 (59),,RI相差大,
88728-58-9,other,Epiglobulol,52.645,11858788,1578.0,1585±5 (29),非靶确定,,
544-76-3,Alkane,Hexadecane,53.636,11006 ,1595.0,1600,非靶确定,,
73365-77-2,other,"Di-epi-1,10-cubenol(X)",54.043,12304220,1602.0,1614±3 (77),,RI相差大,
20129-39-9,other,alpha-Corocalene(x),54.553,5316074,1611.0,1623±4 (5),,RI相差大,
5937-11-1,Terpene,alpha-epi-Cadinol(X),55.515,160799 ,1629.0,1640±2 (241),,RI相差大,
473-15-4,Terpene,beta-Eudesmol(X),55.902,91457,1636.0,1649±2 (224),,RI相差大,
473-16-5,Terpene,alpha-Eudesmol,56.26,92762,1643.0,1653±2 (117),非靶确定,,
483-78-3,Terpene,Cadalene(X),57.349,10225,1662.0,1674±3 (86),,RI相差大,
629-78-7,Alkane,Heptadecane(X),59.11,12398,1695.0,1700,,分低,
593-45-3,Alkane,Octadecane(X),63.706,11635,1798.0,1800,,分低,
55012-72-1,other,5-Hydroxycalamenene,63.765,600417,1799.0,1801±N/A (1),非靶确定,,
,,Unknown,63.819,,1803.0,,,,
502-69-2,Terpene,"2-Pentadecanone, 6,10,14-trimethyl-(x)",64.319,10408,1850.0,1844±4 (20),,分低,
84-69-5,other,"Phthalic acid, diisobutyl ester",64.55,6782,1872.0,1870±4 (32),非靶确定,,
112-39-0,other,"Hexadecanoic acid, methyl ester",65.03,8181,1928.0,1926±2 (136),非靶确定,,
84-74-2 ,other,Dibutyl phthalate,65.285,3026 ,1969.0,1965±6 (40),非靶确定,,
596-84-9,Terpene,Manoyl oxide(X),65.442,6453839 ,1993.0,1992±5 (62),,分低,
