CAS,Class,Name,RT,CID,MSDIAL RI,NIST RI,Note,Note.1
64-17-5,Alcohol,Ethanol,1.57,702 ,,427±19 (38),非靶确定,
5076-19-7,Other,"Oxirane, trimethyl-(x)",1.673,21158,,668±0 (7),,分低
75-05-8,Other,Acetonitrile,1.678,6342  ,,444±6 (15),非靶确定,
64-19-7,Acid,Acetic acid,2.173,176 ,,610±10 (91),非靶确定,
2867-05-2,Terpene,3-Thujene,11.09,17868  ,928.0,929±2 (488),非靶确定,解卷积
3387-41-5,Terpene,Sabinen(X),13.586,18818  ,970.0,974±2 (619),,同分异构
123-35-3 ,Terpene,beta-Myrcene,14.789,31253  ,991.0,991±2 (840),非靶确定,
527-84-4,Terpene,o-Cymene(X),15.427,10703,1002.0,1022±2 (114),,RI 相差大
527-84-4,Terpene,o-Cymene(X),16.717,10703,1021.0,1022±2 (114),,同分异构
1461-27-4,Terpene,D-sylvestrene(X),16.981,102625 ,1025.0,1027±3 (19),,同分异构
99-85-4,Terpene,gamma-Terpinene,19.027,7461 ,1055.0,1060±3 (739),,RI 相差大
5989-33-3,Furan,cis-Linalool oxide(X),20.072,6428573,1070.0,1074±4 (179),,分低
1195-32-0,Terpene,p-Cymenene,21.126,62385  ,1087.0,1090±2 (106),非靶确定,
7212-40-0,Terpene,"1R,4R-p-Mentha-2,8-dien-1-ol",23.329,111274 ,1119.0,1123±4 (18),非靶确定,
539-70-8 ,Terpene,Myrcenon(X),25.467,6430826,1150.0,1145±3 (5),,分低
53783-87-2,Terpene,Bicyclo[2.2.1]hept-2-en-7-ol(X),26.728,40898 ,1168.0,1164±N/A (1),,分低
562-74-3,Terpene,Terpinen-4-ol(X),27.086,11230,1174.0,1177±2 (764),,分低
74410-10-9,Other,Dill ether,27.596,126537  ,1181.0,1186±2 (13),非靶确定,
1197-01-9,Terpene,"Benzenemethanol, alpha,alpha,4-trimethyl-",28.234,14529 ,1190.0,1183±2 (237),非靶确定,
3792-53-8,Terpene,cis-Dihydrocarvone,28.582,443181,1195.0,1195±N/A (1),非靶确定,
5948-04-9,Terpene,trans-Dihydrocarvone,29.224,22227 ,1205.0,1201±2 (50),非靶确定,
18675-33-7,Terpene,Neodihydrocarveol,30.151,443184  ,1219.0,1226±6 (3),非靶确定,
1197-06-4,Terpene,cis-Carveol,30.563,330573  ,1225.0,1229±3 (115),非靶确定,
18675-33-7,Terpene,Neodihydrocarveol(x),31.206,443184  ,1234.0,1226±6 (3),,RI 相差大
99-49-0,Terpene,Carvone(x),31.397,7439 ,1245.0,1242±4 (307),,同分异构
499-74-1,Other,Carvenone(x),32.692,10363 ,1256.0,1257±5 (14),,分低
529-01-1,Terpene,Isopiperitenon,33.536,79036,1269.0,1272±2 (6),非靶确定,
18383-49-8,Other,"Carvone oxide, cis-(X)",34.021,11030188  ,1276.0,1263±3 (4),,RI 相差大
1197-15-5,Terpene,alpha-Terpinen-7-al,34.232,526762 ,1279.0,1283±2 (21),非靶确定,
22580-90-1,Terpene,"1,4-p-Menthadien-7-al",34.801,6429112  ,1288.0,1288±10 (2),非靶确定,
536-60-7,Alcohol,p-Cymen-7-ol,35.076,325 ,1292.0,1289±2 (57),非靶确定,
81800-50-2,Other,Car-3-en-5-one(X),36.013,13502875 ,1306.0,1314±N/A (1),,分低，RI相差大
1946-00-5,Terpene,Limonene glycol(X),37.298,94217,1326.0,1321±0 (3),,分低
22539-72-6,Other,"p-Mentha-1,4-dien-7-ol(X)",37.465,519966 ,1329.0,1330±4 (5),,分低
491-09-8,Terpene,Piperitenone,38.014,381152,1337.0,1340±4 (41),非靶确定,
57709-95-2,Other,exo-2-Hydroxycineole acetate(X),38.107, 100954827  ,1338.0,1344±2 (4),,
77026-88-1,Other,"(1R,4R)-p-Mentha-2,8-diene, 1-hydroperoxide(X)",38.887,6431185 ,1351.0,,,无NIST RI
97-53-0,Other,Eugenol,39.191,3314  ,1355.0,1357±3 (355),非靶确定,
629-59-4,Alkane,Tetradecane(X),41.972,12389 ,1398.0,1400,,分低
87-44-5,Terpene,Caryophyllene(X),42.615,5281515 ,1409.0,1419±3 (983),,RI 相差大
,Other,Unkown,45.141,,1450.0,,,分低，无NIST RI
23986-74-5 ,Terpene,Germacrene D(X),46.416,5317570  ,1471.0,1481±3 (689),,RI 相差大
629-62-9,Alkane,Pentadecane(X),47.745, 12391  ,1492.0,1500,,分低
629-62-9,Alkane,Pentadecane,48.04, 12391  ,1497.0,1500,非靶确定,
607-91-0,Benzene Derivative,Myristicin,49.148,4276,1516.0,1519±4 (51),非靶确定,
93-28-7,Benzene Derivative,Aceteugenol(X),49.761,7136  ,1527.0,1524±2 (16),,同分异构
487-11-6,Benzene Derivative,Elemicin,51.478,10248  ,1556.0,1554±4 (56),非靶确定,
544-76-3 ,Alkane,Hexadecane(X),53.793,11006  ,1596.0,1600,,分低
484-31-1,Other,Dill apiol(X),55.181,10231  ,1621.0,1622±4 (36),,分低
523-80-8,Other,Apiol,58.325,10659 ,1678.0,1682±3 (19),非靶确定,
629-78-7,Alkane,Heptadecane,59.296,12398 ,1696.0,1700,非靶确定,
,Other,Unkown,60.096,,1713.0,,,
7350-11-0,Terpene,"alpha-Phellandrene, dimer(X)",63.475,6431154  ,1792.0,1801±N/A (1),,
593-45-3,Alkane,Octadecane(X),63.775, 11635 ,1799.0,1800,,分低
