 ,CAS,Class,RT,RI-NIST,RI-MSDIAL,NAME
6319,66-25-1 ,,5.474,800,800,Hexanal
29703,127-18-4,,5.714,814,807,Tetrachloroethylene
1155,6728-26-3 ,,7.46,854,848,"2-Hexenal, (E)-"
34991,928-96-1 ,,7.686,857,853,"3-Hexen-1-ol, (Z)-"
15378,100-41-4 ,,7.745,855,855,Ethylbenzene
15395,106-42-3 ,,8.113,865,863,p-Xylene
6810,928-95-0 ,,8.186,862,865,"2-Hexen-1-ol, (E)-"
6337,111-27-3 ,,8.284,868,867,1-Hexanol
15402,95-47-6,,9.202,887,889,o-Xylene
16236,2867-05-2 ,,11.345,929,928,"Bicyclo[3.1.0]hex-2-ene, 2-methyl-5-(1-methylethyl)-"
35245,10281-56-8 ,,12.199,943,942,"R(-)3,7-Dimethyl-1,6-octadiene"
12587,100-52-7 ,,13.057,962,957,Benzaldehyde
108484,527-84-4 ,,17.025,1022,1021,o-Cymene
72587,1461-27-4,,17.251,1027,1024,"Cyclohexene, 1-methyl-5-(1-methylethenyl)-, (R)-"
6771,104-76-7 ,,17.687,1030,1031,"1-Hexanol, 2-ethyl-"
72377,3338-55-4,,19.168,1038,1038,"1,3,6-Octatriene, 3,7-dimethyl-, (Z)-"
15248,122-78-1 ,,18.403,1045,1041,Benzeneacetaldehyde
16246,3779-61-1 ,,18.825,1049,1047,trans-beta-Ocimene
32876,34995-77-2 ,,21.145,1086,1086,trans-Linalool oxide (furanoid)
7838, 821-55-6 ,,21.864,1092,1093,2-Nonanone
42410,78-70-6,,22.325,1099,1099,Linalool
15271,60-12-8,,23.225,1116,1113,Phenylethyl Alcohol
23762,91-20-3,,27.128,1182,1173,Naphthalene
53319,50277-31-1 ,,27.624,1177,1176," 1,3,5,8-Undecatetraene"
21822,119-36-8 ,,28.61,1192,1190,Methyl salicylate
6933,112-31-2,,29.625,1206,1206,Decanal
92134,20548-00-9 ,,30.2,1242,1214,4-Methyleneisophorone
25392,432-25-7 ,,30.35,1220,1218,"1-Cyclohexene-1-carboxaldehyde, 2,6,6-trimethyl-"
21777,496-16-2 ,,31.75,1224,1231,"Benzofuran, 2,3-dihydro-"
10223,107853-70-3 ,,34.437,1274,1276,(Z)-Undec-6-en-2-one
7831,112-12-9 ,,35.58,1294,1293,2-Undecanone
12059, 110-42-9 ,,37.655,1325,1325,"Decanoic acid, methyl ester"
28886,95910-36-4 ,,40.235,1375,1365,isoledene
28897,3856-25-5 ,,40.421,1376,1368,Copaene
87999, 59742-39-1 ,,40.632,1372,1371,"1H-Indene, 2,3,3a,4-tetrahydro-3,3a,6-trimethyl-1-(1-methylethyl)-"
11154, 334-48-5 ,,41.319,1373,1382,n-Decanoic acid
108997,159407-35-9 ,,41.57,1391,1386,"(1S,5S)-2-Methyl-5-((R)-6-methylhept-5-en-2-yl)bicyclo[3.1.0]hex-2-ene"
96388,4493-42-9,,42.1,1386,1394,"2,4-Decadienoic acid, methyl ester, (E,Z)-"
109001,58319-06-5 ,,42.6,1402,1402,"(1R,5R)-2-Methyl-5-((R)-6-methylhept-5-en-2-yl)bicyclo[3.1.0]hex-2-ene"
108995,18252-46-5 ,,43.0,1415,1410,cis-alpha-Bergamotene
108994,13474-59-4 ,,44.497,1435,1432,trans-alpha-Bergamotene
16538,25532-78-9 ,,45.027,1448,1441,"Bicyclo[2.2.1]heptane, 2-methyl-3-methylene-2-(4-methyl-3-pentenyl)-, (1S-endo)-"
16226,6753-98-6 ,,45.198,1454,1444,Humulene
9857,18794-84-8 ,,45.929,1457,1455,(E)-beta-Famesene
109367, 451-55-8 ,,47.0,1480,1474,"1-Methyl-4-(6-methylhept-5-en-2-yl)cyclohexa-1,3-diene"
24362, 644-30-4 ,,47.376,1483,1479,"Benzene, 1-(1,5-dimethyl-4-hexenyl)-4-methyl-"
108996,495-60-3 ,,48.239,1495,1493,"1,3-Cyclohexadiene, 5-(1,5-dimethyl-4-hexenyl)-2-methyl-, [S-(R*,S*)]-"
9863,495-61-4 ,,48.951,1509,1505,beta-Bisabolene
28845,546-28-1 ,,49.779,1521,1519,"1H-3a,7-Methanoazulene, octahydro-3,8,8-trimethyl-6-methylene-, [3R-(3alpha,3abeta,7beta,8aalpha)]-"
73017,53585-13-0 ,,50.128,1533,1525,(E)-1-Methyl-4-(6-methylhept-5-en-2-ylidene)cyclohex-1-ene
37123,40716-66-3 ,,52.153,1564,1560," 1,6,10-Dodecatrien-3-ol, 3,7,11-trimethyl-, (E)-"
21390,6750-60-3 ,,52.595,1576,1568,"1H-Cycloprop[e]azulen-7-ol, decahydro-1,1,7-trimethyl-4-methylene-, [1ar-(1aalpha,4aalpha,7beta,7abeta,7balpha)]-"
11816, 489-41-8 ,,53.276,1580,1580,(-)-Globulol
38198,145512-84-1 ,,53.429,1581,1582,trans-Sesquisabinene hydrate
19973, 515-69-5 ,,58.569,1684,1675,alpha-Bisabolol
7105,2765-11-9 ,,60.398,1715,1702,Pentadecanal-
134641,30199-26-9,,62.335,1753,1760,"Phenol, 5-(1,5-dimethyl-4-hexenyl)-2-methyl-, (R)-"
