CID,CAS,RT,NAME
6319,66-25-1 ,5.459,Hexanal
1383,505-57-7 ,7.456,2-Hexenal
9276,928-97-2 ,7.652,"3-Hexen-1-ol, (E)-"
6810,928-95-0 ,8.172,"2-Hexen-1-ol, (E)-"
6337,111-27-3 ,8.299,1-Hexanol
18123,100-42-5 ,9.123,Styrene
15402,95-47-6 ,9.202,o-Xylene
17654,565-63-9 ,10.197,"2-Butenoic acid, 2-methyl-, (Z)-"
2527, 142-92-7 ,16.696,"Acetic acid, hexyl ester"
18806,526-73-8 ,16.775,"Benzene, 1,2,3-trimethyl-"
2863,2497-18-9 ,16.987,"2-Hexen-1-ol, acetate, (E)-"
72587,1461-27-4 ,17.26,"Cyclohexene, 1-methyl-5-(1-methylethenyl)-, (R)-"
21166,496-11-7 ,17.545,Indane
6771,104-76-7 ,17.687,"1-Hexanol, 2-ethyl-"
15248,122-78-1 ,18.384,Benzeneacetaldehyde
21629,1758-88-9 ,21.067,"Benzene, 2-ethyl-1,4-dimethyl-"
21643,95-93-2 ,23.382,"Benzene, 1,2,4,5-tetramethyl-"
21619, 488-23-3 ,25.5,"Benzene, 1,2,3,4-tetramethyl-"
23764,91-20-3 ,27.423,Naphthalene
9449,53398-84-8 ,28.439,"Butanoic acid, 3-hexenyl ester, (E)-"
21822,119-36-8 ,28.165,Methyl salicylate
25392,432-25-7 ,30.342,"1-Cyclohexene-1-carboxaldehyde, 2,6,6-trimethyl-"
13508,35154-45-1 ,31.784,cis-3-Hexenyl isovalerate
28886,95910-36-4 ,40.245,isoledene
28897,3856-25-5 ,40.421,Copaene
87999,59742-39-1 ,40.76,"1H-Indene, 2,3,3a,4-tetrahydro-3,3a,6-trimethyl-1-(1-methylethyl)-"
13503,31501-11-8 ,41.294,"Hexanoic acid, 3-hexenyl ester, (Z)-"
108997,159407-35-9 ,41.588,"(1S,5S)-2-Methyl-5-((R)-6-methylhept-5-en-2-yl)bicyclo[3.1.0]hex-2-ene"
29352,488-10-8 ,42.118," 2-Cyclopenten-1-one, 3-methyl-2-(2-pentenyl)-, (Z)-"
19028,489-29-2 ,42.506,"1H-Cyclopropa[a]naphthalene, 1a,2,3,3a,4,5,6,7b-octahydro-1,1,3a,7-tetramethyl-, [1aR-(1aalpha,3aalpha,7balpha)]-"
109001,58319-06-5 ,42.688,"(1R,5R)-2-Methyl-5-((R)-6-methylhept-5-en-2-yl)bicyclo[3.1.0]hex-2-ene"
73222,87-44-5 ,43.158,Caryophyllene
108994, 13474-59-4 ,44.62,trans-alpha-Bergamotene
16538,25532-78-9 ,45.1,"Bicyclo[2.2.1]heptane, 2-methyl-3-methylene-2-(4-methyl-3-pentenyl)-, (1S-endo)-"
9857,18794-84-8,46.022,(E)-beta-Famesene
165150,22567-17-5 ,46.405,"Azulene, 1,2,3,3a,4,5,6,7-octahydro-1,4-dimethyl-7-(1-methylethenyl)-, [1R-(1alpha,3abeta,4alpha,7beta)]-"
109367,451-55-8 ,47.146,"1-Methyl-4-(6-methylhept-5-en-2-yl)cyclohexa-1,3-diene"
21609,644-30-4 ,47.479,"Benzene, 1-(1,5-dimethyl-4-hexenyl)-4-methyl-"
112320,24703-35-3 ,48.04,"(1S,2E,6E,10R)-3,7,11,11-Tetramethylbicyclo[8.1.0]undeca-2,6-diene"
108996,495-60-3 ,48.455,"1,3-Cyclohexadiene, 5-(1,5-dimethyl-4-hexenyl)-2-methyl-, [S-(R*,S*)]-"
129545,28908-27-2,48.607,"(5R,10R)-10-Methyl-6-methylene-2-(propan-2-ylidene)spiro[4.5]dec-7-ene"
108231,190327-38-9 ,48.73,"(1S,7S,8aR)-1,8a-Dimethyl-7-(prop-1-en-2-yl)-1,2,3,7,8,8a-hexahydronaphthalene"
9863,495-61-4 ,49.093,beta-Bisabolene
109004,28976-67-2 ,49.205,"(R)-1-Methyl-4-(6-methylhept-5-en-2-yl)cyclohexa-1,4-diene"
10098,20307-83-9 ,49.915,"Cyclohexene, 3-(1,5-dimethyl-4-hexenyl)-6-methylene-, [S-(R*,S*)]-"
73017, 53585-13-0 ,50.196,(E)-1-Methyl-4-(6-methylhept-5-en-2-ylidene)cyclohex-1-ene
18956,24406-05-1 ,50.397,"Naphthalene, 1,2,4a,5,6,8a-hexahydro-4,7-dimethyl-1-(1-methylethyl)-, [1S-(1alpha,4abeta"
8390, 639-99-6 ,51.064,"Cyclohexanemethanol, 4-ethenyl-alpha,alpha,4-trimethyl-3-(1-methylethenyl)-, [1R-(1alpha,3alpha,4beta)]-"
37123,40716-66-3 ,52.124,"1,6,10-Dodecatrien-3-ol, 3,7,11-trimethyl-, (E)-"
11816,489-41-8 ,52.83,(-)-Globulol
3505,481-34-5 ,56.874,alpha-Cadinol
72430,88034-74-6 ,60.0,"Bergamotol, Z-alpha-trans-"
7105, 2765-11-9 ,60.413,Pentadecanal-
134641,30199-26-9 ,62.35,"Phenol, 5-(1,5-dimethyl-4-hexenyl)-2-methyl-, (R)-"
