CAS,Class,Name,RT,CID,MSDIAL RI,NIST RI,Note,Note.1
64-17-5,Alcohol,Ethanol,1.57,702 ,,427±19 (38),非靶确定,
75-05-8,Other,Acetonitrile(x),1.653,6342 ,,444±6 (15),,分低
124-63-0,Other,Methanesulfonyl chloride(x),1.81,31297,,828±N/A (1),,分低
64-19-7 ,Acid,Acetic acid,2.212,176 ,,610±10 (91),非靶确定,
815-06-5 ,Other,Unkown,3.115,69948 ,,,,无NIST RI
79-31-2 ,Acid,"Propanoic acid, 2-methyl-(X)",4.684,6590,,774±16 (37),,同分异构
66-25-1,Aldehye,Hexanal,5.386,6184 ,,800±2 (453),非靶确定,解卷积
503-74-2,Acid,"Butanoic acid, 3-methyl-",7.76,10430 ,,863±16 (120),非靶确定,解卷积
116-53-0,Acid,"Butanoic acid, 2-methyl-(X)",8.25,8314,871.0,861±14 (91),,分低
2867-05-2,Terpene,3-Thujene,11.08,17868,928.0,929±2 (488),非靶确定,
100-52-7,Aldehye,Benzaldehyde,12.974,240 ,960.0,962±3 (416),非靶确定,
3387-41-5,Terpene,Sabinen,13.514,18818  ,969.0,974±2 (619),非靶确定,
108-95-2,Benzene Derivative,Phenol(X),14.965,996 ,994.0,980±4 (94),,RI 相差大
142-62-1,Acid,Hexanoic acid(X),16.069,8892 ,1011.0,990±16 (133),,RI 相差大
527-84-4,Terpene,o-Cymene(X),16.716, 10703  ,1021.0,1022±2 (114),,同分异构
1461-27-4,Terpene,D-sylvestrene(X),16.942,102625,1024.0,1027±3 (19),,同分异构
104-76-7 ,Alcohol,"1-Hexanol, 2-ethyl-",17.418,7720,1031.0,1030±3 (86),非靶确定,
122-78-1,Aldehye,Benzeneacetaldehyde,18.183,998  ,1043.0,1045±4 (378),非靶确定,
99-85-4,Terpene,gamma-Terpinene,19.017,7461 ,1055.0,1060±3 (739),非靶确定,解卷积
108-39-4,Benzene Derivative,"Phenol, 3-methyl-(X)",19.512,342 ,1063.0,1075±5 (40),,RI 相差大
1072-83-9 ,Ketone,"Ethanone, 1-(1H-pyrrol-2-yl)-(X)",19.978,14079 ,1070.0,1064±5 (36),,分低
5989-33-3,Furan,cis-Linalool oxide(X),20.042,6428573,1071.0,1074±4 (179),,分低
586-62-9,Terpene,Terpinolene(X),20.969,11463 ,1084.0,1088±2 (607),,分低
1195-32-0,Terpene,p-Cymenene,21.092,62385  ,1086.0,1090±2 (106),非靶确定,
90-05-1,Benzene Derivative,"Phenol, 2-methoxy-",21.298,460  ,1089.0,1090±3 (130),非靶确定,解卷积
106-44-5 ,Alcohol,p-Cresol(X),21.563,2879,1093.0,1077±4 (102),,RI 相差大
78-70-6,Terpene,Linalool(X),22.073,6549,1101.0,1099±2 (976),,分低
124-19-6,Aldehye,Nonanal(X),22.377,31289  ,1105.0,1104±2 (556),,分低
60-12-8,Alcohol,Phenylethyl Alcohol,22.916,6054 ,1113.0,1116±5 (262),非靶确定,
460-01-5 ,Terpene,Cosmene,24.51,5368451,1136.0,1131±1 (4),非靶确定,
38451-64-8 ,Other,Albene(X),25.168,11084199 ,1146.0,1159±7 (2),,RI 相差大
507-70-0 ,Terpene,endo-Borneol(X),26.208,64685  ,1161.0,1167±2 (422),,分低
562-74-3,Terpene,Terpinen-4-ol,27.027,11230 ,1173.0,1177±2 (764),非靶确定,
,Other,Unkown,27.522,,1180.0,,,分低，无NIST RI
1197-01-9,Terpene,p-Cymen-8-ol(X),27.811,14529  ,1184.0,1183±2 (237),,分低
98-55-5,Terpene,alpha-Terpineol(X),28.027,17100 ,1187.0,1189±2 (811),,同分异构
1195-09-1 ,Benzene Derivative,2-Methoxy-5-methylphenol,28.43,14519  ,1193.0,1193±5 (4),非靶确定,解卷积
140-67-0,Benzene Derivative,Estragole,28.655,8815 ,1196.0,1196±1 (86),非靶确定,
5948-04-9,Terpene,trans-Dihydrocarvone(X),28.905,22227 ,1200.0,1201±2 (50),,分低
112-31-2,Aldehye,Decanal(X),29.332,8175,1206.0,1206±2 (406),,分低
5779-94-2,Aldehye,"Benzaldehyde, 2,5-dimethyl-",29.818,22015  ,1214.0,1208±0 (2),非靶确定,解卷积
106-22-9,Terpene,Citronellol,31.01,8842,1231.0,1228±3 (181),非靶确定,解卷积
122-03-2 ,Terpene,"Benzaldehyde, 4-(1-methylethyl)-",31.319,326,1236.0,1239±3 (122),非靶确定,
99-49-0,Terpene,Carvone(X),31.613,7439 ,1240.0,1242±4 (307),,同分异构
89-81-6,Terpene,Piperitone(X),32.309,6987 ,1251.0,1253±3 (129),,分低
103-45-7,Other,beta-Phenethyl acetate(X),32.721,7654 ,1257.0,1258±3 (76),,分低
5557-93-7 ,Other,"Styrene, o-isopropyl-alpha-methyl-",33.158,589341 ,1263.0,1261±N/A (1),非靶确定,
14371-10-9,Other,"Cinnamaldehyde, (E)-",33.388,637511  ,1267.0,1270±4 (24),非靶确定,
104-46-1,Benzene Derivative,Anethole,34.438,637563  ,1282.0,1286±2 (6),非靶确定,
536-60-7 ,Terpene,p-Cymen-7-ol,35.046,325 ,1291.0,1289±2 (57),非靶确定,
97-53-0,Other,Eugenol,39.171,3314  ,1355.0,1357±3 (355),非靶确定,
515-13-9,Terpene,beta-Elemen,41.128, 6918391  ,1385.0,1391±2 (521),非靶确定,
93-15-2 ,Other,Methyleugenol(X),42.438,7127 ,1406.0,1402±2 (165),,分低
87-44-5,Terpene,Caryophyllene(X),42.6,5281515 ,1408.0,1419±3 (983),,RI 相差大
127-41-3,Terpene,alpha-Ionone,43.468,5282108 ,1423.0,1426±4 (70),非靶确定,
13474-59-4,Terpene,trans-alpha-Bergamotene,43.87,6429302 ,1429.0,1435±3 (183),非靶确定,
17283-81-7,Terpene,"beta-Ionone, dihydro-",44.086,519382 ,1432.0,1433±3 (12),非靶确定,
5259-31-4,Other,Unkown,44.38,110637  ,1437.0,,,分低，无NIST RI
25532-78-9 ,Other,Epi-beta-Santalene,44.522,11106484 ,1440.0,1448±2 (9),非靶确定,
3796-70-1,Terpene,trans-Geranylacetone(X),45.19,1549778  ,1451.0,1453±2 (154),,分低
39850-88-9,Terpene,Unkown,45.513,,1456.0,,,分低，RI相差大
25246-27-9,Terpene,Alloaromadendrene(X),45.695,10899740  ,1459.0,1461±2 (343),,分低
82462-31-5,Other,"Eudesma-2,4,11-triene(X)",46.058,73015594  ,1465.0,1479±N/A (1),,RI 相差大
18431-82-8,Terpene,Chamigren(X),46.141,442353 ,1466.0,1476±2 (49),,RI 相差大
1405-16-9 ,Terpene,Patchoulene(X),46.347,101731,1469.0,1467±17 (3),,分低
18431-82-8 ,Terpene,Chamigren(X),46.533,442353,1472.0,1476±2 (49),,同分异构
17066-67-0,Terpene,beta-Eudesmene(X),46.671,28237  ,1475.0,1486±3 (349),,RI 相差大
483-75-0,Terpene,"Naphthalene, 1,2,4a,5,6,8a-hexahydro-4,7-dimethyl-1-(1-methylethyl)-",46.813,101708 ,1477.0,1485±10 (25),非靶确定,
79-77-6 ,Terpene,trans-beta-Ionone,46.99,638014  ,1480.0,1486±4 (211),非靶确定,
103827-22-1,Terpene,"4a,8-Dimethyl-2-(prop-1-en-2-yl)-1,2,3,4,4a,5,6,7-octahydronaphthalene",47.23,605019 ,1484.0,1492±N/A (1),非靶确定,
2345-24-6 ,Ester,"Propanoic acid, 2-methyl-, 3,7-dimethyl-2,6-octadienyl ester, (Z)-",47.554,5365991 ,1489.0,1487±4 (5),非靶确定,
495-61-4,Terpene,beta-Bisabolene(x),48.353,10104370 ,1502.0,1509±3 (312),,分低
2345-26-8,Terpene,Geranyl isobutyrate,48.917,6086514  ,1512.0,1514±2 (12),非靶确定,
17092-92-1,Benzene Derivative,"Actinidiolide, dihydro-(X)",49.221,27209  ,1517.0,1532±10 (26),,RI 相差大
93-28-7,Other,Aceteugenol(x),49.736,7136 ,1526.0,1524±2 (16),,同分异构
,,Unkown,52.174,,1568.0,,,分低，无NIST RI
51117-19-2,Terpene,"Butanoic acid, 2-methyl-, 3,7-dimethyl-2,6-octadienyl ester, (Z)-",52.552,6429034 ,1574.0,1576±5 (2),非靶确定,
194607-96-0,Other,cis-Eudesm-6-en-11-ol(X),52.782,527206  ,1578.0,1571±5 (2),,分低
544-76-3 ,Alkane,Hexadecane(X),53.798,11006 ,1598.0,1600,,分低
,Other,"Humulane-1,6-dien-3-ol(X)",54.057,5353015 ,1600.0,1619±0 (3),,分低，RI相差大
484-31-1,Benzene Derivative,Dill apiol(X),55.004,10231 ,1618.0,1622±4 (36),,分低
473-15-4,Terpene,beta-Eudesmol(X),55.49,91457 ,1627.0,1649±2 (224),,RI 相差大
473-15-4,Terpene,beta-Eudesmol(X),55.843,91457 ,1633.0,1649±2 (224),,RI 相差大
1460-73-7 ,Terpene,Agarospirol,56.238,21675005 ,1642.0,1645±3 (8),非靶确定,
21284-22-0 ,Terpene,Cubenol(X),56.441,11770062  ,1644.0,1642±3 (125),,分低
,Other,Aromadendrene oxide-(1)(X),56.971,528759  ,1653.0,1672±N/A (1),,分低，RI相差大
56134-03-3,Other,"1,8,11-Heptadecatriene, (Z,Z)-",57.143,5352709 ,1657.0,1665±N/A (1),非靶确定,
59149-01-8 ,Other,"Methyl (Z)-5,11,14,17-eicosatetraenoate(X)",57.398,5367364,1661.0,,,无NIST RI
3650-40-6,Terpene,Costal(x),57.829,14262762  ,1669.0,1691±N/A (1),,RI 相差大
4586-01-0 ,Terpene,alpha-Costal(x),58.06,11345005 ,1673.0,1695±N/A (1),,RI 相差大
206115-88-0,Other,Unkown,58.339,,1678.0,,,分低，无NIST RI
,Other,"6-Isopropenyl-4,8a-dimethyl-1,2,3,5,6,7,8,8a-octahydro-naphthalen-2-ol(X)",59.325,594234 ,1696.0,1690±0 (3),,分低
77-42-9,Terpene,beta-Santalol(X),59.968,6857681,1710.0,1715±10 (10),,分低
77-42-9,Terpene,beta-Santalol,60.414,6857681,1721.0,1715±10 (10),非靶确定,
56797-40-1,Aldehye,"7-Hexadecenal, (Z)-",63.769,5364438 ,1799.0,1798±N/A (1),非靶确定,
66964-63-4,Terpene,Callitrin(X),63.936,14038380  ,1811.0,1836±N/A (1),,分低，RI相差大
28290-35-9,Other,Dehydrosaussurea lactone(X),64.107,44409528  ,1827.0,1838±N/A (1),,分低，RI相差大
28290-35-9,Other,Dehydrosaussurea lactone(X),64.26,44409528  ,1842.0,1838±N/A (1),,分低
80367-94-8,Terpene,Bohlmann k2631,64.917,327378 ,1908.0,1916±N/A (1),非靶确定,
2221-82-1,Other,beta-Cyclocostunolide(X),65.216,442192,1955.0,1983±N/A (1),,分低，RI相差大
