CAS,Class,Name,RT,CID,MSDIAL RI,NIST RI,Note,Note.1
64-17-5,Alcohol,Ethanol,1.579,702 ,,427±19 (38),非靶确定,
5076-19-7,Other,"Oxirane, trimethyl-(x)",1.658,21158  ,,668±0 (7),,分低
420-12-2,Other,Thiirane,2.153,9865 ,,598±9 (2),非靶确定,解卷积
540-73-8 ,Other,"Hydrazine, 1,2-dimethyl-(X)",2.173,1322,,645±N/A (1),,分低
508-32-7,Terpene,Tricyclene(X),10.394,79035  ,916.0,925±2 (220),,"分低,RI相差大"
2867-05-2,Terpene,3-Thujene,10.801,17868  ,923.0,929±2 (488),非靶确定,
80-56-8,Terpene,alpha-Pinene,11.081,6654  ,928.0,937±3 (995),,RI 相差大
79-92-5,Terpene,Camphene(x),11.856,6616  ,941.0,952±2 (609),,RI 相差大
3387-41-5 ,Terpene,Sabinen,13.523,18818 ,970.0,974±2 (619),非靶确定,
123-35-3 ,Terpene,beta-Myrcene,14.764,31253  ,991.0,991±2 (840),非靶确定,解卷积
99-83-2,Terpene,alpha-Phellandrene,15.368,7460  ,1001.0,1005±2 (509),非靶确定,解卷积
13466-78-9,Terpene,3-Carene,15.716,26049  ,1006.0,1011±2 (336),非靶确定,
99-86-5,Terpene,alpha-Terpinen,16.226,7462  ,1014.0,1017±2 (534),非靶确定,解卷积
527-84-4,Terpene,o-Cymene(X),16.746, 10703  ,1021.0,1022±2 (114),,同分异构
1461-27-4,Terpene,D-sylvestrene(X),17.001,102625 ,1025.0,1027±3 (19),,同分异构
470-82-6,Other,Eucalyptol,17.128,2758  ,1027.0,1032±2 (580),非靶确定,
3779-61-1,Terpene,trans-beta-Ocimene(X),18.521,5281553  ,1048.0,1049±2 (548),,同分异构
99-85-4,Terpene,gamma-Terpinene,19.13,7461 ,1057.0,1060±3 (739),非靶确定,
15537-55-0,Other,cis-Sabinene hydrate,19.61,20055523 ,1064.0,1070±4 (50),非靶确定,
586-62-9,Terpene,Terpinolene(X),21.008,11463 ,1085.0,1088±2 (607),,同分异构
1195-32-0,Terpene,p-Cymenene,21.097,62385  ,1086.0,1090±2 (106),非靶确定,解卷积
546-79-2,Terpene,4-Thujanol(X),21.715,62367 ,1095.0,1075±7 (13),,RI 相差大
78-70-6,Terpene,Linalool,22.068,6549,1101.0,1099±2 (976),非靶确定,
18368-95-1,Other,"1,3,8-p-Menthatriene(X)",22.578,176983,1108.0,1119±N/A (1),,RI 相差大
29803-82-5,Other,cis-2-p-Menthen-1-ol,23.26,122485 ,1118.0,1122±3 (120),非靶确定,
460-01-5 ,Terpene,Cosmene,24.128,5368451  ,1131.0,1131±1 (4),非靶确定,
29803-81-4,Other,(E)-p-2-Menthen-1-ol,24.555,122484  ,1137.0,1140±4 (94),非靶确定,
513-20-2,Ketone,Sabina ketone,25.747,92784  ,1154.0,1156±2 (34),非靶确定,
18383-59-0,Other,cis-Chrysanthemyl alcohol(X),26.193,6993676 ,1161.0,1160±3 (7),,分低
562-74-3,Terpene,Terpinen-4-ol,27.272,11230 ,1176.0,1177±2 (764),非靶确定,
500-02-7,Ketone,Crypton,27.728,92780 ,1183.0,1184±4 (38),非靶确定,
1197-01-9,Benzene Derivative,p-Cymen-8-ol,27.826,14529  ,1184.0,1183±2 (237),非靶确定,
98-55-5,Terpene,alpha-Terpineol(X),28.076,17100 ,1188.0,1189±2 (811),,同分异构
16721-38-3,Terpene,cis-Piperitol,28.361,85567  ,1192.0,1195±2 (63),非靶确定,
515-00-4,Terpene,2-Pinen-10-ol,28.493,10582  ,1194.0,1195±2 (203),非靶确定,
99-48-9,Terpene,Carveol(X),28.827,7438 ,1199.0,1219±19 (11),,RI 相差大
16721-39-4,Terpene,trans-Piperitol,29.303,85568 ,1206.0,1208±3 (86),非靶确定,
,Other,Unkown,29.764,,1213.0,,,"分低,无NIST RI"
,Other,Unkown,30.063,,1217.0,,,"分低,无NIST RI"
122-03-2,Terpene,"Benzaldehyde, 4-(1-methylethyl)-",31.387,326,1237.0,1239±3 (122),非靶确定,
99-49-0,Terpene,Carvone(X),31.721,7439  ,1242.0,1242±4 (307),,分低
89-81-6,Terpene,Piperitone,32.285,6987  ,1250.0,1253±3 (129),非靶确定,
16400-69-4 ,Ketone,"2H-Pyran-2-one, 5,6-dihydro-6-propyl-",33.496,13949543 ,1268.0,1264±4 (2),非靶确定,
94-59-7,Benzene Derivative,Safrole,34.752,5144 ,1287.0,1287±2 (51),非靶确定,
94-58-6 ,Benzene Derivative,"1,3-Benzodioxole, 5-propyl-(X)",35.277,7197 ,1295.0,1286±0 (2),,RI 相差大
2219-78-5 ,Benzene Derivative,"Phenol, 2-ethyl-4,5-dimethyl-(x)",36.037,247477  ,1306.0,1305±3 (4),,分低
22539-72-6,Other,"p-Mentha-1,4-dien-7-ol",37.42,519966  ,1328.0,1330±4 (5),非靶确定,
120-58-1,Benzene Derivative,Isosafrole,37.852,637796  ,1335.0,1327±31 (6),非靶确定,
97-53-0,Other,Eugenol,39.245,3314  ,1356.0,1357±3 (355),非靶确定,
2785-87-7 ,Benzene Derivative,"Phenol, 2-methoxy-4-propyl-",39.775,17739 ,1364.0,1373±4 (19),非靶确定,
14912-44-8,Terpene,Ylangene(X),40.025,20055075 ,1368.0,1372±2 (170),,同分异构
4043-71-4,Benzene Derivative,beta-Isosafrole,40.152, 637796 ,1370.0,1374±N/A (1),非靶确定,
253-66-7,Benzene Derivative,Cinnoline(x),41.315, 9208 ,1388.0,,,无NIST RI
93-15-2,Other,Methyleugenol,42.418,7127 ,1405.0,1402±2 (165),非靶确定,
18794-84-8 ,Terpene,(E)-beta-Famesene,45.415,5281517 ,1454.0,1457±2 (253),非靶确定,
644-30-4,Terpene,alpha-Curcumene(X),46.818,92139  ,1477.0,1483±3 (162),,分低
495-60-3,Terpene,Zingiberene(X),47.598,92776  ,1490.0,1495±2 (93),,分低
6379-72-2 ,Benzene Derivative,trans-Methylisoeugenol(X),47.971, 637776  ,1496.0,1500±3 (14),,同分异构
502-61-4,Terpene,alpha-Farnesene,48.5,5281516  ,1505.0,1508±2 (262),非靶确定,
5875-45-6,Benzene Derivative,"Phenol, 2,5-di-tert-butyl-",48.922,79983  ,1512.0,1514±N/A (1),非靶确定,
20307-83-9,Other,beta-Sesquiphellandrene,49.211,519764  ,1517.0,1524±2 (114),,分低
487-11-6,Benzene Derivative,Elemicin,51.468,10248 ,1556.0,1554±4 (56),非靶确定,
6627-88-9,Benzene Derivative,Methoxyeugenol,54.092,226486 ,1601.0,1608±5 (14),非靶确定,
532-65-0,Ketone,aR-Turmerone(X),57.305,160512  ,1659.0,1664±5 (17),,分低
124-10-7,Ester,Methyl tetradecanoate,60.699,31284  ,1727.0,1725±2 (48),非靶确定,
1620-98-0 ,Aldehyde,"4-Formyl-2,6-di-tert-butylphenol(X)",62.352,73219,1766.0,1772±1 (4),,分低
544-63-8,Acid,Tetradecanoic acid,63.073,11005,1782.0,1768±5 (122),非靶确定,
593-45-3,Alkane,Octadecane,63.769,11635  ,1799.0,1800,非靶确定,解卷积
84-69-5,Acid,Diisobutyl phthalate,64.578,6782 ,1872.0,1870±4 (32),非靶确定,
629-92-5,Alkane,Nonadecane,64.848,12401  ,1898.0,1900,非靶确定,解卷积
1560-86-7,Other,"Nonadecane, 2-methyl-(x)",65.025,137081 ,1925.0,1963±1 (4),,RI 相差大
112-39-0 ,Ester,"Hexadecanoic acid, methyl ester",65.054,8181  ,1930.0,1926±2 (136),非靶确定,
112-95-8,Alkane,Eicosane,65.491,8222,1999.0,2000,非靶确定,
