CAS,Class,Name,RT,CID,MSDIAL RI,NIST RI,Note,Note.1
107-86-8,Aldehyde,"2-Butenal, 3-methyl-",5.031,61020 ,,782±5 (23),非靶确定,
2867-05-2,Terpene,3-Thujene,10.799,17868  ,923.0,929±2 (488),非靶确定,
80-56-8,Terpene,alpha-Pinene,11.079,6654,928.0,937±3 (995),非靶确定,
3387-41-5,Terpene,Sabinen,13.433,18818  ,968.0,974±2 (619),非靶确定,
123-35-3 ,Terpene,beta-Myrcene,14.753,31253  ,991.0,991±2 (840),非靶确定,
499-97-8,Terpene,Pseudolimonen,15.307,68140  ,1000.0,1004±3 (21),非靶确定,
99-83-2,Terpene,alpha-Phellandrene(X),15.361,7460  ,1000.0,1005±2 (509),,分低
13466-78-9,Terpene,3-Carene,15.699,26049 ,1006.0,1011±2 (336),非靶确定,
99-86-5,Terpene,alpha-Terpinene,16.17,7462 ,1013.0,1017±2 (534),非靶确定,
527-84-4 ,Terpene,o-Cymene(x),16.631,10703 ,1020.0,1022±2 (114),,分低
527-84-4 ,Terpene,o-Cymene(x),16.725,10703 ,1025.0,1022±2 (114),,同分异构
138-86-3 ,Terpene,Limonene(X),16.989, 22311 ,1025.0,1030±2 (1004),,同分异构
470-82-6,Other,Eucalyptol,17.087,2758  ,1027.0,1032±2 (580),非靶确定,
3338-55-4,Terpene,beta-cis-Ocimene(X),17.867,5320250,1038.0,1038±2 (446),,同分异构
3779-61-1,Terpene,trans-beta-Ocimene,18.505,5281553  ,1048.0,1049±2 (548),非靶确定,
99-85-4,Terpene,gamma-Terpinene,19.015,7461 ,1055.0,1060±3 (739),非靶确定,
5989-33-3,Furan,cis-Linalool oxide,20.035,6428573,1070.0,1074±4 (179),非靶确定,
586-62-9,Terpene,Terpinolene(X),20.987,11463 ,1085.0,1088±2 (607),,同分异构
1195-32-0,Terpene,p-Cymenene(X),21.129,62385  ,1087.0,1090±2 (106),,分低
93-58-3,Other,"Benzoic acid, methyl ester",21.713,7150  ,1095.0,1094±3 (86),非靶确定,
78-70-6,Terpene,Linalool,22.287,6549,1104.0,1099±2 (976),非靶确定,
29957-43-5,Other,"1,5,7-Octatrien-3-ol, 3,7-dimethyl-",22.434,5366264  ,1106.0,1107±1 (18),非靶确定,
21195-59-5,Other,"p-Mentha-1,5,8-triene(X)",22.591,527424  ,1108.0,1111±1 (58),,分低
29803-82-5,Other,cis-2-p-Menthen-1-ol(X),23.307,122485 ,1119.0,1122±3 (120),,分低
547-61-5,Alcohol,L-Pinocarveol,24.347,1201530 ,1134.0,1139±2 (234),非靶确定,
89-79-2,Terpene,Isopulegol(X),24.97,170833  ,1143.0,1146±3 (32),,分低
138-87-4,Terpene,beta-Terpineol(X),26.265,8748,1162.0,1153±9 (19),,RI 相差大
7299-42-5,Terpene,delta-Terpineol(X),26.436,81722 ,1164.0,1166±3 (35),,分低
39028-58-5 ,Other,"trans-Linalool 3,7-oxide(X)",26.672,6427788 ,1168.0,1173±4 (11),,同分异构
562-74-3,Terpene,Terpinen-4-ol,27.054,11230 ,1173.0,1177±2 (764),非靶确定,
500-02-7,Other,Crypton,27.746,92780 ,1183.0,1184±4 (38),非靶确定,
98-55-5,Terpene,alpha-Terpineol(X),28.129,17100 ,1189.0,1189±2 (811),,同分异构
140-67-0 ,Terpene,Estragole,28.688,8815  ,1197.0,1196±1 (86),非靶确定,
28587-54-4,Other,Unkown,29.757,557147,1213.0,,,分低，无NIST RI
1197-07-5,Other,trans-Carveol,30.135,5287883 ,1218.0,1217±2 (217),非靶确定,
1197-06-4,Terpene,cis-Carveol(X),30.708,330573 ,1227.0,1229±3 (115),,分低
1197-06-4,Terpene,cis-Carveol(X),30.919,330573 ,1230.0,1229±3 (115),,分低
99-49-0,Terpene,Carvone(X),31.758,7439  ,1242.0,1242±4 (307),,分低
25679-28-1,Other,cis-Anethole,32.303,1549040 ,1253.0,1254±8 (13),非靶确定,
115-95-7,Terpene,Linalyl acetate(X),32.749,8294  ,1257.0,1257±3 (153),,分低
104-46-1,Benzene Derivative,Anethole,34.652,637563  ,1285.0,1286±2 (6),非靶确定,
1896-62-4,Ketone,trans-Benzalacetone(X),36.884,637759 ,1320.0,1330±N/A (1),,分低，RI相差大
673-22-3 ,Aldehyde,"Benzaldehyde, 2-hydroxy-4-methoxy-(X)",37.727,69600,1333.0,1348±10 (4),,RI 相差大
20307-84-0,Other,delta-EIemene,38.105,89316  ,1338.0,1338±2 (220),非靶确定,
17699-14-8 ,Terpene,alpha-Cubebene(X),38.326,442359  ,1349.0,1351±2 (337),,分低
61499-22-7,Other,"Phenol, 4-(2-propenyl)-, acetate",38.968,523825  ,1352.0,1351±N/A (1),非靶确定,
141-12-8,Other,Nerol acetate,40.062,1549025 ,1369.0,1364±3 (151),非靶确定,
14912-44-8,Terpene,Ylangene(X),40.307,20055075 ,1373.0,1372±2 (170),,同分异构
121-98-2,Other,"Benzoic acid, 4-methoxy-, methyl ester",40.43,8499  ,1374.0,1373±5 (7),非靶确定,
122-84-9,Other,"2-Propanone, 1-(4-methoxyphenyl)-",41.092,31231 ,1385.0,1384±3 (7),非靶确定,
105-87-3,Other,Geranyl acetate,41.264,1549026  ,1387.0,1382±3 (206),非靶确定,
515-13-9,Terpene,beta-Elemen,41.386,6918391  ,1389.0,1391±2 (521),非靶确定,
5349-60-0 ,Other,"Benzenemethanol, alpha-ethyl-4-methoxy-",42.254,92218  ,1403.0,1406±N/A (1),非靶确定,
58319-06-5 ,Terpene,Sesquithujene,42.357,53439065  ,1405.0,1402±10 (6),非靶确定,
18252-46-5,Terpene,cis-alpha-Bergamotene,42.843,13889655,1412.0,1415±3 (61),非靶确定,
13474-59-4,Terpene,trans-alpha-Bergamotene,44.104,6429302  ,1433.0,1435±3 (183),非靶确定,
25532-78-9 ,Other,Epi-beta-Santalene(X),44.673,11106484  ,1442.0,1448±2 (9),,分低
6753-98-6,Terpene,Humulene(X),44.864,5281520  ,1445.0,1454±3 (792),,RI 相差大
,Other,Unkown,45.045,,1448.0,,,无NIST RI
18794-84-8,Terpene,(E)-beta-Famesene,45.511,5281517 ,1456.0,1457±2 (253),非靶确定,
,Other,Unkown,45.727,,1459.0,,,无NIST RI
157477-72-0,Other,"cis-Muurola-4(15),5-diene",46.169,91747213  ,1467.0,1463±4 (52),,分低
30021-74-0,Terpene,gamma-Muurolene,46.37,6432308,1470.0,1477±3 (392),非靶确定,
23986-74-5,Terpene,Germacrene D,46.536,5317570 ,1473.0,1481±3 (689),非靶确定,
1461-03-6 ,Terpene,beta-Himachalene(X),46.684,11586487,1475.0,1500±4 (49),,RI 相差大
68832-35-9,Other,9-epi-beta-Caryophyllene(X),46.904, 1268089,1478.0,1466±3 (24),,RI 相差大
24703-35-3,Other,Bicyclogermacren,47.473,91224  ,1488.0,1495±4 (368),非靶确定,
10208-80-7 ,Terpene,alpha-Muurolene,47.821,12306047  ,1493.0,1499±3 (427),非靶确定,
6379-72-2,Other,trans-Methylisoeugenol,48.072,637776  ,1498.0,1500±3 (14),非靶确定,
629-62-9 ,Alkane,Pentadecane,48.121,12391  ,1498.0,1500,非靶确定,解卷积
495-61-4 ,Terpene,beta-Bisabolene,48.464,10104370  ,1504.0,1509±3 (312),非靶确定,
502-61-4 ,Terpene,alpha-Farnesene,48.611,5281516  ,1507.0,1508±2 (262),非靶确定,
523-47-7,Terpene,"Cadina-3,9-diene(X)",49.185,10657,1517.0,1518±10 (30),,同分异构
16728-99-7,Other,Unkown,49.666,519298  ,1525.0,1533±4 (12),,RI 相差大
24406-05-1,Terpene,alpha-Cadinene(X),49.955, 12306048  ,1529.0,1538±1 (31),,同分异构
21391-99-1,Other,alpha-Calacorene,50.181,12302243  ,1534.0,1542±3 (219),非靶确定,
639-99-6,Terpene,Elemol,50.666,92138 ,1542.0,1549±2 (169),非靶确定,
40716-66-3,Terpene,(6E)-Nerolidol,51.736,5284507  ,1560.0,1564±2 (277),非靶确定,
6750-60-3,Terpene,Spathulenol(X),52.113,92231 ,1567.0,1576±2 (539),,同分异构
1139-30-6,Terpene,Caryophyllene oxide(X),52.344,1742210  ,1571.0,1581±2 (669),,RI 相差大
115754-78-4 ,Other,Unkown,52.834,584283  ,1579.0,,,分低，无NIST RI
1006-19-5,Other,Unkown,53.648,350589  ,1593.0,,,分低，无NIST RI
,Other,Unkown,53.977,,1599.0,,,分低，无NIST RI
39877-93-5,Other,Unkown,54.423,,1607.0,,,分低，无NIST RI
19431-79-9,Other,"Caryophylla-4(12),8(13)-dien-5alpha-ol(X)",55.38,,1624.0,1637±4 (25),,RI 相差大
5937-11-1,Terpene,alpha-epi-Cadinol(X),55.713,160799 ,1630.0,1640±2 (241),,RI 相差大
78259-41-3,Other,Unkown,55.914,5316879  ,1634.0,1684±N/A (1),,RI 相差大
,Other,Unkown,56.169,,1639.0,,,分低，无NIST RI
481-34-5,Terpene,alpha-Cadinol,56.469,10398656  ,1644.0,1653±2 (400),非靶确定,
35153-15-2,Alcohol,cis-9-Tetradecen-1-ol(x),57.553,5364712 ,1664.0,1667±N/A (1),,分低
78259-41-3,Other,1-(3-Methyl-2-butenoxy)-4-(1-propenyl)benzene,58.386,5316879  ,1679.0,1684±N/A (1),非靶确定,
92119-77-2,Other,Unkown,58.691,608451 ,1685.0,,,分低，无NIST RI
629-78-7,Alkane,Heptadecane,59.309, 12398 ,1696.0,1700,非靶确定,
29076-68-4,Other,Unkown,60.157,609836 ,1715.0,,,分低，无NIST RI
88919-66-8,Other,Unkown,61.339,612215 ,1742.0,,,分低，无NIST RI
51241-27-1,Other,Unkown,63.752,283246  ,1798.0,,,分低，无NIST RI
