CID,Class,CAS,RT ,Name
702,Alcohol,64-17-5 ,1.579,Ethanol
527,Aldehyde,123-38-6,1.663,Propanal
6348,Others,75-15-0,1.815,Carbon disulfide
1031,Alcohol,71-23-8,1.879,1-Propanol
14263,Others,1120-62-3,1.996,"Cyclopentene, 3-methyl-"
19754,Others,3877-15-4,3.355,2-Thiapentane
5364225,Others,52195-40-1,3.522,"1-Propene, 1-(methylthio)-, (Z)-"
12232,Others,624-92-0,3.983,"Disulfide, dimethyl"
1140,Benzene derivatives,108-88-3,4.513,Toluene
441491,Others,32157-29-2,4.576,"Propanethial, S-oxide"
8038,Ester,110-19-0,4.768,Isobutyl acetate
12024,Others,616-44-4,4.841,"Thiophene, 3-methyl-"
6184,Aldehyde,66-25-1,5.503,Hexanal
31272,Ester,123-86-4,6.087,Butyl acetate
5319754,Aldehyde,623-36-9,6.666,"2-Pentenal, 2-methyl-"
6428842,Others,137363-84-9 ,7.647,Propyldisulfane
79089,Others,632-15-5,8.196,"Thiophene, 3,4-dimethyl-"
61295,Aldehyde,2307-10-0 ,8.25,S-Propyl thioacetate
8103,Alcohol,111-27-3,8.329,1-Hexanol
34296,Others,638-00-6,8.53,"Thiophene, 2,4-dimethyl-"
8118,Others,111-47-7,9.202,Propyl sulfide
79089,Others,632-15-5,9.829,"Thiophene, 3,4-dimethyl-"
6164465,Others,23838-18-8,11.742,(Z)-1-Methyl-2-(prop-1-en-1-yl)disulfane
6616,Terpene,79-92-5,12.194,Camphene
525331,Others,288-26-6,12.571,"1,2-Dithiole"
5366552,Others,23838-19-9 ,12.591,(E)-1-Methyl-2-(prop-1-en-1-yl)disulfane
240,Benzene derivatives/Aldehyde,100-52-7,13.062,Benzaldehyde
19310,Others,3658-80-8,13.371,Dimethyl trisulfide
18827,Alcohol,3391-86-4 ,14.514,1-Octen-3-ol
996,Benzene derivatives/Alcohol,108-95-2 ,14.916,Phenol
7460,Others,99-83-2,15.735,alpha-Phellandrene
454,Aldehyde,124-13-0,15.926,Octanal
7462,Others,99-86-5,16.554,alpha-Terpinene
66841,Others,99-84-3,17.3,beta-Terpinen
2758,Others,470-82-6,17.476,Zineol
7720,Alcohol,104-76-7 ,17.726,Ethylhexanol
18756,Others,13877-91-3,18.241,beta-Ocimene
5283324,Aldehyde,2548-87-0,19.561,"2-Octenal, (E)-"
7410,Benzene derivatives/Ketone,98-86-2,19.904,Hypnon
957,Alcohol,111-87-5 ,20.654,1-Octanol
33937,Benzene derivatives,27831-13-6 ,21.493,"Styrene, 3,4-dimethyl-"
460,Benzene derivatives/Alcohol,90-05-1,21.567,o-Guaiacol
5320722,Others,23838-21-3 ,23.269,"Disulfide, (1E)-1-propen-1-yl propyl"
61926,Others,34135-85-8 ,24.554,"Trisulfide, methyl 2-propenyl"
529757,Others,116664-29-0,25.28,"4-Methyl-1,2,3-trithiolane"
5319765,Others,17619-36-2,25.461,"Trisulfide, methyl propyl"
91696592,Others,67230-81-3,26.349,(Z)-Prop-1-en-1-yl propanedithioate
61814,Benzene derivatives/Aldehyde,15764-16-6,27.874,"Benzaldehyde, 2,4-dimethyl-"
62341,Ester,93-92-5,28.948,alpha-Methylbenzyl acetate
643779,Aldehyde,106-26-3,31.999,Neral
5283345,Aldehyde,3913-81-3,33.436,"2-Decenal, (E)-"
638011,Aldehyde,141-27-5,34.04,(E)-Citral
8158,Acid,112-05-0,34.952,Nonanoic acid
75189,Ketone,2216-87-7,35.305,3-Undecanone
7055,Benzene derivatives,91-57-6 ,35.972,"Naphthalene, 2-methyl-"
22383,Others,6028-61-1,37.331,"Trisulfide, dipropyl"
9017,Ester,150-84-5,39.553,Cephreine
20055075,Others,14912-44-8,40.499,Ylangene
1549026,Ester,105-87-3,41.505,Geranyl acetate
11052747,Others,92692-39-2 ,45.747,"Amorpha-4,11-diene"
5281517,Terpene,18794-84-8 ,45.884,(E)-beta-Famesene
6428861,Terpene,451-55-8,47.086,gamma-Curcumene
92139,Terpene,644-30-4,47.312,alpha-Curcumene
15694800,Terpene,54324-03-7,47.856,(-)-Bicyclosesquiphellandrene
92776,Terpene,495-60-3,48.141,alpha-Zingiberene
10104370,Terpene,495-61-4,48.862,beta-Bisabolene
5281516,Terpene,502-61-4 ,48.989,alpha-Farnesene
5352437,Terpene,53585-13-0,50.161,(E)-gamma-Bisabolene
12302243,Benzene derivatives,21391-99-1,50.617,alpha-Calacorene
5352728,Others,143193-11-7,53.717,"Disulfide, 1-(1-propenylthio)propyl propyl"
11006,Alkane,544-76-3,54.281,Cetane
3102,Benzene derivatives/Ketone,119-61-9,55.296,Benzophenone
528871,Others,126876-33-3 ,56.861,"3,4-Dimethyl-2-(propyldisulfanyl)thiophene"
11806119,Others,153001-05-9,57.194,"(E)-3,4-Dimethyl-2-(prop-1-en-1-yldisulfanyl)thiophene"
