CID,CAS,Class,RT,NAME
702,64-17-5,Alcohol,1.594,Alcohol
31260,123-51-3,Alcohol,3.812,Isopentyl alcohol
8723,137-32-6,Alcohol,3.895,"1-Butanol, 2-methyl-"
6184,66-25-1,Aldehyde,5.558,Hexanal
7500 ,100-41-4,Benzene derivatives,8.246,p-Xylene
8314,116-53-0,Acid,8.457,"Butanoic acid, 2-methyl-"
7237 ,95-47-6,Benzene derivatives,9.354,o-Xylene
17868  ,2867-05-2,Terpene,11.218,alpha-Thujene
82227,7785-70-8,Terpene,11.517,(R)-alpha-Pinene
31253  ,123-35-3,Terpene,15.279,beta-Myrcene
7460,99-83-2,Terpene,15.927,alpha-Phellandrene
454,124-13-0,Aldehyde,16.049,Octanal
22311 ,138-86-3,Terpene,17.81,D-Limonene
5320250 ,3338-55-4,Terpene,18.517,beta-cis-Ocimene
998,122-78-1,Aldehyde/Benzene derivatives,18.693,Benzeneacetaldehyde
7461,99-85-4,Terpene,19.762,gamma-Terpinene
957,111-87-5,Alcohol,20.812,1-Octanol
6549,78-70-6,Terpene,22.852,Linalool
31289,124-19-6,Aldehyde,23.0,Nonanal
15406,1632-73-1,Terpene/Alcohol,23.343,Fenchol
111274,7212-40-0,Alcohol,23.833,"(E)-p-Mentha-2,8-dien-1-ol"
5368451,460-01-5,Terpene,24.726,Cosmene
8748,138-87-4,Terpene,25.467,beta-Terpinol
170833,89-79-2,Terpene,26.144,Isopulegol
6321405,124-76-5,Terpene,26.801,Isoborneol
11230,562-74-3,Terpene,27.723,4-Terpineol
17100,98-55-5,Terpene,28.787,alpha-Terpineol
8175,112-31-2,Aldehyde,29.92,Decanal
22015,5779-94-2,Aldehyde/Benzene derivatives,30.146,"Benzaldehyde, 2,5-dimethyl-"
8164,112-14-1,Acid,30.465,"Acetic acid, octyl ester"
5287883,1197-07-5,Alcohol,30.612,trans-Carveol
643820,106-25-2,Terpene/Alcohol,31.382,Nerol
8842,106-22-9,Terpene/Alcohol,31.529,Citronellol
5362876,5944-20-7,Alcohol,31.784,(Z)-iso-Geraniol
643779,106-26-3,Terpene/Aldehyde,32.181,Neral
6987,89-81-6,Terpene/Ketone,32.863,Piperitone
637566,106-24-1,Terpene/Alcohol,33.251,Geraniol
16441,2111-75-3,Terpene/Aldehyde,34.192,Perillaldehyde
8174,112-30-1,Alcohol,34.448,1-Decanol
34627,29548-13-8,Terpene/Alcohol,35.37,"p-Mentha-1(7),8(10)-dien-9-ol"
86753,13835-75-1,Alcohol,35.713,(+)-p-Menta-1-en-9-ol
10819,536-59-4,Terpene/Alcohol,35.904,Perilla alcohol
8186,112-44-7,Aldehyde,36.66,Undecanal
89316,20307-84-0,Others,38.371,delta-EIemene
442359,17699-14-8,Terpene,39.112,alpha-Cubebene
1549025,141-12-8,Ester,40.441,Nerol acetate
1549026,105-87-3,Ester,41.682,Geranyl acetate
6918391,515-13-9,Terpene,41.849,beta-Elemene
8194,112-54-9,Aldehyde,43.134,Dodecanal
5281522,118-65-0,Terpene,43.325,cis-Caryophyllene
12309452,29873-99-2,Others,44.39,gamma-Elemene
61780,15111-96-3,Ester,44.679,Perilla acetate
87529,18252-44-3,Others,45.062,cis-beta-Copaene
5281520,6753-98-6,Terpene,45.405,Humulene
91747213,157477-72-0,Others,46.013,"cis-Muurola-4(15),5-diene"
28237,17066-67-0,Terpene,47.387,beta-Selinene
90805 ,22567-17-5,Others,47.539,gamma-Gurjunene
94275  ,3691-11-0,Terpene,48.681,alpha-Bulnesene
5281516,502-61-4,Terpene,49.201,alpha-Farnesene
12302243,21391-99-1,Benzene derivatives,50.805,alpha-Calacorene
92138,639-99-6,Alcohol,51.271,Elemol
