CID,CAS,Class,RT,NAME
702,64-17-5,Alcohol,1.57,Ethanol
12020 ,616-25-1,Alcohol,2.855,1-Penten-3-ol
7288,96-22-0,Ketone,3.075,3-Pentanone
11428 ,584-02-1,Alcohol,3.1,3-Pentanol
179,513-86-0 ,Ketone,3.291,Acetoin
31260,123-51-3,Alcohol,3.777,"1-Butanol, 3-methyl-"
8723,137-32-6,Alcohol,3.85,"1-Butanol, 2-methyl-"
5364919,1576-95-0,Alcohol,4.665,"2-Penten-1-ol, (Z)-"
643139 ,4440-65-7,Aldehyde,5.4,3-Hexenal
5281168  ,6728-26-3 ,Aldehyde,7.48,"2-Hexenal, (E)-"
5281167,928-96-1,Alcohol,7.966,"3-Hexen-1-ol, (Z)-"
5318042 ,928-95-0,Alcohol,8.265,"2-Hexen-1-ol, (E)-"
8103 ,111-27-3,Alcohol,8.387,1-Hexanol
7501 ,100-42-5,Benzene derivatives,9.172,Styrene
8051 ,110-43-0,Ketone,9.305,2-Heptanone
10976,543-49-7,Alcohol,9.888,2-Heptanol
79035 ,508-32-7,Terpene,10.663,Tricyclene
17868,2867-05-2,Terpene,11.08,alpha-Thujene
6654 ,80-56-8,Terpene,11.458,alpha-Pinene
6616,79-92-5,Terpene,12.203,Camphene
524198 ,36262-09-6,Others,12.547,"2,4(10)-Thujadiene"
18818,3387-41-5,Terpene,14.195,(+)-Sabinene
523035 ,92760-25-3,Others,14.896,"2,3-Dehydro-1,8-cineole"
31253,123-35-3,Terpene,15.156,beta-Myrcene
79044 ,554-61-0,Terpene,15.485,2-Carene
7460 ,99-83-2,Terpene,15.71,alpha-Phellandrene
26049 ,13466-78-9,Terpene,16.054,3-Carene
7462 ,99-86-5,Terpene,16.544,alpha-Terpinene
102625 ,1461-27-4,Terpene,17.486,D-sylvestrene
2758,470-82-6 ,Others,14.579,Eucalyptol
80018 ,5921-82-4,Ester,18.653,"2-Heptanol, acetate"
5281553,3779-61-1,Terpene,18.869,trans-beta-Ocimene
7461 ,99-85-4,Terpene,19.516,gamma-Terpinene
20055523 ,15537-55-0,Others,19.938,cis-Sabinene hydrate
957  ,111-87-5,Alcohol,20.669,1-Octanol
11463,586-62-9,Terpene,21.478,Terpinolene
6549 ,78-70-6,Terpene,22.474,Linalool
527424,21195-59-5,Others,22.916,"p-Mentha-1,5,8-triene"
15406 ,1632-73-1,Terpene,23.122,Fenchol
5368451 ,460-01-5,Others,24.47,Cosmene
159055 ,464-49-3 ,Others,25.226,(+)-2-Bornanone
101680 ,465-31-6,Terpene,25.329,Camphene hydrate
6321405,124-76-5 ,Terpene,25.912,Isoborneol
6427105 ,547-60-4,Terpene,26.158,trans-3-Pinanone
121719 ,30460-92-5,Terpene,26.31,Pinocarvone
11038,15358-88-0,Terpene,27.06,"3-Pinanone, cis"
11230 ,562-74-3,Terpene,27.614,Terpinen-4-ol
14529 ,1197-01-9,Terpene,28.149,p-Cymen-8-ol
17100 ,98-55-5,Terpene,28.478,alpha-Terpineol
61130 ,564-94-3,Terpene,28.654,Myrtenal
10582,515-00-4 ,Terpene,28.791,2-Pinen-10-ol
31234 ,122-97-4,Alcohol,31.244,3-Phenylpropanol
6987,89-81-6,Terpene,32.588,Piperitone
10819 ,536-59-4,Terpene,35.688,"p-Mentha-1,8-dien-7-ol"
351031,1619-26-7,Others,36.026,Isoascaridol
442359 ,17699-14-8,Terpene,38.895,alpha-Cubebene
16212927 ,22469-52-9,Others,39.768,(+)-Cyclosativene
20055075 ,14912-44-8,Others,40.578,Ylangene
93081 ,13744-15-5,Terpene,41.411,beta-Cubebene
6918391 ,515-13-9,Terpene,41.568,(-)-beta-Elemene
6435882 ,61444-38-0 ,Ester,41.593,cis-3-Hexenyl cis-3-hexenoate
25203064 ,41432-70-6,Others,42.324,beta-Longipinene
87529  ,20479-06-5 ,Others,43.697,beta-Ylangene
5282108 ,127-41-3,Terpene,43.834,alpha-Ionone
5281520 ,6753-98-6,Terpene,45.164,Humulene
10899740 ,25246-27-9,Terpene,45.605,Alloaromadendrene
5281517,18794-84-8,Terpene,45.836,(E)-beta-Famesene
12313020,30021-74-0,Terpene,46.733,gamma-Muurolene
28237 ,17066-67-0 ,Terpene,47.199,beta-Eudesmene
15694800,54324-03-7,Others,47.483,Bicyclosesquiphellandrene
12306047 ,10208-80-7,Terpene,48.151,alpha-Muurolene
12391,629-62-9,Alkane,48.494,Pentadecane
5281516,502-61-4,Terpene,48.984,alpha-Farnesene
6429077,483-77-2,Terpene,49.509,L-calamenene
12306048  ,24406-05-1,Terpene,50.274,alpha-Cadinene
12302243 ,21391-99-1,Others,50.549,alpha-Calacorene
5284507,40716-66-3,Terpene,52.069,E-Nerolidol
5367706 ,25152-85-6,Ester,52.329,cis-3-Hexenyl benzoate
1742210 ,1139-30-6 ,Terpene,52.702,Caryophyllene oxide
11996452 ,552-02-3,Terpene,53.869,Viridiflorol
10704181 ,19888-34-7,Others,54.198,Humulene epoxide II
12304220  ,73365-77-2,Others,55.365,"Di-epi-1,10-cubenol"
12046149 ,19912-67-5,Terpene,56.145,Epicubenol
3084311 ,19435-97-3,Alcohol,56.42,delta-Cadinol
90805,22567-17-5,Terpene,57.906,gamma-Gurjunene
12398 ,629-78-7,Alkane,59.696,Heptadecane
8418 ,120-12-7,Benzene derivatives,62.678,Anthracene
984 ,629-80-1,Aldehyde,64.115,Hexadecanal
