CID,CAS,Class,RT,NAME
5953,141-79-7 ,,5.42,"3-Penten-2-one, 4-methyl-"
1154,6728-26-3,,7.23,"2-Hexenal, (E)-"
9276,928-97-2 ,,7.686,"3-Hexen-1-ol, (E)-"
6337,111-27-3 ,,8.432,1-Hexanol
51446,100-52-7,,13.042,Benzaldehyde
7101,3391-86-4 ,,14.47,1-Octen-3-ol
2156,110-93-0 ,,14.9,"5-Hepten-2-one, 6-methyl-"
16192,123-35-3 ,,15.088,beta-Myrcene
72587,1461-27-4 ,,17.26,"Cyclohexene, 1-methyl-5-(1-methylethenyl)-, (R)-"
1300,100-51-6 ,,17.967,Benzyl alcohol
1553,122-78-1 ,,18.369,Benzeneacetaldehyde
32877,5989-33-3 ,,20.314,"2-Furanmethanol, 5-ethenyltetrahydro-alpha,alpha,5-trimethyl-, cis-"
32876,34995-77-2 ,,21.415,trans-Linalool oxide (furanoid)
42410, 78-70-6 ,,22.366,Linalool
42239,29957-43-5 ,,22.685,"1,5,7-Octatrien-3-ol, 3,7-dimethyl-"
15271,60-12-8 ,,23.156,Phenylethyl Alcohol
55916,51276-34-7 ,,28.699,"(E)-2,6-Dimethylocta-3,7-diene-2,6-diol"
25392,432-25-7 ,,30.342,"1-Cyclohexene-1-carboxaldehyde, 2,6,6-trimethyl-"
37118,106-25-2 ,,31.141,"2,6-Octadien-1-ol, 3,7-dimethyl-, (Z)-"
130365,33746-71-3 ,,31.308,"(Z)-2,6-Dimethylocta-2,5,7-trien-4-one"
13520,35154-45-1 ,,31.509,cis-3-Hexenyl isovalerate
1335,106-26-3 ,,31.946,Neral
19579,472-66-2 ,,32.755,"1-Cyclohexene-1-acetaldehyde, 2,6,6-trimethyl-"
36965,106-24-1 ,,33.034,Geraniol
9838,141-27-5 ,,33.971,"2,6-Octadienal, 3,7-dimethyl-, (E)-"
91848, 472-65-1 ,,37.871,"1-Cyclohexene-1-ethanol, 2,6,6-trimethyl-"
22406,702-23-8 ,,40.107,2-(4-Methoxyphenyl)ethanol
29352,488-10-8 ,,42.054,"2-Cyclopenten-1-one, 3-methyl-2-(2-pentenyl)-, (Z)-"
22426,17283-81-7 ,,44.58,"2-Butanone, 4-(2,6,6-trimethyl-1-cyclohexen-1-yl)-"
2893,3796-70-1 ,,45.556,"5,9-Undecadien-2-one, 6,10-dimethyl-, (E)-"
14276,706-14-9 ,,46.513,"2(3H)-Furanone, 5-hexyldihydro-"
30922,79-77-6 ,,47.514,trans-beta-Ionone
29008,523-47-7 ,,49.51,"Naphthalene, 1,2,4a,5,8,8a-hexahydro-4,7-dimethyl-1-(1-methylethyl)-, "
28429,21391-99-1 ,,50.535,alpha-Calacorene
