CID,Class,CAS,Name,RT 
6568,Others,75-18-3 ,Dimethyl sulfide,1.741
176,Alcohol,78-92-2,2-Butanol,2.104
11552  ,Acid,64-19-7,Acetic acid,2.237
7284,Aldehyde,590-86-3,"Butanal, 3-methyl-",2.551
15394 ,Alcohol,616-25-1,1-Penten-3-ol,2.874
18554,Ketone,96-22-0 ,3-Pentanone,3.095
12988 ,Furan,3208-16-0,"Furan, 2-ethyl-",3.144
31260 ,Alcohol,763-32-6,"3-Buten-1-ol, 3-methyl-",3.718
12232,Alcohol,123-51-3 ,"1-Butanol, 3-methyl-",3.796
5364752,Others,624-92-0,"Disulfide, dimethyl",3.953
6276,Aldehyde,1576-87-0,"2-Pentenal, (E)-",4.253
5364919 ,Alcohol,71-41-0,1-Pentanol,4.601
6184 ,Alcohol,1576-95-0,"2-Penten-1-ol, (Z)-",4.709
5281168,Aldehyde,66-25-1,Hexanal,5.454
5281168 ,Aldehyde,505-57-7,2-Hexenal,7.6
5281167,Aldehyde,6728-26-3,"2-Hexenal, (E)-",7.681
5318042 ,Alcohol,928-96-1,"3-Hexen-1-ol, (Z)-",7.9
8103 ,Alcohol,928-95-0,"2-Hexen-1-ol, (E)-",8.3
7966 ,Alcohol,111-27-3,1-Hexanol,8.579
7501,Alcohol,108-93-0,Cyclohexanol,8.986
8133 ,Benzene derivative,100-42-5 ,Styrene,9.192
637564  ,Alcohol,111-76-2 ,"Ethanol, 2-butoxy-",10.138
,Aldehyde,142-83-6,"2,4-Hexadienal, (E,E)-",10.256
17868 ,Ester,33467-73-1,"3-Hexen-1-ol, formate, (Z)-",11.271
24006 ,Terpene,2867-05-2,alpha-Thujene,11.365
19310 ,Benzene derivative,100-52-7,Benzaldehyde,13.047
,Others,3658-80-8,Dimethyl trisulfide,13.336
18827,Alcohol,111-70-6,1-Heptanol,13.945
246728 ,Alcohol,3391-86-4,1-Octen-3-ol,14.45
31253 ,Ketone,106-68-3,3-Octanone,14.862
20745 ,Terpene,123-35-3,beta-Myrcene,15.068
5283321  ,Alcohol,1569-60-4 ,"5-Hepten-2-ol, 6-methyl-",15.313
5363388,Furan,70424-14-5,trans-2-(2-Pentenyl)furan,15.701
8908 ,Acid,3681-71-8 ,"3-Hexen-1-ol, acetate, (Z)-",16.24
57349892 ,Ester,142-92-7,"Acetic acid, hexyl ester",16.691
102625,Ester,72237-36-6,"4-Hexen-1-ol, acetate",16.888
7720  ,Terpene,1461-27-4,D-sylvestrene,17.27
79926 ,Alcohol,104-76-7,"1-Hexanol, 2-ethyl-",17.663
998,Alcohol,100-51-6 ,Benzyl alcohol,17.962
5281553  ,Aldehyde,122-78-1 ,Benzeneacetaldehyde,18.379
7409 ,Terpene,3779-61-1,trans-beta-Ocimene,18.84
5282707 ,Alcohol,98-85-1,"Benzenemethanol, alpha-methyl-",19.678
8176 ,Alcohol,26001-58-1,"2-Octen-1-ol, (Z)-",20.345
99939 ,Acid,104-57-4 ,Benzyl formate,20.713
31289,Terpene,78-70-6,Linalool,22.45
6054 ,Alcohol,1960-12-8,Phenylethyl Alcohol,23.161
5364631,Alcohol,10340-23-5,"3-Nonen-1-ol, (Z)-",26.172
8785,Benzene derivative,140-11-4 ,"Acetic acid, phenylmethyl ester",26.756
8914 ,Alcohol,143-08-8,1-Nonanol,27.497
4133 ,Acid,119-36-8,Methyl salicylate,28.669
9895 ,Terpene,432-25-7,beta-Cyclocitral,30.337
637566 ,Terpene,624-15-7,"2,6-Octadien-1-ol, 3,7-dimethyl-",33.039
5281515  ,Terpene,87-44-5 ,Caryophyllene,43.03
638014,Terpene,79-77-6,trans-beta-Ionone,47.376
12391,Alkane,629-62-9,Pentadecane,48.44
12398 ,Alkane,629-78-7,Heptadecane,59.697
11635 ,Alkane,593-45-3,Octadecane,63.9
10408 ,Terpene,502-69-2,"2-Pentadecanone, 6,10,14-trimethyl-",64.45
8181 ,Ester,112-39-0 ,"Hexadecanoic acid, methyl ester",65.122
