CAS,Class,Name,RT,CID,MSDIAL RI,NIST RI,Note,Note.1
64-17-5,Alcohol,Ethanol,1.584,702 ,,427±19 (38),非靶确定,
64-19-7,Acid,Acetic acid,2.139,176,,610±10 (91),非靶确定,
100-52-7 ,Aldehyde,Benzaldehyde,12.68,240  ,955.0,962±3 (416),非靶确定,
123-35-3 ,Terpene,beta-Myrcene(X),14.774,31253  ,991.0,991±2 (840),,分低
470-82-6,Other,Eucalyptol,17.055,2758  ,1026.0,1032±2 (580),非靶确定,
104-76-7,Alcohol,"1-Hexanol, 2-ethyl-",17.443,7720 ,1032.0,1030±3 (86),非靶确定,
100-51-6,Alcohol,Benzyl alcohol,17.977,244 ,1040.0,1036±4 (174),非靶确定,解卷积
122-78-1,Aldehyde,Benzeneacetaldehyde(X),18.286,998,1044.0,1045±4 (378),,分低
98-86-2,Ketone,Acetophenone(X),19.782,7410  ,1067.0,1065±4 (134),,分低
1195-32-0,Terpene,p-Cymenene(X),21.161,62385  ,1087.0,1090±2 (106),,分低
78-70-6,Terpene,Linalool,22.048,6549,1100.0,1099±2 (976),非靶确定,
62560-53-6,Other,"Tricyclo[2.2.1.0(2,6)]heptan-3-ol, 4,5,5-trimethyl-(X)",24.633,565572 ,1138.0,1149±0 (2),,分低，RI 相差大
89-79-2,Terpene,Isopulegol,24.888,170833  ,1142.0,1146±3 (32),非靶确定,
464-45-9,Terpene,L-Borneol,26.218,1201518  ,1161.0,1166±7 (3),非靶确定,解卷积
562-74-3,Terpene,Terpinen-4-ol,27.047,11230 ,1173.0,1177±2 (764),非靶确定,
98-55-5,Terpene,alpha-Terpineol(X),28.072,17100 ,1188.0,1189±2 (811),,同分异构
140-67-0 ,Terpene,Estragole,28.808,8815  ,1199.0,1196±1 (86),非靶确定,
106-22-9,Terpene,Citronellol,31.049,8842  ,1232.0,1228±3 (181),非靶确定,
122-03-2,Terpene,"Benzaldehyde, 4-(1-methylethyl)-",31.397,326 ,1237.0,1239±3 (122),非靶确定,
89-81-6,Terpene,Piperitone,32.373,6987  ,1252.0,1253±3 (129),非靶确定,
104-46-1,Benzene Derivative,Anethole,34.728,637563  ,1287.0,1286±2 (6),非靶确定,
10235-63-9,Terpene,gamma-Terpinyl acetate(X),38.642,82480 ,1347.0,1341±13 (3),,
97-53-0,Other,Eugenol,39.339,3314  ,1358.0,1357±3 (355),非靶确定,
14912-44-8,Terpene,Ylangene(X),39.707,20055075 ,1363.0,1372±2 (170),,分低，RI 相差大
3856-25-5,Terpene,Copaene(X),39.996,12303902  ,1368.0,1376±2 (698),,分低
105-87-3,Other,Geranyl acetate(X),41.149,1549026  ,1386.0,1382±3 (206),,分低
629-59-4,Alkane,Tetradecane(X),41.973,12389 ,1398.0,1400,,分低
512-61-8 ,Terpene,alpha-Santalene(X),42.856,94164  ,1413.0,1420±3 (26),,分低
13474-59-4,Other,trans-alpha-Bergamotene,43.881, 6429302 ,1429.0,1435±3 (183),非靶确定,
3691-12-1,Terpene,alpha-Guaiene,43.944,5317844  ,1430.0,1439±2 (125),非靶确定,
489-39-4,Terpene,Aromandendrene,44.479,11095734 ,1439.0,1440±1 (5),非靶确定,
6753-98-6,Terpene,Humulene(X),44.685,5281520  ,1442.0,1454±3 (792),,RI 相差大
18431-82-8,Terpene,beta-Chamigrene(X),46.667,442353  ,1475.0,1476±2 (49),,分低
644-30-4,Terpene,alpha-Curcumene(X),46.838,92139 ,1477.0,1483±3 (162),,分低
17066-67-0,Terpene,beta-Eudesmene,47.241, 28237  ,1484.0,1486±3 (349),非靶确定,
6980-46-7,Other,gamma-Amorphene(X),47.608,12313019 ,1490.0,1496±1 (19),,分低
629-62-9 ,Alkane,Pentadecane(X),48.055,12391 ,1497.0,1500,,分低
39029-41-9,Terpene,gamma-Cadinene(X),48.437,92313 ,1504.0,1513±2 (485),,RI 相差大
5875-45-6,Benzene Derivative,"Phenol, 2,5-bis(1,1-dimethylethyl)-",48.884,79983,1511.0,1514±N/A (1),非靶确定,
523-47-7,Terpene,"Cadina-3,9-diene",49.165,10657,1515.0,1518±10 (30),非靶确定,
483-76-1,Terpene,delta-Cadinene(X),49.556,441005,1523.0,1524±2 (751),,分低
56633-28-4,Other,(-)-alpha-Panasinsen,49.924,578929 ,1529.0,1527±8 (5),非靶确定,
21391-99-1,Other,alpha-Calacorene(X),50.144,12302243  ,1533.0,1542±3 (219),,RI 相差大
6846-50-0,Alcohol,Kodaflex txib(X),53.568,23284  ,1592.0,1588±N/A (1),,分低
544-76-3,Alkane,Hexadecane(X),53.813,11006 ,1596.0,1600,,分低
629-78-7,Alkane,Heptadecane(X),59.292,12398,1696.0,1700,,分低
593-45-3,Alkane,Octadecane,63.775,11635 ,1799.0,1800,非靶确定,
629-92-5,Alkane,Nonadecane,64.854,12401 ,1899.0,1900,非靶确定,
112-39-0 ,Ester,"Hexadecanoic acid, methyl ester(X)",65.085,8181  ,1935.0,1926±2 (136),,分低
112-95-8,Alkane,Eicosane(X),65.497,8222 ,2000.0,2000,,分低
