CAS,Class,Name,RT,CID,MSDIAL RI,NIST RI,Note,Unnamed: 8,Note.1
75-07-0,Aldehyde,Acetaldehyde(X),1.496,177,,404±23 (15),,分低,
75-00-3,other,Ethyl Chloride,1.555,6337,,422±8 (10),非靶确定,,
64-17-5,Alcohol,Ethanol,1.575,702,,427±19 (38),非靶确定,,解卷积
503-30-0,other,Trimethylene oxide,1.653,10423,,542±2 (3),非靶确定,,
123-72-8,Aldehyde,Butanal,2.026,261 ,,593±5 (41),非靶确定,,
78-92-2,Alcohol,2-Butanol(X),2.07,6568,,598±8 (33),,分低,
115-18-4,Alcohol,"3-Buten-2-ol, 2-methyl-",2.119,8257,,614±6 (9),非靶确定,,
616-25-1,Alcohol,1-Penten-3-ol,2.786,12020 ,,684±4 (58),非靶确定,,
1629-58-9,Ketone,1-Penten-3-one,2.845,15394,,681±3 (26),非靶确定,,
110-62-3,Aldehyde,Pentanal(X),2.992,8063,,699±5 (147),,分低,
3208-16-0,Furan,"Furan, 2-ethyl-",3.041,18554,,703±2 (57),非靶确定,,
1487-18-9,Furan,2-Vinylfuran,3.453,73881,,725±9 (8),非靶确定,,
123-51-3,Alcohol,"1-Butanol, 3-methyl-",3.664,31260,,736±5 (154),非靶确定,,
1576-87-0,Aldehyde,"2-Pentenal, (E)-(X)",3.88,5364752,,754±5 (30),,分低,
1576-87-0,Aldehyde,"2-Pentenal, (E)-",4.081,5364752,,754±5 (30),非靶确定,,
1576-95-0,Alcohol,"2-Penten-1-ol, (Z)-",4.518,5364919 ,,767±2 (22),非靶确定,,
4440-65-7,Aldehyde,3-Hexenal,5.293,643139,,810±8 (2),非靶确定,,
66-25-1,Alcohol,Hexanal,5.337,6184,,800±2 (453),非靶确定,,
505-57-7,Aldehyde,2-Hexenal,7.647,5281168 ,,851±5 (53),非靶确定,,
928-96-1,Alcohol,"3-Hexen-1-ol, (Z)-",7.74,5281167,,857±3 (169),非靶确定,,
928-95-0,Alcohol,"2-Hexen-1-ol, (E)-",8.054,5318042,869.0,862±6 (63),非靶确定,,
111-27-3,Alcohol,1-Hexanol,8.133,8103,871.0,868±4 (223),非靶确定,,
,,Unknown,8.358,,876.0,,,,
100-42-5,Benzene Derivative,Styrene,8.903,7501,889.0,893±5 (91),非靶确定,,
95-47-6,Benzene Derivative,o-Xylene(X),8.962,7237 ,891.0,887±8 (178),,分低,
36901-84-5,other,"cis,cis-2,7-Nonadiene(X)",9.432,5365754 ,902.0,901±N/A (1),,分低,
111-71-7,Aldehyde,Heptanal(X),9.521,8130,903.0,901±2 (292),,分低,
142-83-6,other,"2,4-Hexadienal, (E,E)-",10.011,637564 ,912.0,911±3 (32),非靶确定,,
52896-95-4,other,"Heptane, 2,3,4-trimethyl-(X)",11.547,93280 ,938.0,933±0 (4),,分低,
4245-35-6,other,Acrylic acid isoamyl ester(X),11.821,77920 ,943.0,940±1 (4),,分低,
57266-86-1,other,"2-Heptenal, (Z)-(X)",12.552,5362616 ,955.0,958±6 (19),,同分异构,
100-52-7,Aldehyde,Benzaldehyde,12.645,240,957.0,962±3 (416),非靶确定,,
20697-55-6,other,4-Oxohex-2-enal,13.219,3014106,966.0,957±N/A (1),非靶确定,,
26456-76-8,other,"2-Hexene, 3,5,5-trimethyl-(X)",13.724,5365055,975.0,985±4 (3),,分低,
98-83-9,Benzene Derivative,alpha-Methylstyrene(X),13.95,7407,979.0,976±16 (19),,分低,
3391-86-4,Alcohol,1-Octen-3-ol,14.097,18827 ,982.0,980±2 (355),非靶确定,,
110-93-0,Ketone,"5-Hepten-2-one, 6-methyl-",14.509,9862,989.0,986±2 (222),非靶确定,,
123-35-3,Terpene,beta-Myrcene,14.642,31253,991.0,991±2 (840),非靶确定,,
70424-13-4,Furan,cis-2-(2-Pentenyl)furan,15.279,5370006,1002.0,1002±1 (7),非靶确定,,
3681-82-1,other,"3-Hexen-1-ol, acetate, (E)-(X)",15.848,5352557,1010.0,1005±1 (19),,同分异构,
4313-03-5,other,"2,4-Heptadienal, (E,E)-(X)",15.961,5283321 ,1012.0,1012±4 (108),,分低,
,,Unknown,16.275,,1016.0,,,,
527-84-4,Terpene,o-Cymene(X),16.564,10703,1021.0,1022±2 (114),,同分异构,
527-84-4,Terpene,o-Cymene(X),16.599,10703,1021.0,1022±2 (114),,同分异构,
,other,(S)-3-Ethyl-4-methylpentanol(X),16.707,59911029 ,1023.0,1023±2 (2),,分低,
1461-27-4,other,"m-Mentha-6,8-diene, (R)-(+)-",16.815,12304570,1024.0,1027±3 (19),非靶确定,,
4505-38-8,other,"1,4-Cyclohex-2-enedione(X)",17.202,138275,1030.0,1032±4 (4),,分低,
104-76-7,Alcohol,"1-Hexanol, 2-ethyl-",17.256,7720,1031.0,1030±3 (86),非靶确定,,
,,Unknown,17.585,,1036.0,,,,
122-78-1,Aldehyde,Benzeneacetaldehyde,17.957,998 ,1041.0,1045±4 (378),非靶确定,,
61568-48-7,other,3-Ethylthiane(X),18.124,568097,1044.0,1047±0 (2),,分低,
3779-61-1,Terpene,trans-beta-Ocimene(X),18.365,5281553 ,1048.0,1049±2 (548),,同分异构,
,,Unknown,18.894,,1055.0,,,,
98-86-2 ,Ketone,Acetophenone(X),19.507,7410,1065.0,1065±4 (134),,分低,
19860-68-5,other,2-Methyl-6-methyleneoct-7-en-4-one(X),20.067,12402006 ,1073.0,1084±1 (2),,分低,
586-62-9,Terpene,Terpinolene,20.827,11463,1084.0,1088±2 (607),非靶确定,,
1195-32-0,Benzene Derivative,p-Cymenene,20.954,62385,1086.0,1090±2 (106),非靶确定,,
78-70-6,Terpene,Linalool,21.93,6549,1101.0,1099±2 (976),非靶确定,,
29957-43-5,other,"1,5,7-Octatrien-3-ol, 3,7-dimethyl-",22.23,5366264 ,1105.0,1107±1 (18),非靶确定,,
60-12-8,Alcohol,Phenylethyl Alcohol,22.75,6054,1113.0,1116±5 (262),非靶确定,,
543-39-5,Alcohol,Myrcenol(X),23.426,10975,1122.0,1117±9 (15),,分低,
7643-59-6,other,cis-Ocimenol,25.594,13547825,1154.0,1157±N/A (1),非靶确定,,
34246-54-3,other,"Benzaldehyde, 3-ethyl-",25.992,118623,1160.0,1168±N/A (1),非靶确定,,
18383-58-9,other,trans-Chrysanthemol(X),26.595,6993677,1169.0,1163±0 (2),,分低,
98-55-5,Terpene,alpha-Terpineol(X),27.895,17100,1187.0,1189±2 (811),,同分异构,
119-36-8,other,Methyl salicylate,28.135,4133,1191.0,1192±2 (145),非靶确定,,
112-31-2,Aldehyde,Decanal,29.141,8175,1206.0,1206±2 (406),非靶确定,,
29548-14-9,Terpene,p-Menth-1-en-9-al(X),29.465,520440,1210.0,1229±5 (9),,RI相差大,
29548-14-9,Terpene,p-Menth-1-en-9-al(X),29.622,520440,1213.0,1229±5 (9),,RI相差大,
432-25-7,Terpene,beta-Cyclocitral,29.788,9895,1215.0,1220±3 (75),非靶确定,,
624-15-7,Terpene,"2,6-Octadien-1-ol, 3,7-dimethyl-",32.618,637566,1257.0,1260±N/A (1),非靶确定,,
,,Unknown,33.541,,1271.0,,,,
,,Unknown,36.052,,1308.0,,,,
17699-14-8,Terpene,alpha-Cubebene,38.279,442359,1343.0,1351±2 (337),非靶确定,,
14912-44-8,other,Ylangene,39.912,20055075,1368.0,1372±2 (170),非靶确定,,
5208-59-3,Terpene,(-)-beta-Bourbonene,40.349,62566,1375.0,1384±3 (361),非靶确定,,
23726-93-4,other,beta-Damascenone,40.579,5366074 ,1378.0,1386±5 (187),非靶确定,,
13744-15-5,Terpene,beta-Cubebene,40.8,93081 ,1382.0,1389±2 (261),非靶确定,,
2387-78-2,Terpene,Cyperene(x),41.928,12308843 ,1399.0,1399±2 (44),,同分异构,
87-44-5,Terpene,Caryophyllene(X),42.438,5281515 ,1407.0,1419±3 (983),,RI相差大,
18252-44-3,other,beta-Copaene(X),43.081,49868219 ,1418.0,1432±3 (71),,RI相差大,
3691-12-1,Terpene,alpha-Guaiene(X),43.527,5317844,1425.0,1439±2 (125),,分低，RI相差大,
3691-12-1,Terpene,alpha-Guaiene,43.782,5317844,1429.0,1439±2 (125),非靶确定,,
17334-55-3,Terpene,beta-Gurjunene,44.032,28481,1433.0,1432±3 (234),非靶确定,,
,Terpene,"cis-muurola-3,5-diene(X)",44.39,51351708 ,1439.0,1454±N/A (1),,RI相差大,
,,Unknown,44.508,,1441.0,,,,
25246-27-9,Terpene,Alloaromadendrene(X),44.95,10899740 ,1448.0,1461±2 (343),,RI相差大,
25246-27-9,Terpene,Alloaromadendrene,45.71,10899740 ,1461.0,1461±2 (343),非靶确定,,
157477-72-0,other,"cis-Muurola-4(15),5-diene",45.877,91747213 ,1463.0,1463±4 (52),非靶确定,,
30021-74-0,other,gamma-Muurolene,46.083,6432308,1467.0,1477±3 (392),非靶确定,,
22567-17-5,Terpene,gamma-Gurjunene,46.627,90805,1475.0,1473±2 (85),非靶确定,,
54324-03-7,Terpene,Bicyclosesquiphellandrene,46.823,15694800,1479.0,1489±6 (11),非靶确定,,
21747-46-6,Terpene,Viridiflorene(X),47.093,10910653 ,1483.0,1493±4 (112),,同分异构,
10208-80-7,Terpene,alpha-Muurolene,47.544,12306047,1490.0,1499±3 (427),非靶确定,,
3691-11-0,Terpene,alpha-Bulnesene(X),47.804,94275,1494.0,1505±3 (51),,RI相差大,
39029-41-9,Terpene,gamma-Cadinene(X),48.265,92313,1502.0,1513±2 (485),,RI相差大,
483-77-2,Terpene,"Cadina-1,3,5-triene",48.898,6429077 ,1513.0,1523±5 (145),非靶确定,,
523-47-7,Terpene,"Cadina-3,9-diene",48.991,10657,1515.0,1518±10 (30),非靶确定,,
29837-12-5,Terpene,Cubenene(X),49.433,6427091,1522.0,1532±1 (119),,RI相差大,
24406-05-1,Terpene,alpha-Cadinene(X),49.668,12306048,1526.0,1538±1 (31),,RI相差大,
21391-99-1,other,alpha-Calacorene(X),49.938,12302243,1531.0,1542±3 (219),,RI相差大,
50277-34-4,other,beta-Calacorene(X),51.115,529621,1551.0,1563±3 (59),,RI相差大,
5986-49-2,other,Palustrol,51.223,10745,1558.0,1568±2 (9),非靶确定,,
72203-99-7,Terpene,Gleenol(X),52.449,6429080 ,1574.0,1586±1 (13),,RI相差大,
552-02-3,Terpene,Viridiflorol,53.259,11996452,1588.0,1591±2 (198),非靶确定,,
544-76-3,Alkane,Hexadecane(x),53.631,11006 ,1595.0,1600,,分低,
20129-39-9,other,alpha-Corocalene(X),54.534,5316074,1611.0,1623±4 (5),,RI相差大,
73365-77-2,other,"Di-epi-1,10-cubenol",54.769,12304220 ,1615.0,1614±3 (77),非靶确定,,
19912-67-5,Terpene,Epicubenol,55.53,12046149 ,1629.0,1627±2 (144),非靶确定,,
19435-97-3,Alcohol,delta-Cadinol,55.834,3084311,1635.0,1645±2 (220),非靶确定,,
483-78-3,Terpene,Cadalene(X),57.325,10225,1662.0,1674±3 (86),,RI相差大,
629-78-7,Alkane,Heptadecane(X),59.105,12398 ,1695.0,1700,,分低,
593-45-3,Alkane,Octadecane(X),63.706,11635,1798.0,1800,,分低,
55012-72-1,other,5-Hydroxycalamenene,63.755,600417,1799.0,1801±N/A (1),非靶确定,,
84-69-5,other,"Phthalic acid, diisobutyl ester",64.55,6782,1872.0,1870±4 (32),非靶确定,,
112-39-0,other,"Hexadecanoic acid, methyl ester(X)",65.031,8181,1928.0,1926±2 (136),,分低,
84-74-2 ,other,Dibutyl phthalate,65.286,3026 ,1968.0,1965±6 (40),非靶确定,,
