CID,CAS,Class,RT,NAME
702,64-17-5,Alcohol,1.584,Ethanol
7895 ,107-87-9,Ketone,2.972,2-Pentanone
22386,6032-29-7,Alcohol,3.144,2-Pentanol
7997,109-60-4,Ester,3.433,n-Propyl acetate
12180 ,623-42-7 ,Ester,3.59,"Butanoic acid, methyl ester"
31260 ,123-51-3,Alcohol,3.845,"1-Butanol, 3-methyl-"
8038 ,110-19-0,Ester,4.831,Isobutyl acetate
8452,120-92-3,Ketone,5.253,Cyclopentanone
7762,105-54-4,Ester,5.675,"Butanoic acid, ethyl ester"
429065,623-70-1,Ester,7.294,"2-Butenoic acid, ethyl ester, (E)-"
12278,626-38-0,Ester,7.558,"2-Pentanol, acetate"
7500,100-41-4,Benzene derivatives,7.887,Ethylbenzene
8103 ,111-27-3,Alcohol,8.51,1-Hexanol
31276,123-92-2,Ester,8.809,"1-Butanol, 3-methyl-, acetate"
7501 ,100-42-5,Benzene derivatives,9.275,Styrene
8051,110-43-0,Ketone,9.412,2-Heptanone
10976 ,543-49-7,Alcohol,10.016,2-Heptanol
7824,106-70-7,Ester,11.32,"Hexanoic acid, methyl ester"
82227,7785-70-8,Terpene,11.536,"alpha-Pinene, (D)-"
62572 ,5405-41-4,Ester,11.87,"Butanoic acid, 3-hydroxy-, ethyl ester"
240 ,100-52-7,Benzene derivatives,13.214,Benzaldehyde
8129 ,111-70-6,Alcohol,14.244,1-Heptanol
9862,110-93-0,Ketone,15.132,"5-Hepten-2-one, 6-methyl-"
31253,123-35-3,Terpene,15.289,beta-Myrcene
31265,123-66-0,Ester,15.8-16.26,"Hexanoic acid, ethyl ester"
8908,142-92-7 ,Ester,17.108,"Acetic acid, hexyl ester"
5320250 ,3338-55-4,Terpene,18.428,beta-cis-Ocimene
5364778,1552-67-6,Ester,19.006,"2-Hexenoic acid, ethyl ester"
5364519 ,20125-84-2,Alcohol,19.242,"3-Octen-1-ol, (Z)-"
7461,99-85-4 ,Terpene,19.629,gamma-Terpinene
7795 ,106-27-4,Ester,19.732,"Butanoic acid, 3-methylbutyl ester"
957 ,111-87-5,Alcohol,20.959,1-Octanol
6431475,34995-77-2,Others,21.743,trans-Linalool oxide (furanoid)
12293,626-77-7,Ester,22.445,"Hexanoic acid, propyl ester"
6549 ,78-70-6,Terpene,22.719,Linalool
12367,628-99-9,Alcohol,22.881,2-Nonanol
8159 ,112-06-1,Ester,23.691,"Acetic acid, heptyl ester"
6427110,19945-61-0,Terpene,23.794,"(E)-4,8-Dimethylnona-1,3,7-triene"
521348,51755-83-0,Alcohol,24.245,3-Mercaptohexanol
8091,111-11-5,Ester,24.456,"Octanoic acid, methyl ester"
61293,2305-25-1,Ester,24.711,"Hexanoic acid, 3-hydroxy-, ethyl ester"
16872 ,2349-07-7,Ester,26.123,"Propanoic acid, 2-methyl-, hexyl ester"
7775,105-79-3,Ester,26.27,"Hexanoic acid, 2-methylpropyl ester"
8785,140-11-4,Benzene derivatives,27.026,"Acetic acid, phenylmethyl ester"
7165,93-89-0,Benzene derivatives/Ester,27.359,"Benzoic acid, ethyl ester"
544127,35194-38-8,Ester,29.002,"7-Octenoic acid, ethyl ester"
17525 ,2639-63-6 ,Ester,29.321,"Butanoic acid, hexyl ester"
7799,106-32-1,Ester,29.738,"Octanoic acid, ethyl ester"
161528,1117-65-3,Ester,29.88,"3-Octenoic acid, ethyl ester"
8175,112-31-2,Alcohol,30.032,Decanal
8164,112-14-1 ,Acid,30.562,"Acetic acid, octyl ester"
643820 ,106-25-2,Terpene,31.425,cis-Geraniol
24838,10032-15-2,Ester,32.167,"Butanoic acid, 2-methyl-, hexyl ester"
85788,14936-66-4,Ester,32.24,"2-Nonanol, acetate"
5364399,2351-90-8,Ester,32.814,"2-Octenoic acid, ethyl ester"
16617,2198-61-0,Ester,33.024,Isopentyl hexanoate
8365 ,118-61-6,Acid,34.005,"Benzoic acid, 2-hydroxy-, ethyl ester"
8174 ,112-30-1,Alcohol,34.506,1-Decanol
61953 ,36431-72-8,Terpene,36.845,"1-Oxaspiro[4.5]dec-6-ene, 2,6,10,10-tetramethyl-"
9017,150-84-5,Terpene,39.754,beta-Citronellyl acetate
5352543,31501-11-8,Ester,41.618,"Hexanoic acid, 3-hexenyl ester, (Z)-"
22873,6378-65-0,Ester,42.299,"Hexanoic acid, hexyl ester"
61030,110-39-4,Ester,42.398,"Butanoic acid, octyl ester"
8048,110-38-3,Ester,42.658,"Decanoic acid, ethyl ester"
519382,17283-81-7,Others,44.825,"beta-Ionone, dihydro-"
16255,2035-99-6,Ester,45.571,"Octanoic acid, 3-methylbutyl ester"
637758,103-36-6,Ester,46.444,Ethyl cinnamate
638014,79-77-6 ,Terpene,47.66,trans-beta-Ionone
81464,6976-72-3,Ester,47.852,"Hexanoic acid, heptyl ester"
12391,629-62-9,Alkane,48.725,Pentadecane
8835,141-16-2,Ester,50.392,Citronellyl butyrate
5352267,61444-41-5,Ester,53.311,"Octanoic acid, 3-hexenyl ester, (Z)-"
14228,1117-55-1,Ester,53.664,"Octanoic acid, hexyl ester"
61303 ,2345-28-0,Ketone,59.873,2-Pentadecanone
114416,10580-25-3,Ester,61.041,Citronellyl hexanoate
82635,10448-26-7,Ester,63.67,"Decanoic acid, hexyl ester"
31283,124-06-1 ,Ester,63.92,"Tetradecanoic acid, ethyl ester"
5364438,56797-40-1,Aldehyde ,63.989,"7-Hexadecenal, (Z)-"
