CID,CAS,Class,RT,NAME
6184,66-25-1,Aldehyde,5.562,Hexanal
5281168,505-57-7,Aldehyde,7.598,2-Hexenal
5281167,928-96-1,Alcohol,7.794,"3-Hexen-1-ol, (Z)-"
7809,106-42-3 ,Benzene derivatives,8.255,p-Xylene
5318042,928-95-0,Alcohol,8.324,"2-Hexen-1-ol, (E)-"
8103,111-27-3,Alcohol,8.476,1-Hexanol
7237,95-47-6,Benzene derivatives,9.364,o-Xylene
8051,110-43-0,Ketone,9.452,2-Heptanone
8130,111-71-7,Aldehyde,9.977,Heptanal
5362616,57266-86-1,Aldehyde,13.106,"2-Heptenal, (Z)-"
18827 ,3391-86-4,Alcohol,14.651,1-Octen-3-ol
9862,110-93-0,Ketone,15.093,"5-Hepten-2-one, 6-methyl-"
8093,111-13-7,Ketone,15.338,2-Octanone
454,124-13-0,Aldehyde,16.049,Octanal
8908,142-92-7,Ester,16.913,"Acetic acid, hexyl ester"
7720,104-76-7 ,Alcohol,17.844,"1-Hexanol, 2-ethyl-"
957,111-87-5 ,Alcohol,20.797,1-Octanol
31289,124-19-6,Aldehyde,22.906,Nonanal
6544,78-59-1,Ketone,23.77,Isophorone
