CID,CAS,Class,RT,Name
702,64-17-5,Alcohol,1.57,Ethanol
6342,75-05-8,Others,1.653,Acetonitrile
6570,78-94-4,Ketone,2.041,Methyl vinyl ketone
6569,78-93-3,Ketone,2.09,2-Butanone
6568,78-92-2,Alcohol,2.104,2-Butanol
8857,141-78-6,Ester,2.193,Ethyl Acetate
263,71-36-3,Alcohol,2.668,1-Butanol
12020,616-25-1,Alcohol,2.889,1-Penten-3-ol
12232,624-92-0,Others,3.988,"Disulfide, dimethyl"
6276,71-41-0,Alcohol,4.64,1-Pentanol
8038,110-19-0,Ester,4.773,Isobutyl acetate
6184,66-25-1,Alcohol,5.479,Hexanal
7762 ,105-54-4 ,Ester,5.597,"Butanoic acid, ethyl ester"
31272,123-86-4,Ester,6.102,"Acetic acid, butyl ester"
5281168 ,505-57-7,Aldehyde,7.24,2-Hexenal
5281168,6728-26-3,Aldehyde,7.24,"2-Hexenal, (E)-"
5281167 ,928-96-1,Alcohol,7.681,"3-Hexen-1-ol, (Z)-"
5318042,928-95-0,Alcohol,8.216,"2-Hexen-1-ol, (E)-"
8103,111-27-3,Alcohol,8.329,1-Hexanol
8051 ,110-43-0,Ketone,9.364,2-Heptanone
5364578,1119-44-4 ,Ketone,11.914,3-Hepten-2-one
5362616,57266-86-1,Aldehyde,13.008,"2-Heptenal, (Z)-"
522514,7392-19-0 ,Others,13.739,"2,2,6-Trimethyl-6-vinyltetrahydropyran"
996 ,108-95-2,Benzene derivatives,15.009,Phenol
31253 ,123-35-3 ,Terpene,15.102,beta-Myrcene
7460,99-83-2,Terpene,15.72,apha-Phellandrene
454 ,124-13-0,Aldehyde,15.931,Octanal
530422,29050-33-7,Terpene,16.54,(+)-4-Carene
7720,104-76-7,Alcohol,17.702,"1-Hexanol, 2-ethyl-"
5320250,3338-55-4,Terpene,18.222,beta-cis-Ocimene
5363526 ,7416-35-5,Furan,18.757,"Furan, tetrahydro-2,2-dimethyl-5-(1-methyl-1-propenyl)-"
7461 ,99-85-4,Terpene,19.404,gamma-Terpinene
7410,98-86-2,Ketone,19.953,Acetophenone
529304 ,15249-35-1,Terpene,20.385,cis-Linaloloxide
6431475,34995-77-2,Terpene,21.484,trans-Linalool oxide (furanoid)
6549,78-70-6,Terpene,22.435,Linalool
5366264,29957-43-5,Others,22.729,"1,5,7-Octatrien-3-ol, 3,7-dimethyl-"
10975,543-39-5,Alcohol,23.912,"7-Octen-2-ol, 2-methyl-6-methylene-"
13547825,7643-59-6,Terpene,26.84,cis-Ocimenol
11230 ,562-74-3 ,Terpene,27.453,Terpinen-4-ol
126537,74410-10-9,Furan,28.022,Dill ether
17100 ,98-55-5 ,Terpene,28.488,apha-Terpineol
4133,119-36-8 ,Benzene derivatives/Ester,28.625,Methyl salicylate
8175,112-31-2,Aldehyde,29.714,Decanal
22015  ,5779-94-2 ,Benzene derivatives,29.949,"Benzaldehyde, 2,5-dimethyl-"
637566,106-24-1 ,Terpene,33.108,Geraniol
88168807,35852-42-7,Ester,37.042,4-Methylpentyl 4-methylpentanoate
521959,6117-98-2,Alkane,40.117,"2,3-Dimethyldodecane"
5366074,23726-93-4 ,Others,41.211,beta-Damascenone
12389 ,629-59-4,Alkane,42.422,Tetradecane
12391,629-62-9 ,Alkane,48.495,Pentadecane
91695620,1215128-16-7,Ester,53.841,Isopentyl 8-methylnon-6-enoate
11006,544-76-3 ,Alkane,54.263,Hexadecane
91691565,1215128-18-9,Ester,59.334,4-Methylpentyl 8-methylnon-6-enoate
12398,629-78-7,Alkane,59.746,Heptadecane
11635 ,593-45-3,Alkane,63.915,Octadecane
