CAS,Class,Name,RT,CID,MSDIAL RI,NIST RI,Note,Unnamed: 8,Note.1
64-17-5,Alcohol,Ethanol,1.585,702,,427±19 (38),非靶确定,,解卷积
75-18-3,other,Dimethyl sulfide,1.727,1068,,520±7 (53),非靶确定,,
78-84-2,Aldehyde,"Propanal, 2-methyl-(x)",1.859,6561,,552±4 (67),,分低,
67-66-3,other,Trichloromethane,2.183,6212,,615±6 (39),非靶确定,,
590-86-3,Aldehyde,"Butanal, 3-methyl-",2.497,11552,,652±5 (213),非靶确定,,
96-17-3,Aldehyde,"Butanal, 2-methyl-(X)",2.595,7284 ,,662±8 (146),,分低,
616-25-1,Alcohol,1-Penten-3-ol,2.816,12020 ,,684±4 (58),非靶确定,,
1629-58-9,Ketone,1-Penten-3-one,2.889,15394,,681±3 (26),非靶确定,,
3208-16-0,Furan,"Furan, 2-ethyl-",3.061,18554,,703±2 (57),非靶确定,,
1487-18-9,Furan,2-Vinylfuran(X),3.453,73881,,725±9 (8),,分低,
1576-87-0,Aldehyde,"2-Pentenal, (E)-",4.145,5364752,,754±5 (30),非靶确定,,
108-88-3,Benzene Derivative,Toluene,4.341,1140,,763±8 (328),非靶确定,,
1576-95-0,Alcohol,"2-Penten-1-ol, (Z)-",4.552,5364919 ,,767±2 (22),非靶确定,,
4440-65-7,Aldehyde,3-Hexenal,5.219,643139,,810±8 (2),非靶确定,,
66-25-1,Alcohol,Hexanal,5.254,6184,,800±2 (453),非靶确定,,
6728-26-3,Aldehyde,"2-Hexenal, (E)-",6.946,5281168,,854±3 (243),非靶确定,,
505-57-7,Aldehyde,2-Hexenal,7.368,5281168 ,,851±5 (53),非靶确定,,
928-96-1,Alcohol,"3-Hexen-1-ol, (Z)-",7.451,5281167,,857±3 (169),非靶确定,,
111-27-3,Alcohol,1-Hexanol,8.064,8103,869.0,868±4 (223),非靶确定,,
2313-65-7,Alcohol,"2-Hexanol, 3-methyl-(X)",9.58,16835 ,904.0,909±3 (3),,分低,
142-83-6,other,"2,4-Hexadienal, (E,E)-",9.972,637564 ,911.0,911±3 (32),非靶确定,,
7785-70-8,Terpene,1R-alpha-Pinene(X),10.953,82227 ,928.0,929±7 (7),,分低,
4245-35-6,other,Acrylic acid isoamyl ester(X),11.974,77920 ,945.0,940±1 (4),,分低,
100-52-7,Aldehyde,Benzaldehyde,12.651,240,956.0,962±3 (416),非靶确定,,
20697-55-6,other,4-Oxohex-2-enal,12.965,3014106,962.0,957±N/A (1),非靶确定,,
28634-89-1,other,2-Thujene,13.372,520384 ,969.0,966±12 (3),非靶确定,,
4312-99-6,Ketone,1-Octen-3-one,13.872,61346,978.0,979±2 (176),非靶确定,,
3391-86-4,Alcohol,1-Octen-3-ol,14.446,18827 ,987.0,980±2 (355),非靶确定,,
123-35-3,Terpene,beta-Myrcene,14.662,31253,991.0,991±2 (840),非靶确定,,
1569-60-4,Alcohol,"5-Hepten-2-ol, 6-methyl-(X)",15.044,20745,998.0,994±3 (18),,分低,
589-98-0,Alcohol,3-Octanol,15.157,11527,1000.0,994±3 (124),非靶确定,,
3681-82-1,other,"3-Hexen-1-ol, acetate, (E)-(X)",15.848,5352557,1011.0,1005±1 (19),,分低,
99-86-5,Terpene,alpha-Terpinene,16.045,7462,1013.0,1017±2 (534),非靶确定,,
,,Unknown,16.925,,1017.0,,,,
,other,"Bicyclo[4.2.0]oct-1-ene, 7-endo-ethenyl-(X)",16.501,,1020.0,1029±N/A (1),,分低,
527-84-4,Terpene,o-Cymene(X),16.624,10703,1021.0,1022±2 (114),,同分异构,
1461-27-4,other,"m-Mentha-6,8-diene, (R)-(+)-",16.889,12304570,1026.0,1027±3 (19),非靶确定,,
470-82-6,other,Eucalyptol,16.967,2758,1027.0,1032±2 (580),非靶确定,,
104-76-7,Alcohol,"1-Hexanol, 2-ethyl-",17.261,7720,1031.0,1030±3 (86),非靶确定,,
13877-91-3,Terpene,beta-Ocimene(X),17.708,5281553,1038.0,1037±7 (20),,分低,
122-78-1,Aldehyde,Benzeneacetaldehyde,17.899,998 ,1041.0,1045±4 (378),非靶确定,,
3779-61-1,Terpene,trans-beta-Ocimene,18.36,5281553 ,1047.0,1049±2 (548),非靶确定,,
99-85-4,Terpene,gamma-Terpinene,18.86,7461 ,1055.0,1060±3 (739),非靶确定,,
5989-33-3,other,cis-Linalool oxide(X),19.871,6428573,1070.0,1074±4 (179),,分低,
19860-68-5,other,2-Methyl-6-methyleneoct-7-en-4-one(X),20.45,12402006 ,1079.0,1084±1 (2),,分低,
586-62-9,Terpene,Terpinolene(x),20.822,11463,1084.0,1088±2 (607),,同分异构,
1195-32-0,Benzene Derivative,p-Cymenene,20.94,62385,1086.0,1090±2 (106),非靶确定,,
78-70-6,Terpene,Linalool,21.985,6549,1102.0,1099±2 (976),非靶确定,,
29957-43-5,other,"1,5,7-Octatrien-3-ol, 3,7-dimethyl-",22.206,5366264 ,1105.0,1107±1 (18),非靶确定,,
3886-78-0,other,"cis-p-Mentha-2,8-dien-1-ol(X)",22.416,5319363 ,1108.0,1102±2 (2),,分低,
,,Unknown,25.683,,1155.0,,,,
507-70-0,Terpene,endo-Borneol(X),26.036, 64685,1160.0,1167±2 (422),,分低,
562-74-3,Terpene,Terpinen-4-ol,26.86,11230,1172.0,1177±2 (764),非靶确定,,
928-80-3,Ketone,3-Decanone(X),27.557,13576,1182.0,1187±3 (5),,分低,
98-55-5,Terpene,alpha-Terpineol(X),27.886,17100,1187.0,1189±2 (811),,同分异构,
,,Unknown,28.602,,1198.0,,,,
,,Unknown,28.999,,1203.0,,,,
29548-14-9,Terpene,p-Menth-1-en-9-al(X),29.475,520440,1211.0,1229±5 (9),,RI相差大,
29548-14-9,Terpene,p-Menth-1-en-9-al(X),29.627,520440,1213.0,1229±5 (9),,RI相差大,
432-25-7,Terpene,beta-Cyclocitral,29.789,9895,1215.0,1220±3 (75),非靶确定,,
,,Unknown,30.108,,1220.0,,,,
106-25-2,Terpene,cis-Geraniol,30.765,643820,1230.0,1228±2 (174),非靶确定,,
122-03-2,Terpene,"Benzaldehyde, 4-(1-methylethyl)-",31.353,326,1238.0,1239±3 (122),非靶确定,,
106-26-3,Terpene,Neral,31.447,643779,1240.0,1240±3 (168),非靶确定,,
475-03-6,other,alpha-Ionene(X),32.82,68057 ,1260.0,1258±2 (5),,分低,
2111-75-3,Terpene,Perilla aldehyde,34.296,16441,1282.0,1272±4 (61),非靶确定,,
1197-15-5,other,alpha-Terpinen-7-al,34.581,526762,1286.0,1283±2 (21),非靶确定,,
18479-64-6,Terpene,Shisool,34.625,519954 ,1287.0,1291±N/A (1),非靶确定,,
101-39-3,other,"2-Propenal, 2-methyl-3-phenyl-(X)",34.772,5372813 ,1289.0,1309±3 (4),,分低，RI相差大,
536-59-4,Terpene,"p-Mentha-1,8-dien-7-ol",35.356,10819,1298.0,1296±3 (40),非靶确定,,
,,Unknown,36.366,,1313.0,,,,
1189-09-9,Terpene,trans-Geranic acid methyl ester(X),37.068,5365910,1324.0,1324±2 (13),,同分异构,
20307-84-0,other,delta-EIemene,37.519,89316,1331.0,1338±2 (220),非靶确定,,
35692-95-6,Ketone,"4-Hydroxy-2,6,6-trimethyl-3-oxocyclohexa-1,4-dienecarbaldehyde(X)",37.911,15715950,1337.0,1347±49 (2),,分低,
17699-14-8,Terpene,alpha-Cubebene,38.323,442359,1343.0,1351±2 (337),非靶确定,,
16204-57-2,other,"Indan, 1,1,4,5-tetramethyl-(X)",38.49,529435,1346.0,1355±N/A (1),,分低,
,,Unknown,38.662,,1349.0,,,,
,,Unknown,39.079,,1355.0,,,,
23726-93-4,other,beta-Damascenone,40.634,5366074 ,1379.0,1386±5 (187),非靶确定,,
13744-15-5,Terpene,beta-Cubebene(X),40.83,93081 ,1382.0,1389±2 (261),,分低,
515-13-9,Terpene,beta-Elemen,41.006,6918391,1385.0,1391±2 (521),非靶确定,,
26460-67-3,other,Methyl 4-(prop-1-en-2-yl)cyclohex-1-enecarboxylate,41.384,14159029 ,1394.0,1398±4 (2),非靶确定,,
118-65-0,Terpene,Isocaryophyllene(X),41.757,5281522,1396.0,1406±3 (75),,分低，RI相差大,
87-44-5,Terpene,Caryophyllene,42.654,5281515 ,1411.0,1419±3 (983),非靶确定,,
357414-37-0,other,"10,10-Dimethyl-2,6-dimethylenebicyclo[7.2.0]undecane(X)",43.02,577397,1417.0,1440±N/A (1),,RI相差大,
18252-44-3,other,beta-Copaene(X),43.12,49868219 ,1418.0,1432±3 (71),,RI相差大,
489-28-1,other,alpha-Maaliene(X),43.356,12312615 ,1422.0,1443±N/A (1),,RI相差大,
489-39-4,Terpene,Aromandendrene(X),43.655,11095734,1427.0,1440±1 (5),,RI相差大,
52026-55-8,other,"Selina-5,11-diene(X)",43.949,91704179,1432.0,1447±N/A (1),,RI相差大,
6753-98-6,Terpene,Humulene(X),44.577,5281520 ,1442.0,1454±3 (792),,RI相差大,
317819-80-0,Terpene,Isogermacrene D(X),44.96,91723653,1448.0,1448±4 (4),,分低,
18794-84-8,Terpene,(E)-beta-Famesene,45.328,5281517,1454.0,1457±2 (253),非靶确定,,
719-22-2,other,"p-Benzoquinone, 2,6-di-tert-butyl-(X)",45.578,12867,1458.0,1471±5 (14),,RI相差大,
30021-74-0,other,gamma-Muurolene,46.112,6432308,1467.0,1477±3 (392),非靶确定,,
23986-74-5,Terpene,Germacrene D(X),46.259,5317570 ,1469.0,1481±3 (689),,RI相差大,
79-77-6,Terpene,trans-beta-Ionone,46.828,638014,1479.0,1486±4 (211),非靶确定,,
24703-35-3,other,Bicyclogermacren,47.206,91224,1485.0,1495±4 (368),非靶确定,,
26560-14-5,Terpene,"(Z,E)-alpha-Farnesene",47.706,5362889,1493.0,1491±3 (36),非靶确定,,
629-62-9,Alkane,Pentadecane(X),47.888,12391,1496.0,1500,,分低,
502-61-4,Terpene,alpha-Farnesene,48.344,5281516 ,1503.0,1508±2 (262),非靶确定,,
96-76-4,Benzene Derivative,"2,4-Di-tert-butylphenol",48.717,7311,1510.0,1519±6 (18),非靶确定,,
523-47-7,Terpene,"Cadina-3,9-diene",48.938,10657,1514.0,1518±10 (30),非靶确定,,
29837-12-5,Terpene,Cubenene(X),49.364,6427091,1521.0,1532±1 (119),,分低，RI相差大,
483-76-1,Terpene,"Cadina-1(10),4-diene(X)",49.673,441005 ,1526.0,1524±2 (751),,分低,
21391-99-1,other,alpha-Calacorene(X),49.953,12302243,1531.0,1542±3 (219),,RI相差大,
40716-66-3,Terpene,(6E)-Nerolidol,51.508,5284507 ,1558.0,1564±2 (277),非靶确定,,
6750-60-3,Terpene,Spathulenol(X),51.871,92231 ,1564.0,1576±2 (539),,RI相差大,
1139-30-6,Terpene,Caryophyllene oxide(X),52.086,1742210 ,1568.0,1581±2 (669),,RI相差大,
,,Unknown,53.573,,1594.0,,,,
,,Unknown,54.799,,1616.0,,,,
19431-79-9 ,other,"Caryophylla-4(12),8(13)-dien-5alpha-ol(X)",56.413,527418 ,1645.0,1637±4 (25),,分低,
483-78-3,Terpene,Cadalene(X),57.379,10225,1663.0,1674±3 (86),,RI相差大,
629-78-7,Alkane,Heptadecane(X),59.096,12398 ,1694.0,1700,,分低,
593-45-3,Alkane,Octadecane(X),63.706,11635,1798.0,1800,,分低,
84-69-5,other,"Phthalic acid, diisobutyl ester",64.555,6782,1872.0,1870±4 (32),非靶确定,,
112-39-0,other,"Hexadecanoic acid, methyl ester",65.036,8181,1929.0,1926±2 (136),非靶确定,,
84-74-2 ,other,Dibutyl phthalate,65.291,3026 ,1969.0,1965±6 (40),非靶确定,,
