CID,CAS,Class,RT,NAME
11124 ,554-12-1 ,Ester,2.32,Methyl propionate
12180,623-42-7 ,Ester,3.512,"Butanoic acid, methyl ester"
13357 ,868-57-5,Ester,4.817,"Butanoic acid, 2-methyl-, methyl ester"
6184,66-25-1,Alcohol,5.489,Hexanal
7762 ,105-54-4 ,Ester,5.592,"Butanoic acid, ethyl ester"
24020 ,7452-79-1,Ester,7.451,"Butanoic acid, 2-methyl-, ethyl ester"
31276 ,123-92-2 ,Ester,8.707,"1-Butanol, 3-methyl-, acetate"
10882,539-82-2,Ester,9.943,"Pentanoic acid, ethyl ester"
520082 ,2396-80-7 ,Ester,10.487,"5-Hexenoic acid, methyl ester"
7824 ,106-70-7,Ester,11.257,"Hexanoic acid, methyl ester"
7943,108-59-8,Ester,11.552,"Propanedioic acid, dimethyl ester"
 18827 ,3391-86-4,Alcohol,14.504,1-Octen-3-ol
7247,95-63-6,Benzene derivatives,15.005,"Benzene, 1,2,4-trimethyl-"
996,108-95-2,Benzene derivatives,15.098,Phenol
31265,123-66-0,Ester,15.794,"Hexanoic acid, ethyl ester"
5362622,2396-83-0,Ester,16.545,"3-Hexenoic acid, ethyl ester"
8908  ,142-92-7,Ester,16.751,"Acetic acid, hexyl ester"
5323650,1515-80-6,Ester,16.81,"2,4-Hexadienoic acid, methyl ester"
61641 ,13532-18-8,Ester,17.506,3-(Methylthio)propanoic acid methyl ester
7720 ,104-76-7,Alcohol,17.727,"1-Hexanol, 2-ethyl-"
19309,3658-77-3 ,Furan,20.263,Furaneol
957,111-87-5,Alcohol,20.616,1-Octanol
13204 ,823-22-3,Ketone,21.817,"2H-Pyran-2-one, tetrahydro-6-methyl-"
61592 ,13327-56-5,Ester,22.485,Ethyl 3-(methylthio)propionate
31289 ,124-19-6,Aldehyde,22.725,Nonanal
8091 ,111-11-5,Ester,24.255,"Octanoic acid, methyl ester"
 5366856 ,1732-00-9,Ester,24.677,"4-Octenoic acid, methyl ester"
8914 ,143-08-8,Alcohol,27.522,1-Nonanol
7559,101-41-7,Benzene derivatives/ Ester,27.757,"Benzeneacetic acid, methyl ester"
544127,35194-38-8,Ester,28.689,"7-Octenoic acid, ethyl ester"
7799,106-32-1,Ester,29.293,"Octanoic acid, ethyl ester"
161528 ,1117-65-3,Ester,29.601,"3-Octenoic acid, ethyl ester"
8175 ,112-31-2,Aldehyde,29.7,Decanal
22015 ,5779-94-2,Benzene derivatives,29.925,"Benzaldehyde, 2,5-dimethyl-"
8050,110-42-9,Ester,37.719,"Decanoic acid, methyl ester"
12704 ,686-07-7,Acid,40.696,"Carbamodithioic acid, diethyl-, methyl ester"
8167 ,112-17-4,Ester,43.202,"Acetic acid, decyl ester"
10408 ,502-69-2,Terpene,64.466,"2-Pentadecanone, 6,10,14-trimethyl-"
