CAS,Class,Name,RT,CID,MSDIAL RI,NIST RI,Note,Note.1
64-17-5,Alcohol,Ethanol,1.584,702 ,,427±19 (38),非靶确定,
67-64-1,Ketone,Acetone,1.673,180  ,,486±16 (51),非靶确定,
64-19-7,Acid,Acetic acid,2.178,176  ,,610±10 (91),非靶确定,
71-41-0 ,Alcohol,1-Pentanol(x),3.762,6276 ,,765±4 (146),,同分异构
137-32-6,Alcohol,"1-Butanol, 2-methyl-(x)",3.831,8723  ,,739±5 (105),,分低
108-88-3 ,Benzene Derivative,Toluene,4.415,1140 ,,763±8 (328),非靶确定,解卷积
116-53-0,Acid,"Butanoic acid, 2-methyl-(x)",8.157,8314 ,869.0,861±14 (91),,分低
100-42-5,Benzene Derivative,Styrene,9.07,7501 ,891.0,893±5 (91),非靶确定,
2867-05-2,Terpene,3-Thujene(X),11.086,17868  ,928.0,929±2 (488),,同分异构
79-92-5,Terpene,Camphene(x),11.861,6616  ,941.0,952±2 (609),,RI 相差大
100-52-7,Aldehyde,Benzaldehyde,12.881,240  ,959.0,962±3 (416),非靶确定,
3387-41-5,Terpene,Sabinen,13.523,18818  ,970.0,974±2 (619),非靶确定,
110-93-0,Ketone,"5-Hepten-2-one, 6-methyl-",14.686,9862  ,989.0,986±2 (222),非靶确定,
123-35-3 ,Terpene,beta-Myrcene,14.764,31253  ,991.0,991±2 (840),非靶确定,
99-83-2,Terpene,alpha-Phellandrene,15.363,7460  ,1001.0,1005±2 (509),非靶确定,
13466-78-9,Terpene,3-Carene(X),15.706,26049  ,1006.0,1011±2 (336),,分低
99-86-5,Terpene,alpha-Terpinene,16.177,7462 ,1013.0,1017±2 (534),非靶确定,
527-84-4,Benzene Derivative,o-Cymene(X),16.726,10703 ,1021.0,1022±2 (114),,同分异构
1461-27-4,Terpene,D-sylvestrene(X),16.947,102625  ,1024.0,1027±3 (19),,同分异构
470-82-6,Other,Eucalyptol,17.075,2758  ,1026.0,1032±2 (580),非靶确定,
100-51-6,Alcohol,Benzyl alcohol,17.673,244 ,1035.0,1036±4 (174),非靶确定,
3338-55-4,Terpene,beta-cis-Ocimene,17.859,5320250 ,1038.0,1038±2 (446),非靶确定,解卷积
3779-61-1,Terpene,trans-beta-Ocimene(X),18.512,5281553  ,1048.0,1049±2 (548),,同分异构
99-85-4,Terpene,gamma-Terpinene,19.022,7461 ,1055.0,1060±3 (739),非靶确定,
98-85-1,Alcohol,"Benzenemethanol, alpha-methyl-",19.4,7409  ,1061.0,1061±5 (9),非靶确定,解卷积
98-86-2,Ketone,Acetophenone,19.522,7410  ,1063.0,1065±4 (134),非靶确定,
586-63-0 ,Terpene,Isoterpinolene(X),20.974,102443  ,1084.0,1086±3 (46),,同分异构
1195-32-0,Terpene,p-Cymenene(X),21.102,62385  ,1086.0,1090±2 (106),,分低
821-55-6,Ketone,2-Nonanone(X),21.597,13187 ,1094.0,1092±2 (159),,同分异构
78-70-6,Terpene,Linalool,22.053,6549,1100.0,1099±2 (976),非靶确定,
29957-43-5,Other,Hotrienol(X),22.406,5366264  ,1106.0,1107±1 (18),,分低
6090-09-1,Other,4-Acetyl-1-methylcyclohexene(X),24.0,93019  ,1129.0,1137±6 (5),,RI 相差大
464-48-2 ,Terpene,L-camphor(X),24.613,444294  ,1138.0,1142±3 (2),,同分异构
124-76-5,Terpene,Isoborneol,25.516,6321405,1151.0,1157±3 (67),非靶确定,
464-45-9 ,Terpene,L-Borneol(X),26.183,1201518,1161.0,1166±7 (3),,同分异构
562-74-3,Terpene,Terpinen-4-ol,27.022,11230 ,1173.0,1177±2 (764),非靶确定,
1197-01-9,Benzene Derivative,p-Cymen-8-ol(X),27.924,14529  ,1186.0,1183±2 (237),,分低
98-55-5 ,Terpene,alpha-Terpineol(X),28.071,17100 ,1188.0,1189±2 (811),,同分异构
122-97-4,Alcohol,3-Phenylpropanol,31.245,31234  ,1235.0,1232±7 (22),非靶确定,
122-03-2,Aldehyde,Cumaldehyde,31.402,326 ,1237.0,1239±3 (122),非靶确定,解卷积
14936-66-4,Ester,"2-Nonanol, acetate(X)",31.623,85788 ,1241.0,1237±0 (3),,分低
103-25-3,Ester,"Benzenepropanoic acid, methyl ester",33.835,7643  ,1273.0,1279±2 (7),非靶确定,
125-12-2,Terpene,Isobornyl acetate(X),34.394,6950273  ,1282.0,1286±2 (91),,同分异构
94-59-7,Benzene Derivative,Safrole,34.556,5144 ,1284.0,1287±2 (51),非靶确定,
41446-57-5,Other,"3-Tridecene, (E)-",34.713,142533,1286.0,1285±0 (6),非靶确定,
112-12-9,Ketone,2-Undecanone,35.238,8163  ,1294.0,1294±2 (160),,
629-50-5,Alkane,Tridecane,35.64,12388  ,1300.0,1300,非靶确定,
54868-40-5,Other,Unkown,36.998,6429376 ,1321.0,,,分低，无NIST RI
,Other,Unkown,37.293,,1326.0,,,分低，无NIST RI
120-57-0 ,Aldehyde,Piperonal,37.499,8438 ,1329.0,1330±3 (11),非靶确定,
20307-84-0 ,Terpene,delta-EIemene,37.685,89316  ,1332.0,1338±2 (220),非靶确定,
17699-14-8,Terpene,alpha-Cubebene,38.436,442359  ,1344.0,1351±2 (337),非靶确定,
2021-28-5,Ester,Ethyl dihydrocinnamate,38.627,16237  ,1347.0,1353±3 (28),非靶确定,
97-53-0 ,Other,Eugenol,39.157,3314,1355.0,1357±3 (355),非靶确定,
501-52-0,Acid,Hydrocinnamic acid,39.599,107 ,1361.0,1359±9 (8),非靶确定,
14912-44-8,Terpene,Ylangene,39.726,20055075 ,1364.0,1372±2 (170),非靶确定,
14912-44-8,Terpene,Ylangene(X),40.015,20055075 ,1368.0,1372±2 (170),,同分异构
,Other,Unkown,40.285,,1372.0,,,分低，无NIST RI
,Terpene,alpha-Bourbonene,40.515,530816  ,1376.0,1384±8 (3),非靶确定,
515-13-9,Terpene,beta-Elemen(X),40.707,6918391 ,1379.0,1391±2 (521),,RI 相差大
13744-15-5,Terpene,beta-Cubebene,40.991,93081 ,1383.0,1389±2 (261),非靶确定,
515-13-9,Terpene,beta-Elemen,41.202,6918391  ,1386.0,1391±2 (521),非靶确定,
13744-15-5,Terpene,beta-Cubebene,41.349,93081 ,1389.0,1389±2 (261),,分低
1120-36-1 ,Other,1-Tetradecene,41.55,14260 ,1392.0,1392±1 (40),非靶确定,
629-59-4,Alkane,Tetradecane,42.07,12389  ,1400.0,1400,非靶确定,解卷积
58319-06-5 ,Terpene,Sesquithujene,42.306,53439065 ,1404.0,1402±10 (6),非靶确定,
93-15-2,Other,Methyleugenol,42.433,7127  ,1406.0,1402±2 (165),非靶确定,
87-44-5,Terpene,Caryophyllene,42.884,5281515 ,1413.0,1419±3 (983),非靶确定,
18252-44-3,Terpene,beta-Copaene(X),43.316,87529 ,1420.0,1432±3 (71),,RI 相差大
18252-44-3,Terpene,beta-Copaene,43.782,87529 ,1428.0,1432±3 (71),非靶确定,
13474-59-4,Terpene,trans-alpha-Bergamotene,43.978,6429302  ,1431.0,1435±3 (183),非靶确定,
18252-44-3,Other,Isogermacrene D(X),44.223,87529 ,1435.0,1448±4 (4),,RI 相差大
,Terpene,"cis-muurola-3,5-diene(X)",44.478,51351708  ,1439.0,1454±N/A (1),,RI 相差大
6753-98-6,Terpene,Humulene,44.895,5281520  ,1446.0,1454±3 (792),非靶确定,
157477-72-0,Other,"cis-Muurola-4(15),5-diene(X)",45.356, 91747213  ,1453.0,1463±4 (52),,RI 相差大
18794-84-8,Terpene,(E)-beta-Famesene,45.641,5281517 ,1458.0,1457±2 (253),非靶确定,
23986-74-5,Terpene,Germacrene D,46.72,5317570  ,1476.0,1481±3 (689),非靶确定,
17066-67-0,Terpene,beta-Selinene(X),46.95,28237 ,1479.0,1486±3 (349),,分低
13360-61-7 ,Other,1-Pentadecene(X),47.039,25913  ,1481.0,1492±1 (39),,RI 相差大
54324-03-7 ,Other,Bicyclosesquiphellandrene,47.161,15694800 ,1483.0,1489±6 (11),非靶确定,
103827-22-1,Terpene,"4a,8-Dimethyl-2-(prop-1-en-2-yl)-1,2,3,4,4a,5,6,7-octahydronaphthalene",47.446,605019  ,1487.0,1492±N/A (1),非靶确定,
13360-61-7 ,Other,1-Pentadecene,47.519,25913  ,1489.0,1492±1 (39),非靶确定,
495-60-3 ,Terpene,Zingiberene,47.868,92776,1494.0,1495±2 (93),非靶确定,
25532-79-0,Terpene,(E)-alpha-Bisabolene(X),48.265,5315468  ,1501.0,1512±8 (18),,RI 相差大
629-62-9,Alkane,Pentadecane,48.579,12391  ,1505.0,1500,非靶确定,
39029-41-9,Terpene,gamma-Cadinene(X),48.471,92313 ,1509.0,1513±2 (485),,分低
123123-37-5,Terpene,7-epi-alpha-Selinene,48.804, 10726905  ,1510.0,1517±4 (45),非靶确定,解卷积
523-47-7,Terpene,"Cadina-3,9-diene(X)",49.344,10657,1519.0,1518±10 (30),,同分异构
20307-83-9,Terpene,beta-Sesquiphellandrene,49.413,519764  ,1520.0,1524±2 (114),非靶确定,
29837-12-5,Terpene,Cubenene,49.726,57357909 ,1526.0,1532±1 (119),非靶确定,
53585-13-0 ,Terpene,trans-gamma-Bisabolene,49.849,5352437 ,1528.0,1533±3 (62),非靶确定,
24406-05-1,Terpene,alpha-Cadinene,50.021,12306048 ,1531.0,1538±1 (31),非靶确定,
21391-99-1,Other,alpha-Calacorene,50.261,12302243  ,1535.0,1542±3 (219),非靶确定,
25532-79-0,Terpene,trans-alpha-Bisabolene(X),50.565,5315468  ,1540.0,1512±8 (18),,RI 相差大
1139-30-6,Terpene,Caryophyllene oxide(X),50.707,1742210 ,1543.0,1581±2 (669),,RI 相差大
52305-50-7,Other,Unkown,50.928,22214569 ,1547.0,,,分低，无NIST RI
58319-05-4,Terpene,cis-Sesquisabinene hydrate(X),51.046,6428435  ,1549.0,1543±3 (17),,分低
,Other,"Cadala-1(10),3,8-triene(X)",51.384,593889  ,1554.0,1555±7 (2),,分低
88395-47-5 ,Other,"1,5-Epoxysalvial-4(14)-ene(X)",51.477,91750031 ,1556.0,1573±4 (7),,RI 相差大
40716-66-3,Terpene,E-Nerolidol(X),51.723,5284507,1560.0,1564±2 (277),,分低
70038-20-9 ,Other,Unkown,51.983,,1565.0,,,分低，无NIST RI
6750-60-3,Terpene,Spathulenol(X),52.125,92231 ,1567.0,1576±2 (539),,同分异构
1139-30-6,Terpene,Caryophyllene oxide(X),51.374,1742210 ,1571.0,1581±2 (669),,RI 相差大
,Other,Isoaromadendrene epoxide(X),52.998,534398 ,1582.0,1589±10 (8),,分低
,Other,Isoaromadendrene epoxide(X),53.273,534398 ,1587.0,1589±10 (8),,分低
19888-34-7,Terpene,Humulene oxide II,53.817,92476330 ,1596.0,1606±2 (160),非靶确定,
1212211-43-2,,Unkown,54.092,,1601.0,,,分低，无NIST RI
472-07-1,Other,Junenol(X),54.258,6452077  ,1604.0,1617±11 (4),,RI 相差大
118173-08-3,Other,Selin-6-en-4alpha-ol(X),54.391,,1606.0,1636±N/A (1),,RI 相差大
20129-39-9,Other,alpha-Corocalene(X),54.734,5316074  ,1613.0,1623±4 (5),,RI 相差大
19888-00-7,Other,Humulenol-II(X),54.886,71352891  ,1615.0,1650±N/A (1),,"分低,RI相差大"
88395-46-4,Terpene,Isospathulenol(X),55.092,102303030  ,1619.0,1638±5 (32),,RI 相差大
19431-80-2,Other,Unkown,55.367,,1624.0,1644±N/A (1),,RI 相差大
64180-68-3,Terpene,Longiverbenone(X),55.45,530428  ,1626.0,1649±5 (16),,"分低,RI相差大"
5937-111,Terpene,T-Cadinol(X),55.705,160799,1630.0,1640±2 (241),,RI 相差大
19912-62-0,Terpene,Muurolol T(X),55.774,3084331  ,1632.0,1642±2 (206),,"分低,RI相差大"
19912-62-0,Terpene,Muurolol T,56.47,3084331  ,1644.0,1642±2 (206),非靶确定,
6248-88-0,Terpene,Unkown,57.447,138701  ,1662.0,,,分低，无NIST RI
56134-03-3,Other,Dihydro-aplotaxene(X),57.55,5352709 ,1664.0,1665±N/A (1),,分低
35153-15-2,Alcohol,cis-9-Tetradecen-1-ol,57.834,5364712 ,1669.0,1667±N/A (1),非靶确定,
112-72-1,Alcohol,1-Tetradecanol,58.31,8209  ,1678.0,1676±4 (42),非靶确定,
34010-15-6,Alcohol,cis-11-Tetradecen-1-ol,58.418,1712010 ,1680.0,1678±N/A (1),非靶确定,
2579-04-6,Other,Unkown,58.908,520230 ,1689.0,,,无NIST RI
,Other,"3-Heptadecene, (Z)-",59.153,5352250  ,1693.0,1689±1 (3),非靶确定,
629-78-7,Alkane,Heptadecane,59.654,12398  ,1703.0,1700,非靶确定,
,Other,Unkown,59.904,,1709.0,,,分低，无NIST RI
77-42-9,Alcohol,beta-Santalol(X),60.934,6857681  ,1733.0,1715±10 (10),,"分低,RI相差大"
473-08-5,Other,"7-Isopropenyl-1,4a-dimethyl-4,4a,5,6,7,8-hexahydro-3H-naphthalen-2-one",61.537,6452086 ,1747.0,1755±16 (5),非靶确定,
56797-40-1 ,Aldehyde,"7-Hexadecenal, (Z)-",63.774,5364438 ,1799.0,1798±N/A (1),非靶确定,
7548-13-2 ,Other,Unkown,64.058,93051 ,1822.0,1822±N/A (1),,分低
28290-35-9 ,Other,Dehydrosaussurea lactone(X),64.205,44409528 ,1837.0,1838±N/A (1),,分低
36653-82-4,Alcohol,1-Hexadecanol,64.666,2682 ,1881.0,1880±3 (76),非靶确定,
31035-07-1 ,Other,9-Nonadecene(X),64.755,5364436  ,1889.0,1893±N/A (1),,同分异构
629-92-5 ,Alkane,Nonadecane,64.853,12401 ,1899.0,1900,非靶确定,解卷积
,Other,Unkown,64.907,,1907.0,,,无NIST RI
112-39-0 ,Ester,"Hexadecanoic acid, methyl ester",65.059,8181  ,1931.0,1926±2 (136),非靶确定,解卷积
