CID,CAS,Class,RT,NAME
12020 ,616-25-1,Alcohol,2.884,1-Penten-3-ol
18554,3208-16-0,Furan,3.144,"Furan, 2-ethyl-"
31260,123-51-3,Alcohol,3.801,"1-Butanol, 3-methyl-"
8723 ,137-32-6 ,Alcohol,3.865,"1-Butanol, 2-methyl-"
6184  ,66-25-1,Aldehyde,5.459,Hexanal
5281168  ,6728-26-3,Aldehyde,7.47,"2-Hexenal, (E)-"
5281167,928-96-1,Alcohol,7.767,"3-Hexen-1-ol, (Z)-"
5318042 ,928-95-0,Alcohol,8.186,"2-Hexen-1-ol, (E)-"
8103 ,111-27-3,Alcohol,8.304,1-Hexanol
637564,142-83-6,Others,10.413,"2,4-Hexadienal, (E,E)-"
17868,2867-05-2,Terpene,11.056,alpha-Thujene
6616,79-92-5,Terpene,12.145,Camphene
18818 ,3387-41-5,Terpene,13.749,(+)-Sabinene
18827,3391-86-4,Alcohol,14.838,1-Octen-3-ol
246728 ,106-68-3 ,Ketone,14.965,3-Octanone
31253 ,123-35-3,Terpene,15.102,beta-Myrcene
11527,589-98-0 ,Alcohol,15.637,3-Octanol
7460 ,99-83-2,Terpene,15.701,alpha-Phellandrene
7462 ,99-86-5,Terpene,16.525,alpha-Terpinene
8908,142-92-7,Ester,16.917,"Acetic acid, hexyl ester"
11142 ,555-10-2,Terpene,17.417,beta-Phellandrene
2758 ,470-82-6,Others,17.516,Eucalyptol
7720 ,104-76-7,Alcohol,17.736,"1-Hexanol, 2-ethyl-"
7461 ,99-85-4,Terpene,19.384,gamma-Terpinene
6326181,17699-16-0,Terpene,19.924,trans-Sabinene hydrate
957 ,111-87-5,Alcohol,20.571,1-Octanol
11463 ,586-62-9,Terpene,21.336,alpha- Terpinolen
62385,1195-32-0,Benzene Derivatives,21.425,p-Cymenene
6549 ,78-70-6,Terpene,22.381,Linalool
159055 ,464-49-3,Others,24.971,(+)-2-Bornanone
64685,507-70-0 ,Terpene,26.54,trans-Borneol
11230 ,562-74-3 ,Terpene,27.443,Terpinen-4-ol
14529 ,1197-01-9,Terpene,28.115,p-Cymen-8-ol
17100,98-55-5,Terpene,28.39,alpha-Terpineol
8175 ,112-31-2,Aldehyde,29.66,Decanal
9895,432-25-7,Terpene,30.347,beta-Cyclocitral
326,122-03-2,Terpene,31.681,p-Cumic aldehyde
10281 ,490-91-5,Terpene,32.647,Thymoquinone
6989,89-83-8 ,Terpene,35.281,Thymol
10364,499-75-2,Terpene,36.448,Carvacrol
351031 ,1619-26-7,Others,37.017,Isoascaridol
3314,97-53-0,Acid,39.68,Eugenol
20055075,14912-44-8,Terpene,40.475,Ylangene
5281522,118-65-0 ,Terpene,42.417,Isocaryophyllene
5281515,87-44-5,Terpene,43.594,Caryophyllene
6429302,13474-59-4,Others,44.737,trans-alpha-Bergamotene
5281520 ,6753-98-6 ,Terpene,45.561,Humulene
5281517 ,18794-84-8,Terpene,45.875,(E)-beta-Famesene
10899740,25246-27-9,Terpene,46.562,Alloaromadendrene
6428861 ,451-55-8,Others,47.057,gamma-Curcumene
638014 ,79-77-6,Terpene,47.415,trans-beta-Ionone
92776,495-60-3,Terpene,48.043,(-)-Zingiberene
12306047 ,10208-80-7,Terpene,48.22,alpha-Muurolene
94275,3691-11-0,Terpene,48.484,alpha-Bulnesene
10104370,495-61-4 ,Terpene,48.852,beta-Bisabolene
3033866 ,13062-00-5,Terpene,49.151,cis-gamma-Bisabolene
10657,523-47-7,Terpene,49.558,(-)-beta-Cadinene
519764 ,20307-83-9,Others,49.666,beta-Sesquiphellandrene
95779 ,2217-60-9,Terpene,51.869,"p-Cymene-2,5-diol"
1742210,1139-30-6,Terpene,52.766,Caryophyllene oxide
10704181,19888-34-7,Others,54.223,Humulene epoxide 2
91715484 ,79580-01-1,Others,57.337,"11,11-Dimethyl-4,8-dimethylenebicyclo[7.2.0]undecan-3-ol"
