CID,CAS,Class,RT,RI-NIST,RI-MSDIAL,NAME,Unnamed: 7
261,123-72-8,Alcohol,1.854,593±5 (41),,Butanal,偏红
6560  ,78-83-1,Alcohol,2.262,625±8 (77),,"1-Propanol, 2-methyl-",偏红
11552  ,590-86-3,Aldehyde,2.497,652±5 (213),,"Butanal, 3-methyl-",偏红
7284 ,96-17-3,Aldehyde,2.6,662±8 (146),,"Butanal, 2-methyl-",偏红
37987  ,38239-27-9,Other,3.478,727±N/A (1),,"Ethenamine, N-methylene-",偏白
29339 ,18936-17-9,Others,3.478,723±6 (2),,"Butanenitrile, 2-methyl-",偏红
12244  ,625-28-5,Other,3.595,731±1 (3),,"Butanenitrile, 3-methyl-",偏白
31260  ,123-51-3,Alcohol,3.684,736±5 (154),,"1-Butanol, 3-methyl-",偏白
8723  ,137-32-6,Alcohol,3.758,739±5 (105),,"1-Butanol, 2-methyl-",偏红
6184  ,66-25-1,Aldehyde,5.376,800±2 (453),,Hexanal,偏红
5281168  ,505-57-7,Alcohol,7.368,851±5 (53),,2-Hexenal,偏红
5284503  ,928-97-2,Alcohol,7.481,852±3 (41),,"3-Hexen-1-ol, (E)-",偏红
5318042  ,928-95-0 ,Alcohol,8.005,862±6 (63),866.0,"2-Hexen-1-ol, (E)-",偏红
8103  ,111-27-3,Alcohol,8.157,868±4 (223),869.0,1-Hexanol,偏白
17868,2867-05-2,Terpene,11.071,929±2 (488),928.0,3-Thujene,偏红
240  ,100-52-7,Benzene drivative,12.822,962±3 (416),958.0,Benzaldehyde,偏红
520384  ,28634-89-1,Terpene,13.445,966±12 (3),968.0,2-Thujene,偏红
18827  ,3391-86-4 ,Alcohol,14.191,980±2 (355),981.0,1-Octen-3-ol,偏红
31253 ,123-35-3,Terpene,14.745,991±2 (840),990.0,beta-Myrcene,偏红
7460 ,99-83-2,Terpene,15.358,1005±2 (509),1001.0,alpha-Phellandrene,偏红
7462  ,99-86-5,Terpene,16.182,1017±2 (534),1013.0,alpha-Terpinene,偏白
102625 ,1461-27-4,Terpene,16.942,1027±3 (19),1024.0,D-sylvestrene,偏白
2758  ,470-82-6,Others,17.065,1032±2 (580),1026.0,Eucalyptol,偏红
7720,104-76-7,Alcohol,17.423,1030±3 (86),1031.0,"1-Hexanol, 2-ethyl-",偏红
244 ,100-51-6 ,Alcohol,17.776,1036±4 (174),1037.0,Benzyl alcohol,偏红
5320250  ,3338-55-4,Terpene,17.845,1038±2 (446),1038.0,beta-cis-Ocimene,偏红
998 ,122-78-1 ,Aldehyde,18.139,1045±4 (378),1042.0,Benzeneacetaldehyde,偏红
5281553  ,3779-61-1 ,Terpene,18.512,1049±2 (548),1048.0,trans-beta-Ocimene,偏白
7461  ,99-85-4,Terpene,19.022,1060±3 (739),1055.0,gamma-Terpinene,偏红
957 ,111-87-5 ,Alcohol,20.332,1071±3 (226),1075.0,1-Octanol,偏白
11463  ,586-62-9 ,Terpene,20.974,1088±2 (607),1084.0,Terpinolene,偏红
91694113  ,,Furan,21.141,1090±N/A (1),1087.0,Ethyl 2-(5-methyl-5-vinyltetrahydrofuran-2-yl)propan-2-yl carbonate,偏粉
7150  ,93-58-3,Acid,21.553,1094±3 (86),1093.0,"Benzoic acid, methyl ester",偏粉
84825,15186-51-3,Furan,21.852,1093±11 (5),1097.0,Rosefuran,偏粉
6549  ,78-70-6,Terpene,22.048,1099±2 (976),1100.0,Linalool,偏红
549336  ,33933-72-1,Other,22.387,1108±1 (4),1105.0,"2,2,6-Trimethyl-3-keto-6-vinyltetrahydropyran",偏粉
27866 ,16409-43-1 ,Terpene,22.71,1110±2 (14),1110.0,Rose oxide,偏粉
6054  ,60-12-8,Alcohol,23.044,1116±5 (262),1114.0,Phenylethyl Alcohol,偏红
6427110  ,19945-61-0,Terpene,23.176,1116±1 (3),1116.0,"(E)-4,8-Dimethylnona-1,3,7-triene",偏粉
7093102  ,5258-11-7,Terpene,23.794,1127±2 (12),1125.0,trans-Rose oxide,偏粉
8794 ,140-29-4 ,Other,24.653,1144±5 (33),1138.0,Benzyl nitrile,偏白
7165 ,93-89-0,Ester,26.782,1171±2 (58),1169.0,"Benzoic acid, ethyl ester",偏粉
8914 ,143-08-8,Alcohol,27.189,1173±2 (61),1174.0,1-Nonanol,偏红
17100,98-55-5,Terpene,28.047,1189±2 (811),1187.0,alpha-Terpineol,偏红
4133 ,119-36-8,Acid,28.209,1192±2 (145),1189.0,Methyl salicylate,偏红
643820  ,106-25-2,Terpene,30.833,1228±2 (174),1228.0,cis-Geraniol,偏粉
8842,106-22-9 ,Terpene,30.99,1228±3 (181),1230.0,Citronellol,偏白
643779 ,106-26-3 ,Terpene,31.638,1240±3 (168),1240.0,Neral,偏红
637566  ,106-24-1,Terpene,32.839,1255±3 (343),1258.0,Geraniol,偏红
637566  ,624-15-7,Terpene,32.908,1260±N/A (1),1259.0,"2,6-Octadien-1-ol, 3,7-dimethyl-",偏白
 8365  ,118-61-6,Acid,33.423,1269±2 (15),1266.0,"Salicylic acid, ethyl ester",偏粉
638011  ,141-27-5,Terpene,33.649,1270±2 (36),1270.0,alpha-Citral,偏红
80208 ,6125-24-2 ,Others,35.385,1304±2 (3),1295.0,"Benzene, (2-nitroethyl)-",偏红
5365910 ,1189-09-9,Terpene,37.205,1324±2 (13),1323.0,E-Methylgeranate,偏红
61048  ,120-50-3 ,Acid,37.254,1321±10 (2),1324.0,"Benzoic acid, 2-methylpropyl ester",偏白
20055075  ,14912-44-8,Terpene,40.025,1372±2 (170),1367.0,Ylangene,偏粉
7651  ,103-38-8 ,Ester,41.516,1395±3 (8),1390.0,Benzyl isovalerate,偏粉
429302  ,13474-59-4 ,Other,43.9,1435±3 (183),1429.0,trans-alpha-Bergamotene,偏粉
7193  ,94-46-2,Ester,44.057,1439±3 (14),1431.0,"1-Butanol, 3-methyl-, benzoate",偏白
1549778 ,3796-70-1,Terpene,45.244,1453±2 (154),1451.0,trans-Geranylacetone,偏红
5281517 ,18794-84-8 ,Terpene,45.43,1457±2 (253),1454.0,(E)-beta-Famesene,偏粉
12813  ,706-14-9,Other,46.141,1470±5 (47),1465.0,"2(3H)-Furanone, 5-hexyldihydro-",偏粉
90351  ,24048-44-0,Other,46.603,1471±8 (11),1473.0,Acoradien,偏粉
5362889  ,26560-14-5,Terpene,47.77,1491±3 (36),1492.0,"(Z,E)-alpha-Farnesene",偏红
 250096  ,37526-88-8,Other,47.932,1498±1 (11),1494.0,Benzyl tiglate,偏粉
 5352653 ,29837-07-8,Terpene,48.373,1504±4 (32),1502.0,cis-alpha-Bisabolene,偏红
5281516  ,502-61-4,Terpene,48.521,1508±2 (262),1504.0,alpha-Farnesene,偏红
25311 ,10486-19-8,Aldehyde,48.668,1512±5 (55),1507.0,Tridecanal,偏白
3033866  ,13062-00-5,Terpene,48.692,1515±3 (33),1507.0,cis-gamma-Bisabolene,偏粉
 10657  ,523-47-7,Terpene,49.104,1518±10 (30),1514.0,"Cadina-3,9-diene",偏白
8139 ,111-82-0,Ester,49.614,1526±2 (36),1523.0,"Dodecanoic acid, methyl ester",偏白
5352437  ,53585-13-0,Terpene,49.683,1533±3 (62),1524.0,trans-gamma-Bisabolene,偏粉
5284507  ,40716-66-3,Terpene,51.714,1564±2 (277),1559.0,E-Nerolidol,偏红
5367706  ,25152-85-6,Ester,51.969,1570±3 (52),1564.0,"3-Hexen-1-ol, benzoate, (Z)-",偏白
 5316534  ,23262-34-2,Furan,52.214,1574±3 (21),1568.0,Denderalasin,偏红
23235  ,6789-88-4,Ester,52.41,1580±3 (18),1571.0,"Benzoic acid, hexyl ester",偏白
6443227 ,62235-06-7,Other,52.685,1577±4 (2),1576.0,"(3E,7E)-4,8,12-Trimethyltrideca-1,3,7,11-tetraene",偏粉
156595154  ,76841-70-8,Benzene derivative,52.896,1588±2 (6),1580.0,E-2-Hexenyl benzoate,偏白
31291  ,124-25-4,Aldehyde,54.514,1613±2 (111),1608.0,Tetradecanal,偏白
160799 ,5937-11-1,Terpene,55.711,1640±2 (241),1630.0,alpha-epi-Cadinol,偏白
3084331  ,19912-62-0,Terpene,56.486,1642±2 (206),1644.0,alpha-epi-Muurolol(x),偏白
21204  ,5129-58-8,Ester,58.742,1686±3 (2),1685.0,Methyl isomyristate,偏白
12398  ,629-78-7,Terpene,59.301,1700,1695.0,Heptadecane,偏粉
17697  ,2765-11-9,Aldehyde,60.031,1715±3 (76),1711.0,Pentadecanal-,偏白
445070 ,106-28-5,Terpene,60.425,1722±3 (76),1720.0,trans-Farnesol,偏红
31284  ,124-10-7,Ester,60.714,1725±2 (48),1727.0,Methyl tetradecanoate,偏白
280598  ,502-67-0,Terpene,61.435,1735±4 (6),1744.0,"trans,trans-Farnesal",偏粉
 2345  ,120-51-4,Terpene,62.347,1762±4 (119),1765.0,Benzyl Benzoate,偏粉
11635  ,593-45-3,Alkane,63.775,1800,1799.0,Octadecane,偏红
7194 ,94-47-3,Ester,64.417,1856±4 (10),1856.0,"Benzoic acid, 2-phenylethyl ester",偏白
8363  ,118-58-1,Acid,64.565,1869±7 (38),1870.0,"Salicylic acid, benzyl ester",偏白
6782  ,84-69-5,Acid,64.584,1870±4 (32),1872.0,"Phthalic acid, diisobutyl ester",偏白
8222  ,112-95-8 ,Alkane,64.854,1900,1898.0,Eicosane,偏粉
12401  ,629-92-5,Alkane,64.854,1900,1898.0,Nonadecane,偏白
8181  ,112-39-0 ,Other,65.06,1926±2 (136),1930.0,"Hexadecanoic acid, methyl ester",偏白
