CID,CAS,Class,RT,NAME
,,Alcohol,2.639,1-Butanol
,,Aldehyde,5.504,Hexanal
,,Ester,5.612,"Butanoic acid, ethyl ester"
,,Ester,6.083,"Acetic acid, butyl ester"
,,Alcohol,7.745,"3-Hexen-1-ol, (Z)-"
,,Benzene derivatives,7.814,Ethylbenzene
,,Benzene derivatives,8.177,p-Xylene
,,Alcohol,8.393,1-Hexanol
,,Ester,8.52,1-Methoxy-2-propyl acetate
,,Benzene derivatives,9.281,o-Xylene
,,Aldehyde,12.989,"2-Heptenal, (Z)-"
,,Benzene derivatives,13.048,Benzaldehyde
,,Benzene derivatives,14.436,alpha-Methylstyrene
,,Ketone,14.98,"5-Hepten-2-one, 6-methyl-"
,,Benzene derivatives,15.024,Phenol
,,Ester,15.613,"Butanoic acid, butyl ester"
,,Ester,15.868,"Hexanoic acid, ethyl ester"
,,Aldehyde,15.951,Octanal
,,Alcohol,17.776,"1-Hexanol, 2-ethyl-"
,,Benzene derivatives,18.458,Benzeneacetaldehyde
,,Others,19.924,Acetophenone
,,Furan,20.454,cis-Linalool oxide
,,Furan,21.553,trans-Linalool oxide (furanoid)
,,Alcohol,22.494,Linalool
,,Aldehyde,22.799,Nonanal
,,Benzene derivatives,27.551,"Benzaldehyde, 4-ethyl-"
,,Benzene derivatives,27.914,"Benzaldehyde, 2-ethyl-"
,,Benzene derivatives,29.003,"Benzenemethanol, alpha-methyl-, acetate"
,,Benzene derivatives,29.763,"Phenol, 2-(1-methylethyl)-"
,,Benzene derivatives,29.999,"Benzaldehyde, 2,5-dimethyl-"
,,Acid,34.997,Nonanoic acid
,,Ketone,35.36,3-Undecanone
,,Aldehyde,43.026,Dodecanal
,,Ketone,45.709,"5,9-Undecadien-2-one, 6,10-dimethyl-, (E)-"
,,Benzene derivatives,51.006,"Phenol, 2-(1-methylethyl)-, methylcarbamate"
,,Alkane,54.356,Hexadecane
,,Benzene derivatives,62.832,Benzyl Benzoate
