CAS,Class,Name,RT,CID,MSDIAL RI,NIST RI,Note,Note.1
464-17-5,Other,2-Bornene,9.583,10047 ,902,908±0 (2),非靶确定,
508-32-7,Terpene,Tricyclene,10.422,79035,917,925±2 (220),非靶确定,
2867-05-2,Terpene,3-Thujene,10.932,17868  ,925,929±2 (488),非靶确定,
80-56-8,Terpene,alpha-Pinene,11.246,6654,931,937±3 (995),非靶确定,
79-92-5,Terpene,Camphene(x),11.903,6616  ,942,952±2 (609),,同分异构
3387-41-5,Terpene,Sabinen,13.644,18818  ,972,974±2 (619),非靶确定,
123-35-3 ,Terpene,beta-Myrcene,14.944,31253  ,994,991±2 (840),非靶确定,
99-83-2,Terpene,alpha-Phellandrene,15.503,7460  ,1003,1005±2 (509),,分低
13466-78-9,Terpene,3-Carene,15.807,26049 ,1007,1011±2 (336),非靶确定,
99-86-5,Terpene,alpha-Terpinene,16.376,7462 ,1016,1017±2 (534),非靶确定,
527-84-4 ,Terpene,o-Cymene(x),16.876,10703 ,1023,1022±2 (114),,分低
138-86-3 ,Terpene,Limonene(X),16.96, 22311 ,1025,1030±2 (1004),,同分异构
470-82-6,Other,Eucalyptol(X),17.087,2758  ,1030,1032±2 (580),,分低
3338-55-4,Terpene,beta-cis-Ocimene(X),17.931,5320250,1039,1038±2 (446),,同分异构
3779-61-1,Terpene,trans-beta-Ocimene,18.613,5281553  ,1049,1049±2 (548),非靶确定,
99-85-4,Terpene,gamma-Terpinene,19.314,7461 ,1060,1060±3 (739),非靶确定,
17699-16-0,Terpene,trans-Sabinene hydrate,19.702,6326181  ,1066,1070±5 (339),非靶确定,
586-63-0 ,Terpene,Isoterpinolene,20.835,102443 ,1082,1086±3 (46),非靶确定,
586-62-9,Terpene,Terpinolene,21.144,11463 ,1087,1088±2 (607),非靶确定,
28587-54-4 ,Other,Unkown,21.428, 557147 ,1091,,,分低，无NIST RI
546-79-2 ,Terpene,4-Thujanol(X),21.737,62367,1096,1075±7 (13),,RI 相差大
78-70-6,Terpene,Linalool,22.105,6549,1101,1099±2 (976),非靶确定,
21195-59-5,Other,"p-Mentha-1,5,8-triene",22.6,527424  ,1108,1111±1 (58),非靶确定,
15714-10-0,Other,p-Menth-3-en-9-ol(X),23.115,579276  ,1116,1141±0 (2),,分低，RI相差大
29803-82-5,Other,cis-2-p-Menthen-1-ol(X),23.287,122485 ,1118,1122±3 (120),,同分异构
7643-59-6,Other,cis-Ocimenol(x),23.478, 13547825  ,1121,1157±N/A (1),,RI 相差大
460-01-5 ,Terpene,Cosmene,24.136,5368451  ,1131,1131±1 (4),非靶确定,
29803-81-4,Other,(E)-p-2-Menthen-1-ol,24.695,122484  ,1139,1140±4 (94),非靶确定,
464-41-5 ,Other,Bornyl chloride(x),25.735,12300207  ,1154,,,无NIST RI
18383-58-9 ,Other,trans-Chrysanthemol(X),26.21,6993677 ,1161,1163±0 (2),,分低
464-45-9 ,Terpene,L-Borneol(X),26.495,1201518,1165,1166±7 (3),,同分异构
562-74-3,Terpene,Terpinen-4-ol(X),27.496,11230 ,1180,1177±2 (764),,同分异构
74410-10-9 ,Other,Dill ether(X),27.78,126537  ,1184,1186±2 (13),,分低
1197-01-9,Terpene,p-Cymen-8-ol,27.942,14529,1186,1183±2 (237),非靶确定,
98-55-5,Terpene,alpha-Terpineol(X),28.236,17100 ,1190,1189±2 (811),,同分异构
16721-38-3,Terpene,"p-Menth-1-en-3-ol, cis-",28.467,85567 ,1194,1195±2 (63),非靶确定,
140-67-0 ,Terpene,Estragole,28.717,8815  ,1197,1196±1 (86),非靶确定,
16721-39-4 ,Terpene,trans-p-Menth-1-en-3-ol,29.379,85568 ,1207,1208±3 (86),非靶确定,
,Other,Unkown,29.889,,1215,,,分低，无NIST RI
,Other,Unkown,30.12,,1218,,,无NIST RI
4707-07-7,Other,Unkown,30.434,316461  ,1223,,,分低，无NIST RI
122-03-2,Terpene,"Benzaldehyde, 4-(1-methylethyl)-",31.424,326  ,1238,1239±3 (122),非靶确定,
89-81-6,Terpene,Piperitone,32.297,6987  ,1251,1253±3 (129),非靶确定,
370557-87-2,Other,Neothujyl acetate(x),32.366,,1252,1279±5 (2),,分低，RI相差大
115-95-7,Terpene,Linalyl acetate,32.758,8294  ,1257,1257±3 (153),非靶确定,
106-24-1,Terpene,Geraniolx(X),32.891,637566 ,1259,1255±3 (343),,分低
76-49-3 ,Terpene,Bornyl acetate(X),34.456,93009 ,1283,1285±3 (328),,同分异构
94-59-7 ,Benzene Derivative,Safrole,34.711,5144  ,1286,1287±2 (51),非靶确定,
4821-04-9,Terpene,4-Terpinenyl acetate(x),35.456,20960,1398,1301±19 (21),,同分异构
20307-84-0,Other,delta-EIemene(X),37.016,89316  ,1322,1338±2 (220),,RI 相差大
5208-59-3,Terpene,beta-Bourbonene(X),37.31,62566 ,1326,1384±3 (361),,RI 相差大
20307-84-0,Other,delta-EIemene,37.634,89316  ,1331,1338±2 (220),非靶确定,
10235-63-9,Terpene,gamma-Terpinyl acetate(X),38.178, 82480  ,1340,1341±13 (3),,分低
17699-14-8 ,Terpene,alpha-Cubebene(X),38.502,442359  ,1345,1351±2 (337),,分低
80-26-2 ,Terpene,alpha-Terpinyl acetate,38.63,111037 ,1347,1350±3 (156),非靶确定,
97-53-0,Other,Eugenol,39.253,3314  ,1356,1357±3 (355),非靶确定,
22469-52-9,Terpene,Cyclosativene,49.307,16212927 ,1364,1368±3 (76),非靶确定,
3856-25-5,Terpene,Copaene(X),40.18,12303902  ,1371,1376±2 (698),,同分异构
515-13-9,Terpene,beta-Elemen(X),41.386,6918391  ,1379,1391±2 (521),,RI 相差大
13744-15-5 ,Terpene,beta-Cubebene,41.004,93081  ,1383,1389±2 (261),非靶确定,
515-13-9,Terpene,beta-Elemen,41.16,6918391  ,1386,1391±2 (521),非靶确定,
3856-25-5,Terpene,Copaene(X),41.337,12303902  ,1388,1376±2 (698),,RI 相差大
489-40-7,Other,alpha-Gurjunene(X),42.083,16213731 ,1400,1409±2 (196),,RI 相差大
93-15-2,Other,Methyleugenol,42.563,7127 ,1408,1402±2 (165),非靶确定,
489-39-4,Terpene,Aromandendrene(X),43.986,11095734  ,1431,1440±1 (5),,RI 相差大
13474-59-4,Terpene,trans-alpha-Bergamotene(X),44.108,6429302  ,1433,1435±3 (183),,同分异构
25532-78-9 ,Other,Epi-beta-Santalene(X),44.388,11106484  ,1438,1448±2 (9),,RI 相差大
267665-20-3 ,Terpene,"Cadina-3,5-diene(X)",44.569,91723677  ,1440,1458±N/A (1),,RI 相差大
,Terpene,"cis-muurola-3,5-diene(X)",44.77,51351708 ,1444,1454±N/A (1),,RI 相差大
6753-98-6,Terpene,Humulene,44.888,5281520  ,1446,1454±3 (792),非靶确定,
157477-72-0,Other,"cis-Muurola-4(15),5-diene(X)",45.496,91747213  ,1456,1463±4 (52),,RI 相差大
18794-84-8,Terpene,(E)-beta-Famesene,45.599,5281517 ,1457,1457±2 (253),非靶确定,
6380-24-1,Benzene Derivative,cis-Methyl isoeugenol,45.737,1549045  ,1460,1456±4 (11),非靶确定,
157477-72-0,Other,"cis-Muurola-4(15),5-diene",46.208,91747213  ,1467,1463±4 (52),,分低
23986-74-5,Terpene,Germacrene D,46.698,5317570 ,1475,1481±3 (689),非靶确定,
17066-67-0,Terpene,beta-Eudesmene,46.875, 28237  ,1478,1486±3 (349),非靶确定,
54324-03-7,Other,Bicyclosesquiphellandrene,47.179,15694800 ,1483,1489±6 (11),非靶确定,
24703-35-3,Other,Bicyclogermacren(X),47.473,91224  ,1488,1495±4 (368),,同分异构
10208-80-7 ,Terpene,alpha-Muurolene,47.826,12306047  ,1494,1499±3 (427),非靶确定,
6379-72-2,Benzene Derivative,trans-Methylisoeugenol,48.268,637776  ,1501,1500±3 (14),非靶确定,
39029-41-9,Terpene,gamma-Cadinene,48.577,92313  ,150,1513±2 (485),非靶确定,
523-47-7,Terpene,"Cadina-3,9-diene(X)",49.278,10657,1518,1518±10 (30),,同分异构
607-91-0 ,Benzene Derivative,Myristicin,49.469,4276  ,152,1519±4 (51),非靶确定,
16728-99-7,Other,"Naphthalene, 1,2,3,4,4a,7-hexahydro-1,6-dimethyl-4-(1-methylethyl)-(x)",49.685,519298  ,1525,1533±4 (12),,RI 相差大
24406-05-1,Terpene,alpha-Cadinene,49.96, 12306048  ,1530,1538±1 (31),非靶确定,
21391-99-1,Other,alpha-Calacorene,50.239,12302243  ,1535,1542±3 (219),非靶确定,
50277-34-4 ,Other,beta-Calacorene(X),51.377,529621 ,1554,1563±3 (59),,RI 相差大
487-11-6,Benzene Derivative,Elemicin,51.681,10248  ,1559,1554±4 (56),非靶确定,
6750-60-3,Terpene,Spathulenol(X),52.162,92231 ,1568,1576±2 (539),,同分异构
6627-88-9,Other,"Phenol, 2,6-dimethoxy-4-(2-propenyl)-(X)",54.163,226486  ,1602,1608±5 (14),,分低
73365-77-2,Terpene,"Di-epi-1,10-cubenol",55.012, 12304220  ,1618,1614±3 (77),非靶确定,
5937-11-1,Terpene,alpha-epi-Cadinol,55.742,160799 ,1631,1640±2 (241),非靶确定,
21284-22-0 ,Terpene,Cubenol(x),56.066,11770062 ,1637,1642±3 (125),,同分异构
481-34-5,Terpene,alpha-Cadinol,56.483,10398656  ,1645,1653±2 (400),非靶确定,
5273-85-8,Benzene Derivative,Isoelemicin,56.866,5318557  ,1651,1654±N/A (1),非靶确定,
60031-93-8,Other,Unkown,57.861,108410  ,1670,1679±4 (3),,分低
124-06-1 ,Ester,"Tetradecanoic acid, ethyl ester(X)",63.723,31283 ,1798,1794±1 (45),,分低
167817-63-2,Other,"(E)-15,16-Dinorlabda-8(17),12-dien-14-al(X)",64.934,91715712 ,1911,1958±10 (2),,RI 相差大
1898-13-1,Other,Cembrenex(X),64.841,5377896 ,1919,1939±9 (13),,RI 相差大
