CAS,Class,Name,RT,CID,MSDIAL RI,NIST RI,Note,Unnamed: 8,Note.1
75-07-0,Aldehyde,Acetaldehyde,1.496,177 ,,404±23 (15),非靶确定,,解卷积
64-17-5,Alcohol,Ethanol,1.585,702 ,,427±19 (38),非靶确定,,解卷积
75-56-9,other,sec-Butylamine(x),1.653,6378 ,,493±22 (6),,分低,
431-03-8,Aldehyde,"2,3-Butanedione",2.002,650,,595±7 (128),非靶确定,,解卷积
123-72-8,Aldehyde,Butanal(X),2.026,261,,593±5 (41),,分低,
590-86-3,Aldehyde,"Butanal, 3-methyl-",2.482,11552,,652±5 (213),非靶确定,,
96-17-3,Aldehyde,"Butanal, 2-methyl-(X)",2.585,7284,,662±8 (146),,分低,
616-25-1,Alcohol,1-Penten-3-ol,2.777,12020,,684±4 (58),非靶确定,,
1629-58-9,Ketone,1-Penten-3-one,2.836,15394,,681±3 (26),非靶确定,,
96-22-0,Ketone,3-Pentanone,2.922,7288,,688±14 (31),非靶确定,,解卷积
3208-16-0,Furan,"Furan, 2-ethyl-",3.027,18554,,703±2 (57),非靶确定,,
623-36-9,Aldehyde,"2-Pentenal, 2-methyl-(x)",3.458,5319754 ,,837±9 (9),,"分低,RI相差大",
1576-87-0,Aldehyde,"2-Pentenal, (E)-(x)",3.89,5364752,,754±5 (30),,分低,
1576-87-0,Aldehyde,"2-Pentenal, (E)-",4.076,5364752,,754±5 (30),非靶确定,,
71-41-0,Alcohol,1-Pentanol,4.435,6276,,765±4 (146),非靶确定,,
1576-95-0,Alcohol,"2-Penten-1-ol, (Z)-",4.503,5364919 ,,767±2 (22),非靶确定,,
5187-71-3,Aldehyde,"4-Pentenal, 2-methyl-",5.229,521355 ,,793±N/A (1),非靶确定,,
66-25-1,Alcohol,Hexanal,5.278,6184,,800±2 (453),非靶确定,,
107-92-6,Acid,Butanoic acid,6.514,264,,805±17 (102),非靶确定,,解卷积
6728-26-3,Aldehyde,"2-Hexenal, (E)-",6.941,5281168,,854±3 (243),非靶确定,,
505-57-7,Aldehyde,2-Hexenal,7.603,5281168 ,,851±5 (53),非靶确定,,
928-96-1,Alcohol,"3-Hexen-1-ol, (Z)-",7.78,5281167 ,,857±3 (169),非靶确定,,
928-95-0,Alcohol,"2-Hexen-1-ol, (E)-",8.089,5318042,870.0,862±6 (63),非靶确定,,
111-27-3,Alcohol,1-Hexanol,8.172,8103,872.0,868±4 (223),非靶确定,,
503-74-2,Acid,"Butanoic acid, 3-methyl-(X)",8.462,10430,879.0,863±16 (120),,RI相差大,
108-93-0,Alcohol,Cyclohexanol,8.673,7966,884.0,880±11 (22),非靶确定,,
116-53-0,Acid,"Butanoic acid, 2-methyl-(X)",8.8,8314,887.0,861±14 (91),,RI相差大,
100-42-5,Benzene Derivative,Styrene,8.888,7501 ,889.0,893±5 (91),非靶确定,,
18295-27-7,other,"Butane, 2-iodo-3-methyl-(X)",9.104,519544,894.0,899±42 (2),,分低,
111-71-7,Aldehyde,Heptanal,9.516,8130,903.0,901±2 (292),非靶确定,,
543-49-7,Alcohol,2-Heptanol(X),9.59,10976,904.0,900±4 (53),,分低,
111-76-2,Alcohol,"Ethanol, 2-butoxy-",9.835,8133 ,908.0,906±2 (22),非靶确定,,解卷积
109-52-4,Acid,Pentanoic acid,9.984,7991,909.0,904±16 (47),非靶确定,,解卷积
142-83-6,Aldehyde,"2,4-Hexadienal, (E,E)-",9.943,637564,910.0,911±3 (32),非靶确定,,
33467-73-1,other,"3-Hexen-1-ol, formate, (Z)-",10.541,5365587 ,921.0,920±N/A (1),非靶确定,,解卷积
4245-35-6,Ester,Acrylic acid isoamyl ester(X),11.792,77920,942.0,940±1 (4),,分低,
57266-86-1,Aldehyde,"2-Heptenal, (Z)-",12.552,5362616 ,955.0,958±6 (19),非靶确定,,
100-52-7,Aldehyde,Benzaldehyde,12.621,240 ,956.0,962±3 (416),非靶确定,,
20697-55-6,Aldehyde,4-Oxohex-2-enal,13.014,3014106 ,963.0,957±N/A (1),非靶确定,,
2407-43-4,Furan,"2(5H)-Furanone, 5-ethyl-(x)",13.401,16997,970.0,966±3 (2),,分低,
2438-20-2,Ester,"1-Butanol, 2-methyl-, propanoate(x)",13.666,102817 ,974.0,970±4 (4),,分低,
98-83-9,Benzene Derivative,alpha-Methylstyrene,13.926,7407 ,979.0,976±16 (19),非靶确定,,解卷积
3391-86-4 ,Alcohol,1-Octen-3-ol(x),14.063,18827,981.0,980±2 (355),,分低,
3214-41-3,Ketone,"2,5-Octanedione(x)",14.343,6420399,986.0,984±2 (4),,分低,
110-93-0,Ketone,"5-Hepten-2-one, 6-methyl-",14.465,9862,988.0,986±2 (222),非靶确定,,
4313-03-5,Aldehyde,"2,4-Heptadienal, (E,E)-(x)",15.029,5283321,998.0,1012±4 (108),,RI相差大,
124-13-0,Aldehyde,Octanal,15.407,454,1003.0,1003±2 (364),非靶确定,,
3681-71-8,Ester,"3-Hexen-1-ol, acetate, (Z)-",15.795,5363388 ,1009.0,1005±2 (74),非靶确定,,
4313-03-5,Aldehyde,"2,4-Heptadienal, (E,E)-(x)",15.922,5283321,1011.0,1012±4 (108),,分低,
71932-97-3,Aldehyde,Unknown,16.319,144524,1017.0,,,无NIST RI,
1461-27-4,other,D-sylvestrene,16.79,12304570,1024.0,1027±3 (19),非靶确定,,解卷积
104-76-7,Alcohol,"1-Hexanol, 2-ethyl-",17.227,7720 ,1031.0,1030±3 (86),非靶确定,,
122-78-1,Aldehyde,Benzeneacetaldehyde,17.933,998 ,1041.0,1045±4 (378),非靶确定,,
695-06-7,Furan,"2(3H)-Furanone, 5-ethyldihydro-(X)",18.728,12756,1053.0,1057±8 (24),,分低,
5989-33-3,other,cis-Linalool oxide(X),19.88,6428573,1070.0,1074±4 (179),,分低,
19860-68-5,other,2-Methyl-6-methyleneoct-7-en-4-one(X),20.028,12402006,1072.0,1084±1 (2),,"分低,RI相差大",
1124-20-5,other,"Benzene, 1-methyl-3-(1-methylethenyl)-(X)",20.626,70759,1081.0,1082±2 (7),,分低,
27831-13-6,other,"Benzene, 4-ethenyl-1,2-dimethyl-(X)",20.94,33937,1086.0,1100±0 (2),,RI相差大,
34995-77-2,other,trans-Linalool oxide (furanoid)(X),21.004,6431475,1087.0,1086±5 (156),,分低,
38284-27-4,Ketone,"3,5-Octadien-2-one(X)",21.612,5352876 ,1096.0,1091±10 (20),,分低,
78-70-6,Alcohol,Linalool(X),21.941,6549,1101.0,1099±2 (976),,分低,
124-19-6,Aldehyde,Nonanal(X),22.201,31289 ,1105.0,1104±2 (556),,分低,
29957-43-5,other,"1,5,7-Octatrien-3-ol, 3,7-dimethyl-(X)",22.215,5366264,1105.0,1107±1 (18),,分低,
108-57-6,Benzene Derivative,"Benzene, 1,3-diethenyl-(X)",22.622,7941,1111.0,1116±N/A (1),,分低,
60-12-8,Alcohol,Phenylethyl Alcohol(X),22.877,6054 ,1115.0,1116±5 (262),,分低,
460-01-5,other,"2,6-Dimethyl-1,3,5,7-octatetraene, E,E-",23.354,5368451,1136.0,1131±1 (4),非靶确定,,解卷积
1125-21-9,Ketone,"2,6,6-Trimethyl-2-cyclohexene-1,4-dione(X)",24.751,62374,1142.0,1144±4 (25),,分低,
4432-63-7,Aldehyde,2-Phenylpropenal(X),25.673,10312,1155.0,1150±2 (4),,分低,
34246-54-3,other,"Benzaldehyde, 3-ethyl-",25.904,118623,1158.0,1168±N/A (1),非靶确定,,
4748-78-1,other,"Benzaldehyde, 4-ethyl-",26.904,20861 ,1173.0,1180±16 (5),非靶确定,,
91-20-3,Benzene Derivative,Naphthalene(X),26.939,931,1173.0,1182±8 (183),,分低,
14371-10-9,Aldehyde,Unknown,27.302,637511 ,1179.0,1270±4 (24),,分低,
119-36-8,Acid,Methyl salicylate,28.072,4133 ,1190.0,1192±2 (145),非靶确定,,
82700-43-4,Aldehyde,Benzylidenemalonaldehyde(X),28.469,583063  ,1196.0,1217±2 (2),,RI相差大,
112-31-2,Aldehyde,Decanal,29.126,8175 ,1205.0,1206±2 (406),非靶确定,,
29548-14-9,Terpene,p-Menth-1-en-9-al(X),29.465,520440,1210.0,1229±5 (9),,RI相差大,
432-25-7,Terpene,beta-Cyclocitral,29.793,9895,1215.0,1220±3 (75),非靶确定,,
623-27-8,Aldehyde,Unknown,30.534,12173,1226.0,1166±N/A (1),,RI相差大,
99-49-0,Terpene,Carvone(x),31.466,7439 ,1240.0,1242±4 (307),,分低,
475-03-6,other,alpha-Ionene(X),31.755,68057 ,1244.0,1258±2 (5),,"分低,RI相差大",
937-30-4,other,"Ethanone, 1-(4-ethylphenyl)-(X)",32.736,13642 ,1259.0,1277±4 (8),,RI相差大,
937-30-4,other,"Ethanone, 1-(4-ethylphenyl)-",33.943,13642 ,1277.0,1277±4 (8),非靶确定,,
91-57-6,other,"Naphthalene, 2-methyl-(x)",34.296,7055,1282.0,1298±10 (45),,RI相差大,
112-05-0,Acid,Nonanoic acid(X),34.69,8158,1287.0,1273±7 (97),,RI相差大,
90-12-0,other,"Naphthalene, 1-methyl-",35.331,7002,1297.0,1307±10 (53),非靶确定,,
629-50-5,Alkane,Tridecane(X),35.414,12388 ,1299.0,1300,,分低,
122-57-6,Ketone,"3-Buten-2-one, 4-phenyl-(X)",35.557,637759,1301.0,1337±9 (3),,"分低,RI相差大",
112-44-7,Aldehyde,Undecanal,35.89,8186 ,1306.0,1307±2 (152),非靶确定,,
13556-58-6,other,"Naphthalene, 1-ethyl-1,2,3,4-tetrahydro-(x)",37.931,139497,1337.0,1331±6 (3),,分低,
30364-38-6,other,Dehydro-ar-ionene(x),38.299,121677,1343.0,1354±8 (17),,"分低,RI相差大",
42775-75-7,other,"Naphthalene, 5-ethyl-1,2,3,4-tetrahydro-(X)",39.162,54756 ,1356.0,1354±8 (3),,分低,
92-52-4,Benzene Derivative,Biphenyl(X),39.883,7095  ,1367.0,1381±4 (43),,RI相差大,
6380-28-5,Ester,Carvacryl acetate,40.03,80792 ,1370.0,1371±3 (20),非靶确定,,解卷积
939-27-5,other,"Naphthalene, 2-ethyl-(X)",40.663,13652 ,1380.0,1391±6 (15),,"分低,RI相差大",
334-48-5,Acid,n-Decanoic acid(X),40.81,2969 ,1382.0,1373±6 (97),,分低,
581-42-0,other,"Naphthalene, 2,6-dimethyl-(X)",42.32,11387 ,1390.0,1401±8 (24),,RI相差大,
629-59-4,Alkane,Tetradecane,41.801,12389 ,1397.0,1400,非靶确定,,
575-37-1,other,"Naphthalene, 1,7-dimethyl-",42.203,11326,1403.0,1404±15 (2),非靶确定,,
575-41-7,other,"Naphthalene, 1,3-dimethyl-",43.375,11327,1423.0,1417±7 (12),非靶确定,,
1009-61-6,other,"Ethanone, 1,1'-(1,4-phenylene)bis-(X)",43.782,13888,1429.0,1461±10 (2),,RI相差大,
571-58-4,other,"Naphthalene, 1,4-dimethyl-(X)",44.282,11304 ,1437.0,1436±7 (15),,分低,
3796-70-1,Terpene,trans-Geranylacetone(X),45.008,1549778,1449.0,1453±2 (154),,分低,
131-11-3,other,Dimethyl phthalate(X),45.087,8554 ,1450.0,1454±5 (21),,分低,
2460-77-7,other,"2,5-di-tert-Butyl-1,4-benzoquinone(X)",45.553,17161,1458.0,1466±N/A (1),,RI相差大,
643-93-6,other,"1,1'-Biphenyl, 3-methyl-(x)",46.411,12564,1472.0,1486±3 (8),,"分低,RI相差大",
79-77-6,Terpene,trans-beta-Ionone,46.794,638014 ,1478.0,1486±4 (211),非靶确定,,
644-08-6,other,"1,1'-Biphenyl, 4-methyl-(X)",46.902,12566 ,1480.0,1492±5 (15),,"分低,RI相差大",
629-62-9,Alkane,Pentadecane,47.873,12391,1496.0,1500,非靶确定,,
96-76-4,Benzene Derivative,"2,4-Di-tert-butylphenol(X)",48.702,7311,1510.0,1519±6 (18),,分低,
2050-08-0,other,"Benzoic acid, 2-hydroxy-, pentyl ester(x)",51.885,16299 ,1565.0,1583±N/A (1),,RI相差大,
2882-96-4,Alkane,"Pentadecane, 3-methyl-",51.944,17899,1566.0,1570±1 (10),非靶确定,,
612-75-9,other,"3,3'-Dimethylbiphenyl(x)",52.581,11931,1577.0,1589±5 (14),,分低,
84-66-2,other,Diethyl Phthalate,53.263,6781,1588.0,1594±9 (32),非靶确定,,
6846-50-0,Alcohol,Kodaflex txib(X),53.371,23284 ,1590.0,1588±N/A (1),,分低,
544-76-3,Alkane,Hexadecane,53.641,11006,1595.0,1600,非靶确定,,
119-61-9,Ketone,Benzophenone(X),54.72,3102 ,1614.0,1635±10 (27),,RI相差大,
4536-86-1,other,"Benzene, (1-propyloctyl)-(X)",55.941,20654,1637.0,1643±1 (4),,分低,
1795-16-0,other,"Cyclohexane, decyl-(X)",56.363,15713,1644.0,1656±1 (15),,"分低,RI相差大",
,other,Unknown,56.809,,1652.0,,,,
4536-87-2,other,"Benzene, (1-ethylnonyl)-(X)",57.001,20655,1656.0,1667±3 (2),,"分低,RI相差大",
629-82-3,other,"Octane, 1,1'-oxybis-(X)",57.148,12399,1659.0,1659±2 (2),,分低,
,other,"1,3-di-iso-propylnaphthalene",57.364,92672 ,1663.0,1662±N/A (1),非靶确定,,
6259-76-3,other,n-Hexyl salicylate(X),57.599,22629,1667.0,1683±0 (2),,RI相差大,
,other,"1,7-di-iso-propylnaphthalene(X)",57.619,3023652,1667.0,1667±N/A (1),,分低,
4536-88-3,other,"Benzene, (1-methyldecyl)-(X)",58.992,20656 ,1693.0,1708±7 (2),,RI相差大,
629-78-7,Alkane,Heptadecane,59.124,12398,1695.0,1700,非靶确定,,
3910-35-8,other,"Indan, 1,1,3-trimethyl-3-phenyl-(X)",59.419,19793 ,1700.0,1714±0 (2),,RI相差大,
24157-81-1,other,"2,6-Diisopropylnaphthalene(X)",59.551,32241,1703.0,1728±2 (16),,RI相差大,
,other,"1,4-di-iso-propylnaphthalene",59.708,90375,1707.0,1709±N/A (1),非靶确定,,
24157-81-1,other,"2,6-Diisopropylnaphthalene",60.243,32241,1719.0,1728±2 (16),非靶确定,,
2719-62-2,other,"Benzene, (1-pentylheptyl)-(x)",60.527,17629 ,1726.0,1726±1 (4),,分低,
2719-63-3,other,"Benzene, (1-butyloctyl)-(x)",60.763,17630,1731.0,1730±2 (4),,分低,
2719-64-4,other,"Benzene, (1-propylnonyl)-(x)",61.356,17631,1745.0,1742±1 (2),,分低,
54105-66-7,other,"Cyclohexane, undecyl-",61.915,40997 ,1757.0,1760±N/A (1),非靶确定,,
85-01-8,other,Phenanthrene,62.288,995,1766.0,1775±14 (69),非靶确定,,
629-78-7,Alkane,Heptadecane,63.71,12398,1798.0,1800,非靶确定,,
110-27-0,other,Isopropyl myristate(x),64.117,8042,1831.0,1827±4 (39),,分低,
84-69-5,other,Diisobutyl phthalate,64.544,6782 ,1871.0,1870±4 (32),非靶确定,,
629-92-5,Alkane,Nonadecane,64.824,12401 ,1897.0,1900,非靶确定,,
112-39-0,Ester,"Hexadecanoic acid, methyl ester",65.03,8181,1928.0,1926±2 (136),非靶确定,,
84-74-2,other,Dibutyl phthalate,65.275,3026,1967.0,1965±6 (40),非靶确定,,
