CAS,Class,Name,RT,CID,MSDIAL RI,NIST RI,Note,Note.1
64-17-5,Alcohol,Ethanol,1.57,702 ,,427±19 (38),非靶确定,
67-64-1,Ketone,Acetone(x),1.648,180,,486±16 (51),,分低
78-79-5,Other,Isoprene(X),1.683,6557,,498±2 (14),,同分异构
78-94-4,Ketone,Methyl vinyl ketone,2.021,6570  ,,576±22 (6),非靶确定,
115-18-4 ,Alcohol,"3-Buten-2-ol, 2-methyl-",2.129,8257  ,,614±6 (9),非靶确定,
28314-61-6 ,Other,Phosphorocyanidothioic difluoride(X),3.144,550376 ,,,,无NIST RI
108-88-3,Benzene Derivative,Toluene,4.385,1140 ,,763±8 (328),非靶确定,解卷积
556-82-1,Alcohol,Prenol,4.753,11173 ,,775±4 (45),非靶确定,
141-79-7,Ketone,"3-Penten-2-one, 4-methyl-",5.288,8858,,798±4 (18),非靶确定,
508-32-7,Terpene,Tricyclene,10.389,79035 ,916.0,925±2 (220),非靶确定,
2867-05-2,Terpene,3-Thujene(X),11.1,17868,928.0,929±2 (488),,同分异构
79-92-5,Terpene,Camphene(x),11.846,6616  ,941.0,952±2 (609),,RI 相差大
36262-09-6,Terpene,Dehydrosabinene,12.228,524198,948.0,956±2 (59),非靶确定,
3387-41-5,Terpene,Sabinen,13.513,18818  ,969.0,974±2 (619),非靶确定,
3391-86-4,Alcohol,1-Octen-3-ol,14.254,18827,982.0,980±2 (355),,
3524-87-6,Other,"4(1H)-Pyrimidinone, 6-methyl-(X)",14.362,135431249 ,984.0,,,分低，无NIST RI
92760-25-3,Other,"2,3-Dehydro-1,8-cineole(X)",14.563,523035,987.0,991±2 (44),,分低
110-93-0,Ketone,"5-Hepten-2-one, 6-methyl-",14.632,9862 ,989.0,986±2 (222),非靶确定,
123-35-3 ,Terpene,beta-Myrcene,14.754,31253  ,991.0,991±2 (840),非靶确定,
99-83-2,Terpene,alpha-Phellandrene,15.353,7460  ,1001.0,1005±2 (509),非靶确定,
527-84-4,Terpene,o-Cymene(X),15.422, 10703  ,1002.0,1022±2 (114),,RI 相差大
99-86-5,Terpene,alpha-Terpinene,16.174,7462 ,1013.0,1017±2 (534),非靶确定,
527-84-4,Terpene,o-Cymene(X),16.751, 10703  ,1022.0,1022±2 (114),,同分异构
470-82-6,Other,Eucalyptol,17.226,2758  ,1029.0,1032±2 (580),非靶确定,
3338-55-4,Terpene,beta-cis-Ocimene(X),17.854,5320250,1038.0,1038±2 (446),,同分异构
3779-61-1,Terpene,trans-beta-Ocimene(X),18.502,5281553  ,1048.0,1049±2 (548),,分低
99-85-4,Terpene,gamma-Terpinene,19.012,7461 ,1055.0,1060±3 (739),非靶确定,
98-86-2,Ketone,Acetophenone,19.728,7410  ,1066.0,1065±4 (134),非靶确定,解卷积
4125-18-2,Other,Unkown,19.89,138124  ,1068.0,,,分低，无NIST RI
5989-33-3,Furan,cis-Linalool oxide,20.017,6428573,1070.0,1074±4 (179),非靶确定,
1195-79-5 ,Terpene,Fenchone(X),20.886,14525 ,1083.0,1096±N/A (1),,RI 相差大
586-62-9,Terpene,Terpinolene(X),20.969,11463 ,1084.0,1088±2 (607),非靶确定,
1195-32-0,Terpene,p-Cymenene,21.067,62385  ,1086.0,1090±2 (106),非靶确定,
42452-48-2,Other,"2,4-Heptadienal, 2,4-dimethyl-(X)",21.611,572860  ,1094.0,1090±0 (3),,分低
78-70-6,Terpene,Linalool,22.171,6549,1102.0,1099±2 (976),非靶确定,
29957-43-5 ,Other,Hotrienol,22.391,5366264 ,1105.0,1107±1 (18),,
95-93-2,Benzene Derivative,Durene(X),22.563,7269  ,1108.0,1116±9 (32),,分低
1632-73-1,Terpene,Fenchol,22.691,15406 ,1110.0,1113±4 (39),非靶确定,
473-06-3,Other,Chrysanthenone,23.47,442463 ,1121.0,1123±3 (52),非靶确定,
4501-58-0 ,Aldehye,alpha-Campholenal,23.549,1252759 ,1122.0,1125±2 (165),非靶确定,
460-01-5 ,Terpene,Cosmene,24.01,5368451  ,1129.0,1131±1 (4),非靶确定,
547-61-5 ,Terpene,L-Pinocarveol(X),24.339, 1201530  ,1134.0,1139±2 (234),,同分异构
464-48-2,Terpene,(-)-Alcanfor(X),24.682,444294,1139.0,1142±3 (2),,同分异构
89-79-2,Terpene,Isopulegol,24.873,170833  ,1142.0,1146±3 (32),非靶确定,
1686-20-0,Other,"p-Mentha-1,5-dien-8-ol(X)",25.148,519323 ,1145.0,1167±3 (83),,RI 相差大
547-60-4,Terpene,trans-3-Pinanone,25.781,6427105 ,1155.0,1160±3 (48),非靶确定,
30460-92-5,Terpene,Pinocarvone(X),25.928,121719,1157.0,1164±N/A (1),,同分异构
464-45-9 ,Terpene,L-Borneol,26.217,1201518,1161.0,1166±7 (3),非靶确定,
507-70-0,Terpene,endo-Borneol,26.453,64685  ,1164.0,1167±2 (422),非靶确定,
7299-42-5,Terpene,delta-Terpineol,26.6,81722  ,1167.0,1166±3 (35),非靶确定,
15358-88-0 ,Terpene,"3-Pinanone, cis",26.703,11038  ,1168.0,1173±2 (40),非靶确定,
562-74-3,Terpene,Terpinen-4-ol,27.076,11230 ,1173.0,1177±2 (764),非靶确定,
143-08-8,Alcohol,1-Nonanol(X),27.507,8914 ,1180.0,1173±2 (61),,分低
1197-01-9,Terpene,p-Cymen-8-ol,27.272,14529  ,1191.0,1183±2 (237),非靶确定,
98-55-5,Terpene,alpha-Terpineol(X),28.052,17100 ,1194.0,1189±2 (811),,同分异构
140-67-0,Benzene Derivative,Estragole,28.67,8815 ,1197.0,1196±1 (86),非靶确定,
515-00-4,Terpene,Myrtenol,28.92,10582 ,1200.0,1195±2 (203),非靶确定,
1196-01-6,Terpene,Levoverbenone(X),29.675,92874,1212.0,1204±N/A (1),,同分异构
107598-08-3,Other,"2-Oxabicyclo[2.2.2]octan-6-one, 1,3,3-trimethyl-",29.778,112203  ,1213.0,1217±N/A (1),非靶确定,
1197-07-5,Terpene,trans-Carveol,30.112,5287883 ,1218.0,1217±2 (217),非靶确定,
92999-78-5,Terpene,exo-2-Hydroxycineole(X),30.337,529885  ,1221.0,1224±5 (6),,同分异构
10160-87-9,Other,"3,3-Diethoxy-1-propyne(X)",30.435,66285,1223.0,,,无NIST RI
106-22-9,Terpene,Citronellol,31.004,8842  ,1231.0,1228±3 (181),非靶确定,
41370-29-0,Alcohol,Unkown,31.073,6449789  ,1232.0,,,分低，无NIST RI
122-03-2,Terpene,"Benzaldehyde, 4-(1-methylethyl)-",31.338,326 ,1236.0,1239±3 (122),非靶确定,
22451-48-5,Terpene,trans-Shisool(X),31.431,519954,1238.0,1248±N/A (1),,分低，RI相差大
99-49-0,Terpene,Carvone(X),31.637,7439 ,1241.0,1242±4 (307),,同分异构
53404-49-2,Other,"2,3-Pinanediol(X)",31.838,62044 ,1244.0,1244±N/A (1),,分低
69817-88-5,Other,Unkown,32.047,71374354  ,1247.0,,,分低，无NIST RI
514-99-8,Alcohol,Myrtanol(X),32.191,521314  ,1249.0,1254±4 (2),,RI 相差大
89-81-6,Terpene,Piperitone,32.309,6987 ,1251.0,1253±3 (129),非靶确定,
25679-28-1,Benzene Derivative,cis-Anethole(X),32.363,1549040 ,1252.0,1254±8 (13),,分低
123-11-5,Aldehye,"Benzaldehyde, 4-methoxy-",32.476,31244,1253.0,1251±3 (44),非靶确定,
106-24-1,Terpene,Geraniol(X),33.015,637566 ,1261.0,1255±3 (343),,分低
14371-10-9,Other,"Cinnamaldehyde, (E)-(X)",33.545,637511  ,1269.0,1270±4 (24),,同分异构
5392-40-5,Terpene,Citral,33.727,638011 ,1272.0,1276±N/A (1),非靶确定,
183296-46-0,Other,7-Hydroxythujone(X),34.178,,1279.0,1272±0 (2),,分低
104-46-1,Benzene Derivative,Anethole(X),34.531,637563  ,1284.0,1286±2 (6),,同分异构
89-83-8,Terpene,Thymol,35.026,6989  ,1291.0,1291±2 (277),非靶确定,
536-59-4,Terpene,Perilla alcohol(X),35.399,10819 ,1297.0,1296±3 (40),,分低
499-75-2 ,Terpene,Carvacrol,35.561,10364  ,1299.0,1299±2 (278),非靶确定,
1619-26-7,Other,Isoascaridol,35.698,351031,1301.0,1306±3 (5),非靶确定,
2219-78-5,Benzene Derivative,"Phenol, 2-ethyl-4,5-dimethyl-",35.958,247477  ,1305.0,1305±3 (4),非靶确定,
,Other,Unkown,36.444,,1313.0,,,分低，无NIST RI
499-06-9,Acid,"Benzoic acid, 3,5-dimethyl-(X)",36.65,10356 ,1316.0,,,分低，无NIST RI
1079-01-2 ,Other,Myrtenyl acetate,37.067,11435490 ,1322.0,1327±4 (22),非靶确定,
22539-72-6,Other,"p-Mentha-1,4-dien-7-ol(X)",37.454, 519966  ,1328.0,1330±4 (5),,分低
514-95-4,Other,"1,5,5-Trimethyl-6-methylene-cyclohexene(X)",37.763,578237 ,1333.0,1338±N/A (1),,分低
491-09-8,Terpene,Piperitenone,37.95,381152  ,1336.0,1340±4 (41),非靶确定,
80-26-2 ,Terpene,alpha-Terpinyl acetate(X),38.662,111037  ,1346.0,1350±3 (156),,分低
97-53-0,Other,Eugenol,39.176,3314  ,1355.0,1357±3 (355),非靶确定,
29021-36-1,Other,Unkown,39.431,119852 ,1359.0,1381±N/A (1),,分低，RI相差大
72257-53-5,Other,"2-Acetoxy-1,8-cineole(X)",39.583,175002 ,1361.0,1345±6 (7),,RI 相差大
,Other,Shisool formate(X),39.794,,1365.0,1335±N/A (1),,RI 相差大
14912-44-8,Terpene,Ylangene(X),40.01,20055075 ,1368.0,1372±2 (170),,分低
459-80-3,Acid,Geranic acid(X),40.319,5275520 ,1373.0,1355±N/A (1),,RI 相差大
105-87-3,Ester,Geranyl acetate,41.094,1549026 ,1385.0,1382±3 (206),非靶确定,
488-10-8,Other,cis-Jasmone(X),41.766,1549018 ,1395.0,1394±3 (59),,分低
93-15-2,Terpene,Methyleugenol,42.354,7127,1404.0,1402±2 (165),非靶确定,
87-44-5,Terpene,Caryophyllene(X),42.722,5281515 ,1410.0,1419±3 (983),,RI 相差大
87-44-5,Terpene,Caryophyllene(X),43.188,5281515 ,1418.0,1419±3 (983),,分低
489-39-4,Terpene,Aromandendrene,44.527,11095734 ,1440.0,1440±1 (5),非靶确定,
6753-98-6,Terpene,Humulene(X),44.713,5281520 ,1443.0,1454±3 (792),,RI 相差大
3796-70-1,Terpene,trans-Geranylacetone(X),45.194,1549778  ,1451.0,1453±2 (154),,同分异构
30021-74-0,Terpene,gamma-Muurolene(X),46.263,6432308  ,1468.0,1477±3 (392),,RI 相差大
644-30-4,Terpene,alpha-Curcumene,46.798,92139  ,1477.0,1483±3 (162),,
55153-12-3,Other,"Ethanone, 2-(formyloxy)-1-phenyl-(X)",47.259,569595 ,1484.0,,,无NIST RI
4630-07-3,Terpene,Valencen,47.764,9855795 ,1493.0,1492±3 (152),非靶确定,
629-62-9,Alkane,Pentadecane(X),48.039,12391 ,1497.0,1500,,分低
29837-07-8,Terpene,cis-alpha-Bisabolene,48.343,5352653,1502.0,1504±4 (32),非靶确定,
502-61-4,Terpene,alpha-Farnesene(X),48.5,5281516 ,1505.0,1508±2 (262),,分低
128-37-0,Benzene Derivative,Butylated Hydroxytoluene,48.608,31404  ,1507.0,1513±5 (51),,
5875-45-6,Other,"Phenol, 2,5-bis(1,1-dimethylethyl)-",48.897,79983,1512.0,1514±N/A (1),非靶确定,
483-77-2 ,Terpene,L-calamenene(X),49.015,6429077  ,1514.0,1523±5 (145),,RI 相差大
523-47-7,Terpene,"Cadina-3,9-diene(X)",49.084,10657 ,1515.0,1518±10 (30),,同分异构
17092-92-1,Furan,"Actinidiolide, dihydro-(X)",49.216,27209 ,1517.0,1532±10 (26),,RI 相差大
21391-99-1,Terpene,alpha-Calacorene(X),50.109,12302243 ,1533.0,1542±3 (219),,RI 相差大
90548-09-7,Other,Unkown,50.496,565675  ,1539.0,,,分低，无NIST RI
5986-49-2,Other,Palustrol(X),51.541,110745  ,1557.0,1568±2 (9),,RI 相差大
1139-30-6 ,Terpene,Caryophyllene oxide(X),52.282,1742210  ,1570.0,1581±2 (669),,RI 相差大
77171-55-2,Terpene,(-)-Spathulenol(X),52.375,13854255,1571.0,1577±5 (6),,分低
1139-30-6 ,Terpene,Caryophyllene oxide(X),53.233,1742210  ,1586.0,1581±2 (669),,分低
3155-71-3,Other,Unkown,53.591,5369997 ,1592.0,1584±0 (2),,RI 相差大
19888-34-7,Terpene,Humulene epoxide 2,53.782,92476330  ,1596.0,1606±2 (160),非靶确定,
54275-21-7,Other,13-nor-Eremophil-1(10)-en-11-one(X),54.376,6428349  ,1606.0,1629±N/A (1),,RI 相差大
19431-79-9,Terpene,"Caryophylla-4(12),8(13)-dien-5alpha-ol(X)",56.12,,1620.0,1637±4 (25),,RI 相差大
19431-79-9,Terpene,"Caryophylla-4(12),8(13)-dien-5alpha-ol(X)",56.347,,1624.0,1637±4 (25),,RI 相差大
1211-29-6,Other,Methyl jasmonate,56.407,5281929 ,1643.0,1638±17 (7),非靶确定,
79580-01-1,Other,"11,11-Dimethyl-4,8-dimethylenebicyclo[7.2.0]undecan-3-ol",56.598,91715484  ,1647.0,1646±N/A (1),非靶确定,
28102-79-6,Other,Zizanol(X),57.353, 101306903  ,1660.0,1677±N/A (1),,分低，RI相差大
629-78-7,Alkane,Heptadecane(X),59.747,12398  ,1705.0,1700,,分低
120-51-4 ,Benzene Derivative,Benzyl Benzoate,62.513,2345 ,1769.0,1762±4 (119),非靶确定,
104-66-5 ,Benzene Derivative,"Ethane, 1,2-diphenoxy-(X)",63.847,7713 ,1802.0,1811±N/A (1),,RI 相差大
502-69-2,Terpene,"2-Pentadecanone, 6,10,14-trimethyl-(X)",64.362,10408  ,1852.0,1844±4 (20),,RI 相差大
39702-28-8,Other,"Isopimara-9(11),15-diene",64.892,14239488 ,1904.0,1906±4 (4),非靶确定,
