CAS,Class,Name,RT,CID,MSDIAL RI,NIST RI,Note,Note.1
64-17-5,Alcohol,Ethanol,1.575,702 ,,427±19 (38),非靶确定,
67-63-0,Alcohol,Isopropyl Alcohol,1.653,3776 ,,486±26 (33),非靶确定,解卷积
78-79-5,Terpene,Isoprene,1.687,6557 ,,498±2 (14),非靶确定,解卷积
71-23-8,Alcohol,1-Propanol,1.874,1031,,555±8 (49),非靶确定,解卷积
64-19-7,Acid,Acetic acid,2.198,176 ,,610±10 (91),非靶确定,
71-36-3,Alcohol,1-Butanol,2.634,263 ,,659±8 (80),非靶确定,解卷积
616-25-1,Alcohol,1-Penten-3-ol(X),2.845,12020  ,,684±4 (58),,分低
79-09-4,Acid,Propanoic acid,3.247,1032 ,,700±20 (26),非靶确定,
123-51-3,Alcohol,"1-Butanol, 3-methyl-",3.728,31260  ,,736±5 (154),非靶确定,解卷积
137-32-6,Alcohol,"1-Butanol, 2-methyl-",3.797,8723 ,,739±5 (105),非靶确定,解卷积
497-03-0,Aldehyde,"2-Butenal, 2-methyl-, (E)-(x)",3.885,5321950  ,,745±7 (9),,同分异构
71-41-0,Alcohol,1-Pentanol,4.464,6276 ,,765±4 (146),非靶确定,
4675-87-0,Alcohol,"2-Buten-1-ol, 2-methyl-(X)",4.527,20799 ,,769±3 (2),,分低
4675-87-0,Alcohol,"2-Buten-1-ol, 2-methyl-",4.611,20799 ,,769±3 (2),非靶确定,
66-25-1,Aldehyde,Hexanal,5.351,6184 ,,800±2 (453),非靶确定,
503-74-2,Acid,"Butanoic acid, 3-methyl-(X)",7.74,10430 ,,863±16 (120),,分低
111-27-3,Alcohol,1-Hexanol,8.118,8103 ,868.0,868±4 (223),非靶确定,
543-49-7,Alcohol,2-Heptanol(X),9.741,10976  ,905.0,900±4 (53),,分低
3391-86-4 ,Alcohol,1-Octen-3-ol(X),14.269,18827 ,982.0,980±2 (355),,分低
123-35-3,Terpene,beta-Myrcene(X),14.769,31253,991.0,991±2 (840),,分低
3777-69-3,Furan,"Furan, 2-pentyl-(X)",14.799, 19602 ,991.0,993±2 (179),,分低
,Other,"6-Hepten-1-ol, 2-methyl-(X)",15.137,565262,997.0,994±N/A (1),,分低
142-62-1,Acid,Hexanoic acid(X),16.138,8892 ,1011.0,990±16 (133),,RI 相差大
99-87-6 ,Terpene,p-Cymene(X),16.726,7463 ,1021.0,1025±2 (820),,同分异构
1461-27-4 ,Terpene,D-sylvestrene(X),16.986,102625  ,1024.0,1027±3 (19),,同分异构
470-82-6,Other,Eucalyptol,17.084,2758  ,1027.0,1032±2 (580),非靶确定,
104-76-7,Alcohol,"1-Hexanol, 2-ethyl-",17.413,7720 ,1031.0,1030±3 (86),非靶确定,
122-78-1,Aldehyde,Benzeneacetaldehyde(X),18.281,998 ,1044.0,1045±4 (378),,分低
695-06-7,Furan,"2(3H)-Furanone, 5-ethyldihydro-",18.968,12756 ,1055.0,1057±8 (24),非靶确定,
5989-33-3,Furan,cis-Linalool oxide(X),20.047,6428573,1071.0,1074±4 (179),,分低
78-70-6,Terpene,Linalool,22.058,6549,1101.0,1099±2 (976),非靶确定,
124-19-6,Aldehyde,Nonanal(X),22.377,31289,1105.0,1104±2 (556),,分低
78-59-1,Ketone,Isophorone,23.294,6544,1119.0,1124±6 (51),非靶确定,解卷积
1125-21-9,Ketone,4-Oxoisophorone(X),24.962,62374,1143.0,1144±4 (25),,分低
562-74-3,Terpene,Terpinen-4-ol(X),27.071,11230 ,1173.0,1177±2 (764),,分低
98-55-5,Terpene,alpha-Terpineol(X),28.12,17100 ,1189.0,1189±2 (811),,分低
140-67-0 ,Terpene,Estragole,28.763,8815  ,1198.0,1196±1 (86),非靶确定,
,,"2,4,4-Trimethyl-1-pentanol, 2-methylpropionate(X)",29.347,,1207.0,1208±N/A (1),,分低
2082-59-9,Other,Valeric anhydride(x),33.187,74959  ,1264.0,1283±N/A (1),,RI 相差大
104-46-1,Benzene Derivative,Anethole,34.732,637563  ,1287.0,1286±2 (6),非靶确定,
97-53-0 ,Other,Eugenol,39.348,3314,1358.0,1357±3 (355),非靶确定,
104-61-0,Furan,"2(3H)-Furanone, dihydro-5-pentyl-(X)",39.721, 7710,1363.0,1363±5 (82),,分低
629-59-4,Alkane,Tetradecane(X),41.972,12389 ,1398.0,1400,,分低
17334-55-3,Terpene,beta-Gurjunene(X),44.361, 28481  ,1437.0,1432±3 (234),,分低
157477-72-0,Other,"cis-Muurola-4(15),5-diene(X)",45.313,91747213 ,1443.0,1463±4 (52),,RI 相差大
22567-17-5,Terpene,gamma-Gurjunene,46.23,90805 ,1468.0,1473±2 (85),非靶确定,
483-75-0,Other,"Naphthalene, 1,2,4a,5,6,8a-hexahydro-4,7-dimethyl-1-(1-methylethyl)-",47.333,101708,1486.0,1486±3 (349),非靶确定,
473-13-2,Terpene,alpha-Selinene(X),47.745,10856614 ,1492.0,1494±3 (196),,
150320-52-8,Other,"Bicyclo[4.4.0]dec-1-ene, 2-isopropyl-5-methyl-9-methylene-",48.442,595137  ,1504.0,1507±4 (2),非靶确定,
483-77-2,Terpene,L-calamenene(X),49.026,6429077  ,1514.0,1523±5 (145),,RI 相差大
523-47-7,Terpene,"Cadina-3,9-diene(X)",49.084,10657 ,1515.0,1518±10 (30),,分低
17092-92-1,Other,"Actinidiolide, dihydro-(X)",49.241,27209  ,1518.0,1532±10 (26),,RI 相差大
21391-99-1,Other,alpha-Calacorene,50.119,12302243  ,1533.0,1542±3 (219),,RI 相差大
6846-50-0,Alcohol,Kodaflex txib(X),53.573,23284 ,1592.0,1588±N/A (1),,分低
19912-67-5,Terpene,Epicubenol(X),54.088,12046149  ,1601.0,1627±2 (144),,RI 相差大
19435-97-3,Terpene,delta-Cadinol,55.731,3084311 ,1631.0,1645±2 (220),,"分低,RI相差大"
629-78-7,Alkane,Heptadecane(X),59.302,12398,1696.0,1700,,分低
593-45-3,Alkane,Octadecane(X),63.775,11635,1799.0,1800,,分低
502-69-2,Terpene,"2-Pentadecanone, 6,10,14-trimethyl-(X)",64.368,10408 ,1852.0,1844±4 (20),,"分低,RI相差大"
629-92-5,Alkane,Nonadecane,64.854,12401 ,1899.0,1900,非靶确定,解卷积
112-39-0,Other,"Hexadecanoic acid, methyl ester",65.07,8181 ,1932.0,1926±2 (136),非靶确定,
