CAS,Class,Name,RT,CID,MSDIAL RI,NIST RI,Note,Note.1
64-17-5,Alcohol,Ethanol,1.584,702  ,,427±19 (38),非靶确定,
108-88-3,Benzene Derivative,Toluene,4.415,1140  ,,763±8 (328),非靶确定,
111-66-0,Other,1-Octene(X),5.052,8125  ,,789±4 (103),,峰低
51756-18-4,Ketone,"5-Hexen-2-one, 5-methyl-3-methylene-(x)",8.839,103953  ,886.0,880±6 (2),,分低
508-32-7,Terpene,Tricyclene,10.414,79035 ,917.0,925±2 (220),非靶确定,
2867-05-2,Terpene,3-Thujene,10.821,17868 ,924.0,929±2 (488),非靶确定,
80-56-8,Terpene,alpha-Pinene,11.154,6654,929.0,937±3 (995),非靶确定,
79-92-5,Terpene,Camphene,11.87,6616  ,941.0,952±2 (609),非靶确定,
36262-09-6,Terpene,"2,4(10)-Thujadiene(X)",12.258,524198  ,948.0,956±2 (59),,分低
3387-41-5,Terpene,Sabinen,13.465,18818 ,969.0,974±2 (619),非靶确定,
123-35-3,Terpene,beta-Myrcene,14.779,31253 ,991.0,991±2 (840),非靶确定,
99-83-2,Terpene,alpha-Phellandrene,15.417,7460  ,1002.0,1005±2 (509),非靶确定,
99-86-5,Terpene,alpha-Terpinene,16.192,7462,1013.0,1017±2 (534),非靶确定,
527-84-4 ,Terpene,o-Cymene(X),16.751,10703  ,1021.0,1022±2 (114),,同分异构
1461-27-4,Terpene,D-sylvestrene,17.045,102625 ,1026.0,1027±3 (19),非靶确定,
3338-55-4,Terpene,beta-cis-Ocimene,17.884,5320250  ,1038.0,1038±2 (446),非靶确定,
3779-61-1 ,Terpene,trans-beta-Ocimene,18.536, 5281553 ,1048.0,1049±2 (548),非靶确定,
99-85-4,Terpene,gamma-Terpinene,19.037,7461  ,1055.0,1060±3 (739),非靶确定,
586-62-9 ,Terpene,Terpinolene(x),21.008,11463  ,1085.0,1088±2 (607),,同分异构
1195-32-0,Terpene,p-Cymenene,21.151, 62385  ,1087.0,1090±2 (106),非靶确定,
15358-88-0 ,Terpene,"3-Pinanone, cis",26.728,11038  ,1168.0,1173±2 (40),非靶确定,
562-74-3,Terpene,Terpinen-4-ol(X),27.125,11230  ,1174.0,1177±2 (764),,分低
38049-26-2,Alcohol,Dihydrocarveol,28.435,443163  ,1192.0,1192±10 (21),,
16022-08-5,Other,"2-Norpinanone, 3,6,6-trimethyl-(X)",28.901,85945 ,1199.0,1176±0 (3),,RI 相差大
80-57-9,Terpene,2-Pinen-4-one,29.318,29025 ,1205.0,1205±2 (185),非靶确定,
31574-44-4,Other,Isothymol methyl ether,30.917,161716  ,1229.0,1230±15 (2),非靶确定,
1076-56-8 ,Terpene,Methyl thymyl ether,31.196,14104  ,1233.0,1235±2 (115),非靶确定,
6379-73-3,Other,p-Cymene-2-ol methyl ether,31.824,80790  ,1243.0,1244±2 (63),非靶确定,
514-95-4,Other,"1,5,5-Trimethyl-6-methylene-cyclohexene",37.637,578237  ,1330.0,1338±N/A (1),非靶确定,
17699-14-8,Terpene,alpha-Cubebene(X),38.456,442359  ,1343.0,1351±2 (337),,RI 相差大
14912-44-8,Terpene,Ylangene(X),40.03,20055075  ,1367.0,1372±2 (170),,同分异构
13744-15-5,Terpene,beta-Cubebene,41.007,93081  ,1382.0,1389±2 (261),非靶确定,
515-13-9,Terpene,beta-Elemen,41.163,6918391  ,1385.0,1391±2 (521),非靶确定,
87-44-5,Terpene,Caryophyllene,42.63,5281515 ,1408.0,1419±3 (983),非靶确定,
18252-44-3,Other,beta-Copaene(X),43.292,87529  ,1419.0,1432±3 (71),,
14753-08-3,Other,Thymohydroquinone dimethyl ether(X),43.498,6427071  ,1422.0,1422±3 (13),,分低
489-39-4,Terpene,Aromandendrene(X),43.822,11095734,1427.0,1440±1 (5),,RI 相差大
6753-98-6,Terpene,Humulene,44.71,5281520  ,1442.0,1454±3 (792),非靶确定,
25246-27-9,Terpene,Alloaromadendrene(X),45.146,10899740 ,1449.0,1461±2 (343),,RI 相差大
157477-72-0,Other,"cis-Muurola-4(15),5-diene",45.333,91747213 ,1452.0,1463±4 (52),非靶确定,
515-17-3,Other,gamma-Selinene(X),46.172,10655819 ,1466.0,1479±6 (15),,
23986-74-5 ,Terpene,Germacrene D,46.436,5317570  ,1470.0,1481±3 (689),非靶确定,
54324-03-7,Terpene,Bicyclosesquiphellandrene,47.04,15694800 ,1480.0,1489±6 (11),非靶确定,
24703-35-3,Other,Bicyclogermacren,47.363, 91224  ,1485.0,1495±4 (368),非靶确定,
10208-80-7,Terpene,alpha-Muurolene,47.741, 12306047  ,1491.0,1499±3 (427),非靶确定,
39029-41-9,Terpene,gamma-Cadinene,48.467,92313  ,1503.0,1513±2 (485),非靶确定,
523-47-7,Terpene,"Cadina-3,9-diene(X)",49.11,10657 ,1514.0,1518±10 (30),,同分异构
29837-12-5,Other,Cubenene(X),49.546,57357909  ,1522.0,1532±1 (119),,同分异构
24406-05-1 ,Terpene,alpha-Cadinene(X),49.855,12306048,1527.0,1538±1 (31),,RI 相差大
472-07-1 ,Other,Junenol,54.255,6452077 ,1603.0,1617±11 (4),非靶确定,
593-45-3,Alkane,Octadecane,63.786, 11635 ,1799.0,1800,,分低
502-69-2,Terpene,Hexahydrofarnesyl acetone(x),64.374,10408 ,1852.0,1844±4 (20),,RI 相差大
