CID,Class,CAS,RT ,Name
702,Alcohol,64-17-5,1.57,Ethanol
180,Ketone,67-64-1 ,1.648,Acetone
6584,Ester,79-20-9,1.761,"Acetic acid, methyl ester"
650,Ketone,431-03-8,2.016,Biacetyl
6569,Ketone,78-93-3,2.08,2-Butanone
8857,Ester,141-78-6 ,2.193,Ethyl Acetate
8857,Ester,75-85-4,2.399,Amylene hydrate
263,Alcohol,71-36-3,2.644,1-Butanol
12020,Alcohol,616-25-1,2.889,1-Penten-3-ol
7895,Ketone,107-87-9,2.963,2-Pentanone
69948,Ketone,815-06-5,3.149,"Acetamide, 2,2,2-trifluoro-N-methyl-"
179,Alcohol/Ketone,513-86-0 ,3.36,Acetoin
12180,Ester,623-42-7,3.527,Methyl butyrate
31260,Alcohol,123-51-3,3.811,Isoamylol
8723,Alcohol,137-32-6,3.875,"1-Butanol, 2-methyl-"
31260,Alcohol,565-61-7,4.213,"2-Pentanone, 3-methyl-"
5364752,Aldehyde,1576-87-0,4.287,"2-Pentenal, (E)-"
6184,Aldehyde,66-25-1 ,5.499,Hexanal
7762,Ester,105-54-4,5.587,Ethyl butyrate
264,Acid,107-92-6,5.695,Butanoic acid
31272,Ester,123-86-4,6.038,Butyl acetate
61184,Ester,638-11-9,7.156,Isopropyl butyrate
5281168,Aldehyde,505-57-7,7.254,2-Hexenal
5281168,Aldehyde,6728-26-3,7.514,"2-Hexenal, (E)-"
5318042,Alcohol,928-95-0,8.24,"2-Hexen-1-ol, (E)-"
8103,Alcohol,111-27-3,8.353,1-Hexanol
31276,Ester,123-92-2,8.721,Isoamyl acetate
12209,Ester,624-41-9,8.824,"1-Butanol, 2-methyl-, acetate"
8314,Acid,116-53-0,9.015,"Butanoic acid, 2-methyl-"
7501,Benzene derivatives,100-42-5,9.182,Styrene
8051,Ketone,110-43-0,9.354,2-Heptanone
10976,Alcohol,543-49-7 ,9.913,2-Heptanol
11529,Ester,590-01-2,10.364,Butyl propanoate
7824,Ester,106-70-7,11.208,Methyl caproate
240,Benzene derivatives/Aldehyde,100-52-7,12.983,Benzaldehyde
522514,Others,7392-19-0,13.753,"2H-Pyran, 2-ethenyltetrahydro-2,6,6-trimethyl-"
7407,Benzene derivatives,98-83-9,14.376,alpha-Methylstyrene
18827,Alcohol,3391-86-4,14.524,1-Octen-3-ol
996,Benzene derivatives/Alcohol,108-95-2,14.975,Phenol
31253,Terpene,123-35-3,15.112,beta-Myrcene
7983,Ester,109-21-7,15.558,"Butanoic acid, butyl ester"
31265,Ester,123-66-0,15.838,Ethyl caproate
8908,Ester,142-92-7,16.736,Hexyl acetate
2733294,Ester,2497-18-9,16.937,"2-Hexen-1-ol, acetate, (E)-"
440917,Terpene,5989-27-5 ,17.324,D-Limonene
7720,Alcohol,104-76-7 ,17.731,"1-Hexanol, 2-ethyl-"
7461,Terpene,99-85-4,19.409,gamma-Terpinene
5283324,Aldehyde,2548-87-0 ,19.551,"2-Octenal, (E)-"
61325,Ketone/Furan,4077-47-8 ,19.865,Mesifuran
6428573,Alcohol/Furan,5989-33-3,20.463,"Linalool oxide, (Z)-"
957,Alcohol,111-87-5,20.63,1-Octanol
6431475,Alcohol/Furan,34995-77-2,21.533,trans-Linalool oxide (furanoid)
6549,Alcohol,78-70-6,22.455,beta-Linalool
31289,Aldehyde,124-19-6,22.754,Nonanal
8697,Acid,149-57-5 ,24.814,"Hexanoic acid, 2-ethyl-"
8785,Benzene derivatives/Ester,140-11-4,26.82,Benzyl acetate
126537,Furan,74410-10-9,28.041,Dill ether
17100,Alcohol,98-55-5,28.483,alpha-Terpineol
61130,Aldehyde,564-94-3,28.689,Myrtenal
17525,Ester,2639-63-6,28.924,n-Hexyl butyrate
5352461,Ester,53398-83-7,29.174,(E)-2-Hexenyl butyrate
8175,Aldehyde,112-31-2 ,29.714,Decanal
8164,Ester,112-14-1 ,30.293,Octyl acetate
69410,Ester,628-67-1,30.714,"1,4-Butanediol, diacetate"
586292,Furan,70786-44-6,30.945,"3,9-Epoxy-1-p-menthene"
68148,Benzene derivatives/Alcohol,501-92-8,33.309,p-Allylphenol
8158,Acid,112-05-0,34.859,Nonanoic acid
3314,Benzene derivatives/Alcohol,97-53-0,39.641,Eugenol
5283356,Aldehyde,2463-77-6,40.112,2-Undecenal
61030,Ester,110-39-4,41.873,Octyl butyrate
61780,Ester,15111-96-3,43.021,Perilla acetate
520455,Ester,29811-50-5 ,44.576,Octyl 2-methylbutanoate
6427141,Ester,20384-05-8 ,44.87,Lyratyl acetate
7660,Benzene derivatives/Ester,103-54-8,45.066,Cinnamyl acetate
6428861,Others,451-55-8,47.058,gamma-Curcumene
92139,Benzene derivatives,644-30-4,47.268,alpha-Curcumene
92776,Terpene,495-60-3,48.053,(-)-Zingiberene
10104370,Others,495-61-4,48.823,beta-Bisabolene
5281516,Terpene,502-61-4 ,48.956,alpha-Farnesene
7311,Benzene derivatives/Alcohol,96-76-4 ,49.265,"2,4-Di-tert-butylphenol"
519764,Others,20307-83-9,49.672,(-)-beta-Sesquiphellandrene
5284507,Alcohol,40716-66-3,52.119,E-Nerolidol
3893,Acid,143-07-7,52.625,Dodecanoic acid
21006,Ester,4887-30-3,53.365,n-Octyl hexanoate
229387,Ester,5454-09-1,53.664,Decyl butyrate
11006,Alkane,544-76-3 ,54.263,Cetane
3102,Benzene derivatives/Ketone,119-61-9,55.307,Benzophenone
91865027,Furan/Alcohol,26184-88-3,56.951,(-)-alpha-Bisabolol oxide B
16821,Furan,2305-05-7,58.427,gamma-Dodecalactone
545972,Ketone,18787-66-1,59.359,3-Pentadecanone
3083857,Furan,4567-33-3,60.707,trans-Sedanolide
73219,Benzene derivatives/Aldehyde/Alcohol,1620-98-0 ,62.777,"4-Formyl-2,6-di-tert-butylphenol"
