CAS,Class,Name,RT,CID,MSDIAL RI,NIST RI,Note,Unnamed: 8,Note.1
64-17-5,Alcohol,Ethanol,1.579,702,,427±19 (38),非靶确定,,解卷积
598-32-3,Alcohol,3-Buten-2-ol(X),2.026,11716,,543±1 (2),,分低,
590-86-3,Aldehyde,"Butanal, 3-methyl-",2.487,11552,,652±5 (213),非靶确定,,
96-17-3,Aldehyde,"Butanal, 2-methyl-(X)",2.59,7284,,662±8 (146),,分低,
616-25-1,Alcohol,1-Penten-3-ol,2.791,12020,,684±4 (58),非靶确定,,
1629-58-9,Ketone,1-Penten-3-one(X),2.87,15394,,681±3 (26),,分低,
96-22-0,Ketone,3-Pentanone(X),3.012,7288,,688±14 (31),,分低,
3208-16-0,Furan,"Furan, 2-ethyl-",3.046,18554,,703±2 (57),非靶确定,,
123-51-3,Alcohol,"1-Butanol, 3-methyl-",3.689,31260,,736±5 (154),非靶确定,,
1576-87-0,Aldehyde,"2-Pentenal, (E)-",4.145,5364752,,754±5 (30),非靶确定,,
71-41-0,Alcohol,1-Pentanol,4.469,6276,,765±4 (146),非靶确定,,
1576-95-0,Alcohol,"2-Penten-1-ol, (Z)-",4.542,5364919 ,,767±2 (22),非靶确定,,
66-25-1,Alcohol,Hexanal,5.273,6184,,800±2 (453),非靶确定,,
505-57-7,Aldehyde,2-Hexenal,7.868,5281168 ,,851±5 (53),非靶确定,,
928-96-1,Alcohol,"3-Hexen-1-ol, (Z)-",7.897,5281167 ,,857±3 (169),非靶确定,,
928-95-0,Alcohol,"2-Hexen-1-ol, (E)-",8.123,5318042,870.0,862±6 (63),非靶确定,,
111-27-3,Alcohol,1-Hexanol,8.216,8103,873.0,868±4 (223),非靶确定,,
100-42-5,Benzene Derivative,Styrene(X),8.971,7501 ,891.0,893±5 (91),,分低,
111-71-7,Aldehyde,Heptanal(x),9.58,8130,904.0,901±2 (292),,分低,
142-83-6,Aldehyde,"2,4-Hexadienal, (E,E)-",10.002,637564,911.0,911±3 (32),非靶确定,,
4245-35-6,Ester,Acrylic acid isoamyl ester(X),11.807,77920,942.0,940±1 (4),,分低,
57266-86-1,Aldehyde,"2-Heptenal, (Z)-(X)",12.596,5362616,956.0,958±6 (19),,分低,
100-52-7,Aldehyde,Benzaldehyde,12.704,240 ,958.0,962±3 (416),非靶确定,,
2407-43-4,Furan,"2(5H)-Furanone, 5-ethyl-",13.062,16997,963.0,966±3 (2),非靶确定,,
26456-76-8,other,"2-Hexene, 3,5,5-trimethyl-",13.67,5365055,974.0,985±4 (3),非靶确定,,
98-83-9,Benzene Derivative,alpha-Methylstyrene(X),13.911,7407 ,979.0,976±16 (19),,分低,
3391-86-4,Alcohol,1-Octen-3-ol,14.063,18827,981.0,980±2 (355),非靶确定,,
3214-41-3,other,"2,5-Octanedione(X)",14.362,6420399 ,986.0,984±2 (4),,分低,
110-93-0,Ketone,"5-Hepten-2-one, 6-methyl-",14.519,9862,989.0,986±2 (222),非靶确定,,
4313-03-5,Aldehyde,"2,4-Heptadienal, (E,E)-(X)",15.064,5283321,998.0,1012±4 (108),,RI相差大,
4313-03-5,Aldehyde,"2,4-Heptadienal, (E,E)-",15.966,5283321,1012.0,1012±4 (108),非靶确定,,
2408-37-9,Ketone,"Cyclohexanone, 2,2,6-trimethyl-",17.202,17000,1030.0,1036±5 (14),非靶确定,,
104-76-7,Alcohol,"1-Hexanol, 2-ethyl-",17.246,7720,1031.0,1030±3 (86),非靶确定,,
122-78-1,Aldehyde,Benzeneacetaldehyde,17.958,998,1042.0,1045±4 (378),非靶确定,,
5989-33-3,other,cis-Linalool oxide(X),19.87,6428573,1070.0,1074±4 (179),,分低,
35192-73-5,other,1-Nonen-4-ol(X),21.548,141975,1095.0,,,,
78-70-6,Alcohol,Linalool,21.896,6549,1100.0,1099±2 (976),非靶确定,,
5337-72-4,Alcohol,"Cyclohexanol, 2,6-dimethyl-(x)",22.092,21428 ,1103.0,1112±2 (8),,"分低,RI相差大",
60-12-8,Alcohol,Phenylethyl Alcohol(X),22.882,6054,1115.0,1116±5 (262),,分低,
17587-33-6,Aldehyde,"2,6-Nonadienal, (E,E)-(X)",25.6,636687 ,1154.0,1152±6 (5),,分低,
34246-54-3,other,"Benzaldehyde, 3-ethyl-",26.085,118623,1161.0,1168±N/A (1),非靶确定,,
98-55-5,Terpene,alpha-Terpineol,27.915,,1188.0,1189±2 (811),非靶确定,,
112-31-2,Aldehyde,Decanal,29.166,8175,1206.0,1206±2 (406),非靶确定,,
432-25-7,Terpene,beta-Cyclocitral,29.784,9895,1215.0,1220±3 (75),非靶确定,,
99-49-0,Terpene,Carvone(X),31.54,7439,1241.0,1242±4 (307),,同分异构,
20307-84-0,other,delta-EIemene,37.504,89316,1331.0,1338±2 (220),非靶确定,,
17699-14-8,Terpene,alpha-Cubebene,38.26,442359,1342.0,1351±2 (337),非靶确定,,
14912-44-8,other,Ylangene,39.545,20055075,1362.0,1372±2 (170),非靶确定,,
3856-25-5,Terpene,Copaene,39.824,12303902 ,1367.0,1376±2 (698),非靶确定,,
65354-33-8,other,2-epi-alpha-Funebrene(X),40.005,91753249 ,1370.0,1389±0 (2),,RI相差大,
13744-15-5,Terpene,beta-Cubebene,40.8,93081,1382.0,1389±2 (261),非靶确定,,
515-13-9,Terpene,(-)-beta-Elemene,40.977,6918391,1384.0,1391±2 (521),非靶确定,,
469-61-4,Terpene,Cedr-8-ene(X),41.899,6431015 ,1399.0,1411±3 (93),,RI相差大,
79120-98-2,other,"1,7-Di-epi-beta-cedrene(X)",42.002,16213223 ,1400.0,1414±2 (16),,RI相差大,
87-44-5,Terpene,Caryophyllene,42.512,5281515,1409.0,1419±3 (983),非靶确定,,
,,Unknown,42.87,,1414.0,,,,
20479-06-5,other,beta-Ylangene,43.086,25244198,1418.0,1421±2 (26),非靶确定,,
17334-55-3,Terpene,beta-Gurjunene(X),43.307,28481,1421.0,1432±3 (234),,RI相差大,
29873-99-2,other,gamma-Elemene,43.532,12309452 ,1425.0,1434±4 (116),非靶确定,,
267665-20-3,other,"Cadina-3,5-diene(X)",44.19,91723677,1436.0,1458±N/A (1),,RI相差大,
1461-02-5,other,"Benzene, 1-(1,5-dimethylhexyl)-4-methyl-",44.494,577053 ,1441.0,1448±N/A (1),非靶确定,,
6753-98-6,Terpene,Humulene(X),44.518,5281520,1441.0,1454±3 (792),,RI相差大,
157477-72-0,other,"cis-Muurola-4(15),5-diene(x)",45.131,91747213,1451.0,1463±4 (52),,RI相差大,
18794-84-8 ,Terpene,(E)-beta-Famesene,45.249,5281517,1453.0,1457±2 (253),非靶确定,,
92692-39-2,Terpene,"Amorpha-4,11-diene",45.386,11052747 ,1455.0,1458±2 (3),非靶确定,,
22567-17-5,Terpene,gamma-Gurjunene,45.882,90805,1463.0,1473±2 (85),非靶确定,,
30021-74-0,other,gamma-Muurolene,46.112,6432308,1467.0,1477±3 (392),非靶确定,,
23986-74-5,Terpene,Germacrene D(X),46.269,5317570 ,1470.0,1481±3 (689),,RI相差大,
17066-67-0,Benzene Derivative,beta-Eudesmene(X),46.505,28237 ,1473.0,1486±3 (349),,RI相差大,
644-30-4,Terpene,alpha-Curcumene,46.647,92139,1476.0,1483±3 (162),非靶确定,,
79-77-6,Terpene,trans-beta-Ionone,46.809,638014,1478.0,1486±4 (211),非靶确定,,
30021-74-0,other,gamma-Muurolene(X),46.112,6432308,1484.0,1477±3 (392),,RI相差大,
495-60-3,Terpene,(-)-Zingiberene,47.422,92776,1488.0,1495±2 (93),非靶确定,,
10208-80-7,Terpene,alpha-Muurolene,47.579,12306047,1490.0,1499±3 (427),非靶确定,,
523-47-7,Terpene,"Cadina-3,9-diene(X)",47.927,10657,1496.0,1518±10 (30),,RI相差大,
99529-78-9,Terpene,(±)-beta-Alaskene,48.207,6428281,1501.0,1499±4 (3),非靶确定,,
39029-41-9,Terpene,gamma-Cadinene(X),48.285,92313,1502.0,1513±2 (485),,RI相差大,
28976-67-2,other,beta-Curcumene,48.383,14014430 ,1504.0,1514±3 (40),非靶确定,,
483-77-2,Benzene Derivative,"Cadina-1,3,5-triene(x)",48.795,6429077,1511.0,1523±5 (145),,RI相差大,
523-47-7,Terpene,"Cadina-3,9-diene",48.923,10657 ,1514.0,1518±10 (30),非靶确定,,
29837-12-5,other,Cubenene(X),49.35,57357909,1521.0,1532±1 (119),,RI相差大,
483-77-2,Benzene Derivative,"Cadina-1,3,5-triene(x)",49.384,6429077,1521.0,1523±5 (145),,分低,
24406-05-1,Terpene,alpha-Cadinene(x),49.654,12306048,1526.0,1538±1 (31),,RI相差大,
21391-99-1,other,alpha-Calacorene(X),49.928,12302243,1531.0,1542±3 (219),,RI相差大,
15423-57-1,Terpene,Germacrene B(X),50.59,5281519,1542.0,1557±3 (232),,"分低,RI相差大",
21391-99-1,other,alpha-Calacorene(X),51.115,12302243,1551.0,1542±3 (219),,RI相差大,
7212-44-4,Terpene,Nerolidol,51.537,5284507 ,1559.0,1564±4 (77),非靶确定,,
544-76-3,Alkane,Hexadecane(X),53.632,11006,1595.0,1600,,分低,
20129-39-9,other,alpha-Corocalene(X),54.544,5316074,1611.0,1623±4 (5),,RI相差大,
19912-62-0,Terpene,alpha-epi-Muurolol(X),56.271,3084331 ,1643.0,1642±2 (206),,分低,
483-78-3,Terpene,Cadalene(X),57.345,10225,1662.0,1674±3 (86),,RI相差大,
629-78-7,Alkane,Heptadecane(X),59.101,12398,1695.0,1700,,分低,
593-45-3,Alkane,Octadecane(X),63.711,11635 ,1798.0,1800,,分低,
84-69-5,other,"Phthalic acid, diisobutyl ester",64.555,6782,1872.0,1870±4 (32),非靶确定,,
84-74-2,other,Dibutyl phthalate,65.301,3026,1971.0,1965±6 (40),非靶确定,,
