CAS,Class,Name,RT,CID,MSDIAL RI,NIST RI,Note,Note.1
64-17-5,Alcohol,Ethanol,1.584,702 ,,427±19 (38),非靶确定,
75-05-8,Other,Acetonitrile,1.673,6342  ,,444±6 (15),非靶确定,
79-20-9,Ester,"Acetic acid, methyl ester",1.781, 6584 ,,526±4 (28),非靶确定,
64-19-7,Acid,Acetic acid,2.34,176 ,,610±10 (91),非靶确定,
620-00-8 ,Other,3-Ethyl-2-hexene(X),5.342,5352663,,790±N/A (1),,分低
19780-68-8,Other,3-Ethyl-4-methyl-2-pentene(X),5.543,5352666 ,,736±N/A (1),,分低
82461-31-2,Other,Unkown,5.891,537593  ,,,,分低，无NIST RI
98-01-1,Furan,Furfural(X),6.813,7362,,833±4 (184),,同分异构
110-43-0,Ketone,2-Heptanone,9.168,8051 ,893.0,891±2 (212),非靶确定,解卷积
543-49-7,Alcohol,2-Heptanol,9.746,10976 ,905.0,900±4 (53),非靶确定,
1461-27-4,Terpene,D-sylvestrene(X),16.957,102625 ,1025.0,1027±3 (19),,同分异构
470-82-6,Other,Eucalyptol,17.104,2758  ,1027.0,1032±2 (580),非靶确定,
100-51-6,Alcohol,Benzyl alcohol,18.105,244,1042.0,1036±4 (174),非靶确定,
5921-82-4,Ester,"2-Heptanol, acetate",18.36,80018,1046.0,1045±6 (6),非靶确定,
5989-33-3,Furan,cis-Linalool oxide(X),20.072,6428573,1070.0,1074±4 (179),,分低
34995-77-2,Furan,trans-Linalool oxide (furanoid),21.161,6431475 ,1087.0,1086±5 (156),非靶确定,解卷积
821-55-6,Ketone,2-Nonanone(X),21.626,13187 ,1094.0,1092±2 (159),,同分异构
93-58-3 ,Benzene Derivative,"Benzoic acid, methyl ester",21.798,7150 ,1097.0,1094±3 (86),非靶确定,解卷积
78-70-6,Terpene,Linalool,22.088,6549,1101.0,1099±2 (976),非靶确定,
628-99-9 ,Alcohol,2-Nonanol(X),22.382,12367  ,1105.0,1102±4 (18),,分低
19945-61-0,Terpene,"(E)-4,8-Dimethylnona-1,3,7-triene(X)",21.186,6427110 ,1117.0,1116±1 (3),,同分异构
140-11-4,Benzene Derivative,"Acetic acid, phenylmethyl ester",26.492,8785  ,1165.0,1164±2 (64),非靶确定,
93-89-0,Benzene Derivative,"Benzoic acid, ethyl ester",26.806,7165,1170.0,1171±2 (58),非靶确定,
119-36-8,Benzene Derivative,Methyl salicylate,28.224,4133 ,1190.0,1192±2 (145),非靶确定,
122-03-2,Terpene,"Benzaldehyde, 4-(1-methylethyl)-",31.505,326 ,1239.0,1239±3 (122),非靶确定,
14936-66-4,Ester,"2-Nonanol, acetate",31.643,85788  ,1241.0,1237±0 (3),非靶确定,
501-92-8,Benzene Derivative,"Phenol, 4-(2-propenyl)-",32.928,68148  ,1260.0,1255±5 (16),非靶确定,
104-46-1,Benzene Derivative,Anethole(X),34.522,637563  ,1284.0,1286±2 (6),,同分异构
112-12-9 ,Ketone,2-Undecanone,35.321,8163,1296.0,1294±2 (160),非靶确定,
71186-24-8,Other,"Megastigma-4,6(E),8(Z)-triene(X)",37.298,90475444,1326.0,1336±19 (2),,分低
,Other,Unkown,37.774,,1333.0,,,分低，无NIST RI
17699-14-8,Terpene,alpha-Cubebene,38.48,442359 ,1344.0,1351±2 (337),非靶确定,
97-53-0,Other,Eugenol,39.363,3314  ,1358.0,1357±3 (355),非靶确定,
87-44-5,Terpene,Caryophyllene,43.238,5281515 ,1419.0,1419±3 (983),非靶确定,
357414-37-0,Other,"10,10-Dimethyl-2,6-dimethylenebicyclo[7.2.0]undecane(X)",43.973,577397  ,1430.0,1440±N/A (1),,RI 相差大
489-39-4,Terpene,Aromandendrene,44.341,11095734 ,1437.0,1440±1 (5),非靶确定,
6753-98-6,Terpene,Humulene,45.283,5281520 ,1452.0,1454±3 (792),非靶确定,
25246-27-9,Terpene,Alloaromadendrene,45.587,10899740 ,1457.0,1461±2 (343),非靶确定,
16729-00-3,Other,"Cadina-1(6),4-diene(X)",46.386,71350312  ,1470.0,1481±N/A (1),,RI 相差大
30021-74-0,Terpene,gamma-Muurolene,46.573,6432308  ,1473.0,1477±3 (392),非靶确定,
23986-74-5 ,Terpene,Germacrene D,46.735,5317570  ,1476.0,1481±3 (689),非靶确定,
17066-67-0,Terpene,beta-Eudesmene,46.975,28237  ,1480.0,1486±3 (349),非靶确定,
54324-03-7,Other,Bicyclosesquiphellandrene,47.279,15694800  ,1485.0,1489±6 (11),非靶确定,
4630-07-3,Terpene,Valencen,47.549,9855795 ,1489.0,1492±3 (152),非靶确定,
10208-80-7,Terpene,alpha-Muurolene,47.917,12306047  ,1495.0,1499±3 (427),非靶确定,
13835-30-8,Terpene,Unkown,48.216,12571838  ,1500.0,,,分低，无NIST RI
,Other,"Ibuprofen, pentyl ester(X)",48.275,23275413  ,1501.0,1506±N/A (1),,分低
39029-41-9,Terpene,gamma-Cadinene,48.652,92313 ,1507.0,1513±2 (485),非靶确定,
502-61-4,Terpene,alpha-Farnesene,48.8,5281516 ,1510.0,1508±2 (262),非靶确定,
523-47-7,Terpene,"Cadina-3,9-diene(X)",49.427,10657 ,1521.0,1518±10 (30),,同分异构
29837-12-5,Terpene,Cubenene(X),49.785,57357909  ,1527.0,1532±1 (119),,同分异构
1941-09-9,Other,3-Allyl-6-methoxyphenyl acetate(X),49.991,596380  ,1530.0,1527±N/A (1),,同分异构
,Other,Unkown,50.757,,1544.0,,,分低，无NIST RI
50277-34-4 ,Terpene,beta-Calacorene,51.497,529621 ,1556.0,1563±3 (59),非靶确定,
5986-49-2,Other,Palustrol(X),51.801,110745  ,1562.0,1568±2 (9),,分低
577-27-5,Terpene,Ledol(X),51.87,11074994 ,1563.0,1565±4 (89),,分低
,Other,Unkown,52.154,,1568.0,,,分低，无NIST RI
1139-30-6 ,Terpene,Caryophyllene oxide,52.552,1742210  ,1574.0,1581±2 (669),非靶确定,
72203-99-7,Terpene,Axenol,52.812,6429080 ,1579.0,1586±1 (13),非靶确定,
19888-33-6,Terpene,Humulene epoxide I(X),53.41,22559443  ,1589.0,1604±3 (11),,分低，RI相差大
552-02-3,Terpene,Viridiflorol,53.626,11996452 ,1593.0,1591±2 (198),,
19888-34-7,Terpene,Humulene epoxide 2,53.945,92476330 ,1598.0,1606±2 (160),非靶确定,
,Other,Unkown,54.165,,1602.0,,,分低，无NIST RI
6892-80-4,Other,Widdrol(X),54.376,94334 ,1606.0,1610±10 (8),,分低
93-29-8,Other,Acetisoeugenol,54.867,876160 ,1615.0,1620±0 (3),非靶确定,
73365-77-2,Terpene,"Di-epi-1,10-cubenol",55.068,12304220  ,1619.0,1614±3 (77),非靶确定,
19431-79-9,Other,Caryophylladienol II(X),55.454,527418 ,1622.0,1637±4 (25),,RI 相差大
19431-79-9,Other,Caryophylladienol II(X),55.47,527418 ,1626.0,1637±4 (25),,RI 相差大
19912-67-5,Terpene,Epicubenol,55.813,12046149 ,1632.0,1627±2 (144),非靶确定,
19435-97-3,Terpene,delta-Cadinol,56.108,3084311 ,1638.0,1645±2 (220),非靶确定,
19912-62-0,Terpene,alpha-epi-Muurolol,56.52,3084331  ,1645.0,1642±2 (206),非靶确定,
79580-01-1,Other,Unkown,56.682,,1648.0,1646±N/A (1),,分低
1212211-43-2,Other,Unkown,57.427,,1662.0,,,分低，无NIST RI
28400-11-5,Other,beta-Acorenol(X),57.618,14105907,1665.0,1649±N/A (1),,RI 相差大
,Other,Unkown,57.908,,1670.0,,,分低，无NIST RI
1136-86-3,Benzene Derivative,"3,4,5-Trimethoxyacetophenone(X)",58.634,14345,1684.0,1687±N/A (1),,分低
149496-35-5,Other,beta-Acoradienol(X),61.792,91714964  ,1753.0,1754±10 (5),,
120-51-4,Benzene Derivative,Benzyl Benzoate,62.528, 2345 ,1770.0,1762±4 (119),非靶确定,
,Other,Unkown,63.146,,1784.0,,,分低，无NIST RI
149197-48-8,Other,Tau-Cadinol acetate(X),63.671,14683249  ,1796.0,1805±N/A (1),,RI 相差大
593-45-3,Alkane,Octadecane(X),63.769,11635 ,1799.0,1800,,分低
82304-66-3,Other,"7,9-Di-tert-butyl-1-oxaspiro(4,5)deca-6,9-diene-2,8-dione",65.01,545303,1923.0,1923±6 (2),非靶确定,
112-39-0,Ester,"Hexadecanoic acid, methyl ester",65.059,8181 ,1931.0,1926±2 (136),非靶确定,
112-95-8 ,Alkane,Eicosane(X),65.491,8222  ,1999.0,2000,,分低
