CAS,Class,Name,RT,CID,MSDIAL RI,NIST RI,Note,Note.1
64-17-5,Alcohol,Ethanol,1.575,702 ,,427±19 (38),非靶确定,
110-54-3,Other,n-Hexane(X),2.045,8058  ,,600,,RI 相差大
36334-88-0,Furan,Unkown,5.548,5363640 ,,,,分低，无NIST RI
77142-73-5,,Unkown,5.891,,,,,分低，无NIST RI
110-43-0 ,Ketone,2-Heptanone,9.266,8051 ,896.0,891±2 (212),非靶确定,解卷积
543-49-7,Alcohol,2-Heptanol(X),9.815,10976  ,906.0,900±4 (53),,分低
2867-05-2,Terpene,3-Thujene,11.081,17868  ,928.0,929±2 (488),非靶确定,解卷积
100-52-7,Aldehyde,Benzaldehyde,13.116,240 ,963.0,962±3 (416),非靶确定,
3387-41-5,Terpene,Sabinen,13.518,18818  ,970.0,974±2 (619),非靶确定,解卷积
40830-59-9,Other,Unkown,14.087,,979.0,,,分低，无NIST RI
1461-27-4 ,Terpene,D-sylvestrene(X),16.967,102625  ,1025.0,1027±3 (19),,分低
470-82-6,Other,Eucalyptol,17.094,2758  ,1027.0,1032±2 (580),非靶确定,
100-51-6 ,Alcohol,Benzyl alcohol,18.159,244,1043.0,1036±4 (174),非靶确定,
5921-82-4,Other,"2-Heptanol, acetate(X)",18.379,80018  ,1046.0,1045±6 (6),,分低
3779-61-1,Terpene,trans-beta-Ocimene,18.546,5281553  ,1048.0,1049±2 (548),非靶确定,
98-85-1 ,Alcohol,"Benzenemethanol, alpha-methyl-",19.566,7409  ,1061.0,1061±5 (9),非靶确定,
5989-33-3,Other,Linalool oxide(X),20.067,6428573  ,1071.0,1074±4 (179),,分低
69727-41-9,Ester,(4Z)-4-Hexenyl butyrate(X),20.95,5352835,1084.0,1203±N/A (1),,"分低,RI相差大"
,Furan,Unkown,21.151,,1087.0,1090±N/A (1),,分低
821-55-6,Ketone,2-Nonanone(X),21.587,13187  ,1094.0,1092±2 (159),,同分异构
78-70-6,Terpene,Linalool,22.068,6549,1101.0,1099±2 (976),非靶确定,
628-99-9,Aldehyde,2-Nonanol,22.382,12367  ,1105.0,1102±4 (18),非靶确定,解卷积
19945-61-0 ,Terpene,"(E)-4,8-Dimethylnona-1,3,7-triene",23.191,6427110  ,1117.0,1116±1 (3),非靶确定,解卷积
65-85-0,Acid,Benzoic acid,26.919,243 ,1171.0,1170±10 (29),非靶确定,
14009-71-3,Alcohol,"cis-Linalool 3,7-oxide(x)",27.115,6427787 ,1174.0,1174±7 (11),,分低
119-36-8,Other,Methyl salicylate,28.268,4133  ,1191.0,1192±2 (145),非靶确定,
2550-26-7,Ketone,"2-Butanone, 4-phenyl-(X)",31.652,17355,1241.0,1232±16 (4),,"分低,RI相差大"
501-92-8,Benzene Derivative,"Phenol, 4-(2-propenyl)-",32.996,68148 ,1261.0,1255±5 (16),非靶确定,
2785-89-9 ,Benzene Derivative,p-Ethylguaiacol(X),34.427,62465,1280.0,1282±4 (46),,分低
104-46-1,Benzene Derivative,Anethole(X),34.571,637563  ,1284.0,1286±2 (6),,同分异构
112-12-9,Ketone,2-Undecanone,35.307,8163  ,1295.0,1294±2 (160),非靶确定,
,Other,Unkown,37.298,,1326.0,,,分低，无NIST RI
514-95-4 ,Other,"1,5,5-Trimethyl-6-methylene-cyclohexene(X)",37.627,578237  ,1331.0,1338±N/A (1),,分低
136296-37-2,Other,Unkown,37.779,,1333.0,,,分低，无NIST RI
17699-14-8,Terpene,alpha-Cubebene,38.554,442359  ,1345.0,1351±2 (337),非靶确定,
97-53-0 ,Other,Eugenol,39.392,3314,1358.0,1357±3 (355),非靶确定,
13744-15-5,Terpene,beta-Cubebene(X),40.981,93081  ,1383.0,1389±2 (261),,分低
13744-15-5,Terpene,beta-Cubebene,41.266,93081  ,1387.0,1389±2 (261),非靶确定,
489-40-7,Terpene,alpha-Gurjunene,42.242,16213731 ,1403.0,1409±2 (196),非靶确定,
93-15-2,Other,Methyleugenol,42.644,7127 ,1409.0,1402±2 (165),非靶确定,
87-44-5,Terpene,Caryophyllene,43.218,5281515 ,1419.0,1419±3 (983),非靶确定,
18252-44-3,Terpene,beta-Copaene(X),43.522,87529 ,1423.0,1432±3 (71),,RI 相差大
18252-44-3,Terpene,beta-Copaene,43.949,87529 ,1430.0,1432±3 (71),非靶确定,
317819-80-0,Terpene,Isogermacrene D(X),44.366,91723653 ,1437.0,1448±4 (4),,RI 相差大
,Terpene,"cis-muurola-3,5-diene(X)",44.552, 51351708 ,1440.0,1454±N/A (1),,RI 相差大
267665-20-3 ,Terpene,"Cadina-3,5-diene(X)",44.773,91723677 ,1444.0,1458±N/A (1),,RI 相差大
6753-98-6,Terpene,Humulene,44.979,5281520  ,1447.0,1454±3 (792),非靶确定,
25246-27-9,Terpene,Alloaromadendrene(X),45.298,10899740 ,1452.0,1461±2 (343),,RI 相差大
157477-72-0,Other,"cis-Muurola-4(15),5-diene(X)",45.455,91747213 ,1455.0,1463±4 (52),,RI 相差大
157477-72-0,Other,"cis-Muurola-4(15),5-diene",46.166,91747213 ,1467.0,1463±4 (52),非靶确定,
23986-74-5,Terpene,Germacrene D,46.661,5317570 ,1475.0,1481±3 (689),非靶确定,
17066-67-0 ,Terpene,beta-Selinene,46.833,28237  ,1477.0,1486±3 (349),非靶确定,
4630-07-3,Terpene,Valencen(X),46.941,9855795 ,1479.0,1492±3 (152),,RI 相差大
54324-03-7 ,Other,Bicyclosesquiphellandrene,47.142,15694800,1482.0,1489±6 (11),非靶确定,
30021-74-0,Terpene,gamma-Muurolene(X),47.431,6432308 ,1487.0,1477±3 (392),,RI 相差大
10208-80-7,Terpene,alpha-Muurolene,47.794,12306047  ,1493.0,1499±3 (427),非靶确定,
24703-35-3,Other,Bicyclogermacren,48.089,91224 ,1498.0,1495±4 (368),非靶确定,
39029-41-9 ,Terpene,gamma-Cadinene(X),48.167,92313,1499.0,1513±2 (485),,RI 相差大
39029-41-9 ,Terpene,gamma-Cadinene,48.167,92313,1505.0,1513±2 (485),非靶确定,
502-61-4,Terpene,alpha-Farnesene,48.599,5281516  ,1506.0,1508±2 (262),非靶确定,
483-77-2,Terpene,L-calamenene,49.133,6429077  ,1516.0,1523±5 (145),非靶确定,
523-47-7,Terpene,"Cadina-3,9-diene(X)",49.256,10657 ,1518.0,1518±10 (30),,同分异构
29837-12-5,Terpene,Cubenene(X),49.638,57357909 ,1524.0,1532±1 (119),,RI 相差大
1941-09-9,Other,3-Allyl-6-methoxyphenyl acetate(X),49.781,596380 ,1527.0,1527±N/A (1),,同分异构
24406-05-1,Terpene,alpha-Cadinene(X),49.893,12306048,1529.0,1538±1 (31),,RI 相差大
21391-99-1,Other,alpha-Calacorene(X),50.173,12302243  ,1534.0,1542±3 (219),,RI 相差大
,Other,Unkown,50.58,,1541.0,,,分低，无NIST RI
1139-30-6,Terpene,Caryophyllene oxide,50.668,1742210 ,1542.0,1581±2 (669),,"分低,RI相差大"
,Other,"Cadala-1(10),3,8-triene",51.34,593889 ,1554.0,1555±7 (2),非靶确定,
5986-49-2,Other,Palustrol(X),51.61,110745 ,1558.0,1568±2 (9),,"分低,RI相差大"
40716-66-3,Terpene,E-Nerolidol,51.733,5284507,1560.0,1564±2 (277),非靶确定,
1139-30-6,Terpene,Caryophyllene oxide(X),52.39,1742210 ,1572.0,1581±2 (669),非靶确定,
72203-99-7,Terpene,Axenol,52.674,6429080 ,1577.0,1586±1 (13),非靶确定,
,,Unkown,52.998,,1582.0,,,分低，无NIST RI
19888-33-6,Other,Humulene epoxide I(X),53.283,22559443 ,1587.0,1604±3 (11),,"分低,RI相差大"
552-02-3,Terpene,Viridiflorol,53.489,11996452  ,1591.0,1591±2 (198),非靶确定,
19888-33-6,Other,Humulene epoxide I,53.827,22559443,1596.0,1604±3 (11),非靶确定,
,Other,Unkown,54.077,,1601.0,,,分低，无NIST RI
6892-80-4,Other,Widdrol,54.264,94334 ,1604.0,1610±10 (8),非靶确定,
20129-39-9,Other,alpha-Corocalene(x),54.754,5316074 ,1613.0,1623±4 (5),,RI 相差大
73365-77-2,Other,"Di-epi-1,10-cubenol",54.99,12304220 ,1617.0,1614±3 (77),非靶确定,
19431-79-9 ,Other,Caryophylladienol II(x),55.166,527418  ,1621.0,1637±4 (25),,"分低,RI相差大"
19431-79-9 ,Other,Caryophylladienol II(x),55.377,527418  ,1624.0,1637±4 (25),,"分低,RI相差大"
5937-11-1,Terpene,Cadinol T(x),55.769,160799 ,1631.0,1640±2 (241),,RI 相差大
19435-97-3,Terpene,delta-Cadinol(X),56.034,3084311 ,1636.0,1645±2 (220),,RI 相差大
19912-62-0,Terpene,.tau.-Muurolol(X),56.456,3084331 ,1644.0,1642±2 (206),,同分异构
79580-01-1,,"11,11-Dimethyl-4,8-dimethylenebicyclo[7.2.0]undecan-3-ol(X)",56.618,91715484  ,1647.0,1646±N/A (1),,分低
119120-23-9 ,Other,"Eudesma-4(15),7-dien-1beta -ol(X)",57.378,,1661.0,1688±2 (27),,"分低,RI相差大"
90-24-4,Ketone,Xanthoxylin,57.893,66654 ,1670.0,1669±4 (4),非靶确定,
122779-24-2,Other,Unkown,59.222,,1695.0,,,分低，无NIST RI
48153-74-8,Other,"2,3,4,6-Tetramethoxystyrene(X)",59.605,614276  ,1702.0,,,无NIST RI
352457-39-7,Other,"10-epi-Acora-3,11-dien-15-al(X)",60.968,11972554 ,1734.0,1732±N/A (1),,
149496-35-5,Other,beta-Acoradienol,61.832,91714964 ,1754.0,1754±10 (5),,分低
593-45-3,Alkane,Octadecane,63.774,11635,1799.0,1800,非靶确定,
638-36-8,Terpene,"Hexadecane, 2,6,10,14-tetramethyl-(X)",63.911,12523  ,1808.0,1792±3 (31),,RI 相差大
102488-09-5,,3-Hydroxy-beta-damascone(X),,,,,,
502-69-2,Terpene,"2-Pentadecanone, 6,10,14-trimethyl-(X)",64.367,10408  ,1852.0,1844±4 (20),,分低
80367-94-8,Other,Bohlmann k2631(X),64.828, 327378 ,1896.0,1916±N/A (1),,RI 相差大
629-92-5,Alkane,Nonadecane,64.853,12401 ,1899.0,1900,非靶确定,解卷积
112-39-0 ,Ester,"Hexadecanoic acid, methyl ester(X)",65.059,8181  ,1931.0,1926±2 (136),,分低
