CID,Class,CAS,RT ,Name
12020,Alcohol,616-25-1,2.874,1-Penten-3-ol
 11428  ,Alcohol,584-02-1 ,3.1,3-Pentanol
6276 ,Alcohol,71-41-0 ,4.57,1-Pentanol
 5364919  ,Alcohol,1576-95-0 ,4.67,"2-Penten-1-ol, (Z)-"
6184,Aldehyde,66-25-1,5.498,Hexanal
5281168 ,Aldehyde,6728-26-3 ,7.476,"2-Hexenal, (E)-"
 5284503 ,Alcohol,928-97-2 ,7.691,"3-Hexen-1-ol, (E)-"
5318042 ,Alcohol,928-95-0 ,8.201,"2-Hexen-1-ol, (E)-"
8103,Alcohol,111-27-3 ,8.289,1-Hexanol
7501 ,Benzene derivatives,100-42-5 ,9.138,Styrene
17868 ,Terpene,2867-05-2,11.08,alpha-Thujene
6654 ,Terpene,80-56-8,11.399,alpha-Pinene
6616 ,Terpene,79-92-5 ,12.13,Camphene
524198 ,Terpene,36262-09-6 ,12.53,Dehydrosabinene
18818 ,Terpene,3387-41-5 ,13.837,Sabinen
18827,Alcohol,3391-86-4,14.514,1-Octen-3-ol
31253 ,Terpene,123-35-3 ,15.092,beta-Myrcene
68140,Terpene,499-97-8,15.676,"p-Mentha-1(7),8-diene"
7462 ,Terpene,99-86-5 ,16.54,alpha-Terpinene
8908 ,Terpene, 142-92-7 ,16.873,"Acetic acid, hexyl ester"
22311 ,Terpene,138-86-3 ,17.295,Limonene
5320250 ,Terpene,3338-55-4,18.134,cis-beta-Ocimene
5281553,Terpene,3779-61-1 ,18.84,trans-beta-Ocimene
12756,Terpene,695-06-7 ,19.105,gamma-Caprolactone
7461 ,Terpene,99-85-4 ,19.34,gamma-Terpinene
31289  ,Aldehyde,124-19-6 ,23.68,Nonanal
15406,Terpene, 1632-73-1 ,23.01,Fenchol
5368451 ,Terpene,460-01-5 ,24.868,"2,6-Dimethyl-1,3,5,7-octatetraene, E,E-"
170833 ,Terpene,89-79-2 ,25.201,Isopulegol
1201518 ,Terpene,464-45-9 ,26.6,L-Borneol
11230,Terpene,562-74-3 ,27.462,Terpinen-4-ol
14529,Benzene derivatives,1197-01-9 ,28.01,p-Cymen-8-ol
17100 ,Terpene, 98-55-5 ,28.62,alpha-Terpineol
5287883 ,Terpene,1197-07-5,30.42,trans-Carveol
6989  ,Aldehyde,89-83-8 ,35.3,p-Cymen-3-ol
10364 ,Benzene derivatives,499-75-2 ,36.22,p-Cymen-2-ol
20055075 ,Sesquiterpene,14912-44-8 ,40.12,Ylangene
15431199,Sesquiterpene,95910-36-4 ,40.244,isoledene
12303902 ,Sesquiterpene,3856-25-5 ,40.426,Copaene
11275742 ,Sesquiterpene,3650-28-0 ,41.2,"Sativene, (+)-"
5352543 ,Ester,31501-11-8 ,41.36,"Hexanoic acid, 3-hexenyl ester, (Z)-"
22873,Sesquiterpene,6378-65-0,41.7,"Hexanoic acid, hexyl ester"
5281522,Sesquiterpene,118-65-0 ,42.339,Isocaryophyllene
5281515 ,Sesquiterpene, 87-44-5 ,43.275,Caryophyllene
11095734  ,Sesquiterpene,489-39-4 ,44.296,Aromandendrene
579031  ,Sesquiterpene,405112-35-8 ,44.42,"1,1,4,7-Tetramethyl-1a,2,3,4,6,7,7a,7b-octahydro-1H-cyclopropa[e]azulene"
5281520,Sesquiterpene,6753-98-6,45.188,Humulene
0899740  ,Sesquiterpene, 25246-27-9 ,45.6,Alloaromadendrene
,Sesquiterpene,823810-22-6 ,46.159,"(4R,4aS,6S)-4,4a-Dimethyl-6-(prop-1-en-2-yl)-1,2,3,4,4a,5,6,7-octahydronaphthalene"
90805  ,Sesquiterpene,22567-17-5 ,46.34,gamma-Gurjunene
71350312  ,Sesquiterpene,16729-00-3 ,46.503,"Cadina-1(6),4-diene"
12313020 ,Sesquiterpene,30021-74-0 ,46.665,gamma-Muurolene
 28237 ,Sesquiterpene, 17066-67-0 ,47.165,beta-Eudesmene
288227 ,Sesquiterpene,4630-07-3,47.288,Valencen
605019,Sesquiterpene,103827-22-1 ,47.719,"4a,8-Dimethyl-2-(prop-1-en-2-yl)-1,2,3,4,4a,5,6,7-octahydronaphthalene"
12306047 ,Sesquiterpene,10208-80-7 ,48.234,alpha-Muurolene
92313 ,Sesquiterpene,39029-41-9 ,48.89,gamma-Cadinene
10657 ,Sesquiterpene,523-47-7 ,49.514,"Cadina-3,9-diene"
57357909 ,Sesquiterpene,29837-12-5 ,49.941,Cubenene
12306048 ,Sesquiterpene,24406-05-1 ,50.255,alpha-Cadinene
12302243 ,Sesquiterpene, 21391-99-1 ,50.6,alpha-Calacorene
11074994 ,Sesquiterpene,577-27-5 ,51.417,Ledol
529621 ,Sesquiterpene,50277-34-4,51.7,beta-Calacorene
573880 ,Sesquiterpene,913176-41-7 ,21.95,Caryophyllenyl alcohol
1742210 ,Sesquiterpene,1139-30-6 ,52.702,Caryophyllene oxide
6429080 ,Sesquiterpene,72203-99-7 ,53.06,Axenol
145710279  ,Sesquiterpene,220766-71-2 ,53.4,Cubeban-11-ol
12304220 ,Sesquiterpene,73365-77-2 ,55.4,"1,10-Diepicubenol"
527418  ,Sesquiterpene,19431-79-9 ,55.75,Caryophylladienol II
6429185 ,Sesquiterpene,5937-11-1,56.116,.tau.-Cadinol
3084311  ,Sesquiterpene,19435-97-3 ,56.45,delta-Cadinol
10398656 ,Sesquiterpene,481-34-5,56.85,alpha-Cadinol
10225 ,Sesquiterpene,483-78-3 ,57.911,Cadalin
