CID,CAS,Class,RT,NAME
12020 ,616-25-1,Alcohol,2.879,1-Penten-3-ol
7288,96-22-0,Ketone,3.08,3-Pentanone
11509 ,589-38-8 ,Ketone,5.062,3-Hexanone
5281168  ,6728-26-3 ,Aldehyde,7.554,"2-Hexenal, (E)-"
5281167,928-96-1,Alcohol,7.662,"3-Hexen-1-ol, (Z)-"
7809 ,106-42-3,Benzene derivatives,8.118,p-Xylene
8103 ,111-27-3,Alcohol,8.333,1-Hexanol
7501 ,100-42-5,Benzene derivatives,9.138,Styrene
12210 ,624-42-0,Ketone,12.753,"3-Heptanone, 6-methyl-"
 61346 ,4312-99-6,Ketone,14.337,1-Octen-3-one
246728,106-68-3,Ketone,15.112,3-Octanone
11527  ,589-98-0,Alcohol,15.598,3-Octanol
14286 ,1122-62-9,Others,17.712,"Ethanone, 1-(2-pyridinyl)-"
5281553,3779-61-1,Terpene,18.835,trans-beta-Ocimene
12202,623-93-8 ,Alcohol,21.528,5-Nonanol
6549 ,78-70-6,Terpene,22.361,Linalool
6427110,19945-61-0 ,Terpene,23.514,"(E)-4,8-Dimethylnona-1,3,7-triene"
520574,3238-55-9,Others,24.686,"1-Propanone, 1-(2-pyridinyl)-"
522743 ,80933-75-1,Others,25.486,"2-Propionyl-3,4,5,6-tetrahydropyridine"
4133 ,119-36-8 ,Acid,28.591,Methyl salicylate
12398,629-78-7 ,Alkane,59.692,Heptadecane
