CID,CAS,Class,RT,NAME
702,64-17-5 ,Alcohol,1.565,Ethanol
1068 ,75-18-3 ,Sulfur compounds,1.756,Dimethyl sulfide
650,431-03-8 ,ketone,2.041,"2,3-Butanedione"
6569,78-93-3 ,ketone,2.1,2-Butanone
8857,141-78-6 ,Ester,2.222,Ethyl Acetate
6560,78-83-1 ,Alcohol,2.315,"1-Propanol, 2-methyl-"
7284,96-17-3,Aldehyde,2.756,"Butanal, 2-methyl-"
12020,616-25-1,Alcohol,2.909,1-Penten-3-ol
15394,1629-58-9 ,ketone,2.973,1-Penten-3-one
8063,110-62-3 ,Aldehyde,3.115,Pentanal
31260,123-51-3 ,Alcohol,3.821,"1-Butanol, 3-methyl-"
8723,123-51-3 ,Alcohol,3.9,"1-Butanol, 2-methyl-"
10977,543-59-9 ,Chlorinated compound,4.253,"Pentane, 1-chloro-"
5364752,1576-87-0 ,Aldehyde,4.287,(E)-2-Pentenal
6590,79-31-2 ,Acid,4.557,"Propanoic acid, 2-methyl-"
6276,71-41-0 ,Alcohol,4.601,1-Pentanol
6184,66-25-1,Aldehyde,5.548,Hexanal
31272,123-86-4 ,Ester,6.141,"Acetic acid, butyl ester"
16656  ,2213-23-2 ,Alkane,6.308,"Heptane, 2,4-dimethyl-"
10430,503-74-2 ,Acid,7.465,"Butanoic acid, 3-methyl-"
5281168,6728-26-3 ,Aldehyde,7.612,"2-Hexenal, (E)-"
7500,100-41-4 ,Benzene derivatives,7.897,Ethylbenzene
16665,3221-61-2,Alkane,8.059,"Octane, 4-methyl-"
7809 ,106-42-3 ,Benzene derivatives,8.23,p-Xylene
8314,116-53-0,Acid,8.333,"Butanoic acid, 2-methyl-"
7946  ,108-65-6 ,Ester,8.583,1-Methoxy-2-propyl acetate
7501,100-42-5 ,Benzene derivatives/Aldehyde,9.28,Styrene
7237,95-47-6,Benzene derivatives,9.363,o-Xylene
7967,108-94-1,ketone,9.422,Cyclohexanone
7991 ,109-52-4 ,Acid,9.574,Pentanoic acid
5362814,6728-31-0 ,Aldehyde,9.741,"4-Heptenal, (Z)-"
8130,111-71-7 ,Aldehyde,9.991,Heptanal
240 ,100-52-7 ,Benzene derivatives/Aldehyde,13.15,Benzaldehyde
61346,4312-99-6 ,Aldehyde/ketone,14.459,1-Octen-3-one
18827,3391-86-4 ,Aldehyde/Alcohol,14.587,1-Octen-3-ol
11449 ,585-25-1 ,ketone,14.95,"2,3-Octanedione"
9862  ,110-93-0,ketone/Aldehyde,15.067,6-Methyl-5-heptene-2-one
8892,142-62-1 ,Acid,15.499,Hexanoic acid
23079626 ,4313-03-5,Aldehyde,15.592,"2,4-Heptadienal, (E,E)-"
15600,124-18-5,Alkane,15.837,Decane
7720  ,104-76-7,Alcohol,17.877,"1-Hexanol, 2-ethyl-"
998 ,122-78-1 ,Benzene derivatives,18.554,Benzeneacetaldehyde
17835 ,2847-72-5,Alkane,19.903,"Decane, 4-methyl-"
460 ,90-05-1 ,Benzene derivatives,21.689,o-Guaiacol
6549 ,78-70-6 ,Terpene,22.606,Linalool
14257  ,1120-21-4 ,Alkane,22.787,Undecane
31289,124-19-7,Aldehyde,22.91,Nonanal
14242 ,1119-40-0 ,Ester,25.406,"Pentanedioic acid, dimethyl ester"
4133  ,119-36-8 ,Benzene derivatives,28.829,Methyl salicylate
8182,112-40-3 ,Alkane,29.57,Dodecane
22015,5779-94-2 ,Benzene derivatives,30.134,"Benzaldehyde, 2,5-dimethyl-"
28453,17301-27-8,Alkane,30.507,"Undecane, 2,6-dimethyl-"
5283345,3913-81-3,Aldehyde,33.615,"2-Decenal, (E)-"
54062422 ,25152-83-4,Aldehyde,35.72,"2,4-Decadienal, (E,Z)-"
12388,629-50-5 ,Alkane,36.265,Tridecane
442359 ,17699-14-8,Sesquiterpene,39.158,alpha-Cubebene
442359,13744-15-5,Sesquiterpene,41.706,beta-Cubebene
12389,629-59-4,Alkane,42.65,Tetradecane
8194,112-54-9 ,Aldehyde,43.18,Dodecanal
5281515,87-44-5 ,Sesquiterpene,43.371,Caryophyllene
5281520  ,6753-98-6,Sesquiterpene,45.446,Humulene
 91354 ,25246-27-9,Sesquiterpene,45.888,Alloaromadendrene
12306049  ,30021-74-0 ,Sesquiterpene,46.991,gamma-Muurolene
5317570,23986-74-5,Sesquiterpene,47.163,Germacrene D
