CAS,Class,Name,RT,CID,MSDIAL RI,NIST RI,Note,Unnamed: 8,Note.1
75-07-0,Aldehyde,Acetaldehyde,1.496,177,,404±23 (15),非靶确定,,解卷积
74-93-1,other,Methanethiol,1.526,878 ,,401±7 (10),非靶确定,,解卷积
64-17-5,Alcohol,Ethanol,1.575,702,,427±19 (38),非靶确定,,解卷积
591-93-5,other,"1,4-Pentadiene",1.653,11587,,464±1 (11),非靶确定,,
78-79-5,Terpene,Isoprene,1.683,6557,,498±2 (14),非靶确定,,
123-72-8,Aldehyde,Butanal,2.026,261 ,,593±5 (41),非靶确定,,解卷积
115-18-4,Alcohol,"3-Buten-2-ol, 2-methyl-(x)",2.124,8257,,614±6 (9),,分低,
590-86-3,Aldehyde,"Butanal, 3-methyl-(X)",2.492,11552,,652±5 (213),,分低,
96-17-3,Aldehyde,"Butanal, 2-methyl-(X)",2.59, 7284,,662±8 (146),,分低,
71-36-3,Alcohol,1-Butanol,2.614,263,,659±8 (80),非靶确定,,
616-25-1,Alcohol,1-Penten-3-ol,2.786,12020,,684±4 (58),非靶确定,,
1629-58-9,Ketone,1-Penten-3-one,2.845,15394,,681±3 (26),非靶确定,,
96-22-0,Ketone,3-Pentanone,2.992,7288,,688±14 (31),非靶确定,,
3208-16-0,Furan,"Furan, 2-ethyl-",3.046,18554,,703±2 (57),非靶确定,,
1487-18-9,Furan,2-Vinylfuran,3.492,73881,,725±9 (8),非靶确定,,
123-51-3,Alcohol,"1-Butanol, 3-methyl-",3.669,31260,,736±5 (154),非靶确定,,
1576-87-0,Aldehyde,"2-Pentenal, (E)-",4.101,5364752,,754±5 (30),非靶确定,,
71-41-0,Alcohol,1-Pentanol,4.42,6276,,765±4 (146),非靶确定,,
1576-95-0,Alcohol,"2-Penten-1-ol, (Z)-",4.527,5364919 ,,767±2 (22),非靶确定,,
4675-87-0,Alcohol,"2-Buten-1-ol, 2-methyl-(X)",4.67,20799 ,,769±3 (2),,分低,
79-31-2,other,"Propanoic acid, 2-methyl-(X)",5.087,6590,,774±16 (37),,分低,
66-25-1,Alcohol,Hexanal,5.283,6184,,800±2 (453),非靶确定,,
6728-26-3,Aldehyde,"2-Hexenal, (E)-",7.0,5281168,,854±3 (243),非靶确定,,
505-57-7,Aldehyde,2-Hexenal,7.701,5281168 ,,851±5 (53),非靶确定,,
928-96-1,Alcohol,"3-Hexen-1-ol, (Z)-",7.765,5281167 ,,857±3 (169),非靶确定,,
928-95-0,Alcohol,"2-Hexen-1-ol, (E)-",8.069,5318042,869.0,862±6 (63),非靶确定,,
111-27-3,Alcohol,1-Hexanol,8.147,8103,871.0,868±4 (223),非靶确定,,
108-93-0,Alcohol,Cyclohexanol,8.677,7966,884.0,880±11 (22),非靶确定,,解卷积
1004-29-1,Furan,Unknown,9.114,13861,895.0,1004±23 (2),,"分低,RI相差大",
929-22-6,Aldehyde,"4-Heptenal, (E)-",9.457,5283318 ,902.0,905±N/A (1),非靶确定,,解卷积
111-71-7,Aldehyde,Heptanal(x),9.545,8130,904.0,901±2 (292),,分低,
111-76-2,Alcohol,"Ethanol, 2-butoxy-",9.84,8133,909.0,906±2 (22),非靶确定,,
142-83-6,Aldehyde,"2,4-Hexadienal, (E,E)-",9.997,637564,911.0,911±3 (32),非靶确定,,
2867-05-2,Terpene,3-Thujene(X),10.987,17868,928.0,929±2 (488),,同分异构,
4245-35-6,Ester,Acrylic acid isoamyl ester(X),11.802,77920,942.0,940±1 (4),,分低,
57266-86-1,Aldehyde,"2-Heptenal, (Z)-",12.577,5362616 ,955.0,958±6 (19),非靶确定,,
100-52-7,Aldehyde,Benzaldehyde,12.625,240 ,956.0,962±3 (416),非靶确定,,
20697-55-6,Aldehyde,4-Oxohex-2-enal,12.91,3014106 ,961.0,957±N/A (1),非靶确定,,
111-70-6,Alcohol,1-Heptanol,13.553,111-70-6,972.0,970±2 (68),非靶确定,,
2438-20-2,Ester,"1-Butanol, 2-methyl-, propanoate(x)",13.661,102817 ,974.0,970±4 (4),,分低,
98-83-9,Benzene Derivative,alpha-Methylstyrene(X),13.93,7407 ,979.0,976±16 (19),,分低,
3391-86-4 ,Alcohol,1-Octen-3-ol(x),14.068,18827,981.0,980±2 (355),,分低,
110-93-0,Ketone,"5-Hepten-2-one, 6-methyl-",14.485,9862,988.0,986±2 (222),非靶确定,,
1569-60-4,Alcohol,"5-Hepten-2-ol, 6-methyl-",14.911,20745,995.0,994±3 (18),非靶确定,,
554-61-0,Terpene,2-Carene,14.985,79044,997.0,1001±1 (62),非靶确定,,
4313-03-5,Aldehyde,"2,4-Heptadienal, (E,E)-(X)",15.029,5283321,997.0,1012±4 (108),,RI相差大,
3681-71-8,Ester,"3-Hexen-1-ol, acetate, (Z)-(X)",15.225,5363388 ,1001.0,1005±2 (74),,分低,
124-13-0,Aldehyde,Octanal(X),15.407,454,1004.0,1003±2 (364),,分低,
4313-03-5,Aldehyde,"2,4-Heptadienal, (E,E)-",15.956,5283321,1012.0,1012±4 (108),非靶确定,,
527-84-4,Terpene,o-Cymene(X),16.584,10703 ,1021.0,1022±2 (114),,同分异构,
555-10-2,Terpene,beta-Phellandrene,16.77,11142,1024.0,1031±2 (279),非靶确定,,
1461-27-4,other,D-sylvestrene,16.81,12304570 ,1024.0,1027±3 (19),非靶确定,,
104-76-7,Alcohol,"1-Hexanol, 2-ethyl-",17.236,7720 ,1031.0,1030±3 (86),非靶确定,,
100-51-6,Alcohol,Benzyl alcohol,17.511,244 ,1035.0,1036±4 (174),非靶确定,,
122-78-1,Aldehyde,Benzeneacetaldehyde,17.928,998 ,1041.0,1045±4 (378),非靶确定,,
13419-69-7,other,"2-Hexenoic acid, (E)-(X)",19.439,5282707,1064.0,1045±3 (2),,RI相差大,
1538-75-6,other,"2,2-Dimethylpropanoic anhydride(X)",19.694,15234,1067.0,1053±N/A (1),,,
111-87-5,Alcohol,1-Octanol(X),20.125,957,1074.0,1071±3 (226),,分低,
1124-20-5,other,"Benzene, 1-methyl-3-(1-methylethenyl)-",20.503,70759,1079.0,1082±2 (7),非靶确定,,
1195-32-0,Benzene Derivative,p-Cymenene,20.94,62385,1086.0,1090±2 (106),非靶确定,,
90-05-1,Benzene Derivative,"Phenol, 2-methoxy-(X)",21.175,460 ,1090.0,1090±3 (130),,分低,
38284-27-4,Ketone,"3,5-Octadien-2-one(X)",21.548,5352876 ,1095.0,1091±10 (20),,分低,
78-70-6,Alcohol,Linalool,21.901,6549,1100.0,1099±2 (976),非靶确定,,
5337-72-4,Alcohol,"Cyclohexanol, 2,6-dimethyl-(x)",22.112,21428,1103.0,1112±2 (8),,"分低,RI相差大",
124-19-6,Aldehyde,Nonanal,22.2,31289 ,1105.0,1104±2 (556),非靶确定,,解卷积
60-12-8,Alcohol,Phenylethyl Alcohol,22.705,6054 ,1112.0,1116±5 (262),非靶确定,,
10340-23-5,Alcohol,"3-Nonen-1-ol, (Z)-",25.668,5364631,1155.0,1156±3 (7),非靶确定,,
56805-23-3,other,"3,6-Nonadien-1-ol, (E,Z)-",25.889,44630408,1158.0,1156±N/A (1),非靶确定,,
34246-54-3,other,"Benzaldehyde, 3-ethyl-(x)",25.904,118623,1160.0,1168±N/A (1),,分低,
2216-51-5,other,Levomenthol(X),26.683,16666 ,1170.0,1175±3 (2),,分低,
6712-79-4,other,Isopinocarveol(X),27.037,10931630,1175.0,1180±4 (11),,分低,
98-55-5,Terpene,alpha-Terpineol(X),27.89,17100 ,1187.0,1189±2 (811),,同分异构,
119-36-8,Acid,Methyl salicylate,28.16,4133 ,1191.0,1192±2 (145),非靶确定,,
112-31-2,Aldehyde,Decanal,29.136,8175 ,1206.0,1206±2 (406),非靶确定,,
29548-14-9,Terpene,p-Menth-1-en-9-al(X),29.465,520440,1211.0,1229±5 (9),,"分低,RI相差大",
432-25-7,Terpene,beta-Cyclocitral,29.783,9895,1215.0,1220±3 (75),非靶确定,,
99-49-0,Terpene,Carvone,31.5,7439 ,1241.0,1242±4 (307),非靶确定,,
514-95-4,,"1,5,5-Trimethyl-6-methylene-cyclohexene(X)",37.509,578237,1331.0,1338±N/A (1),,分低,
97-53-0,other,Eugenol,39.118,3314,1356.0,1357±3 (355),非靶确定,,
,,Unknown,40.148,,1372.0,,,,
87-44-5,Terpene,Caryophyllene(X),42.424,5281515,1407.0,1419±3 (983),,RI相差大,
6753-98-6,Terpene,Humulene(X),44.503,5281520 ,1441.0,1454±3 (792),,RI相差大,
3796-70-1,Terpene,trans-Geranylacetone(X),45.068,1549778,1450.0,1453±2 (154),,分低,
2460-77-7,other,"2,5-di-tert-Butyl-1,4-benzoquinone(X)",45.538,17161,1458.0,1466±N/A (1),,RI相差大,
515-17-3,other,gamma-Selinene(X),46.495,10655819,1473.0,1479±6 (15),,分低,
79-77-6,Terpene,trans-beta-Ionone,46.809,638014 ,1478.0,1486±4 (211),非靶确定,,
639-99-6,Terpene,Elemol(X),50.453,92138 ,1540.0,1549±2 (169),,分低,
544-76-3,Alkane,Hexadecane(X),53.637,11006,1595.0,1600,,分低,
483-78-3,Terpene,Cadalene(x),57.399,10225 ,1663.0,1674±3 (86),,分低,
593-45-3,Alkane,Octadecane(x),63.712,11635,1798.0,1800,,分低,
84-69-5,other,Isobutyl phthalate,64.565,6782,1873.0,1870±4 (32),非靶确定,,
84-74-2,other,Dibutyl phthalate,65.306,3026,1973.0,1965±6 (40),非靶确定,,
