CAS,Class,Name,RT,CID,MSDIAL RI,NIST RI,Note,Note.1
64-17-5,Alcohol,Ethanol,1.57,702 ,,427±19 (38),非靶确定,
67-64-1 ,Ketone,Acetone,1.648,180 ,,486±16 (51),非靶确定,
78-84-2 ,Aldehyde,"Propanal, 2-methyl-",1.854,6561  ,,552±4 (67),非靶确定,
108-88-3,Benzene Derivative,Toluene,4.39,1140,,763±8 (328),非靶确定,
627-97-4,Other,2-Methyl-2-heptene(X),3.386,12330 ,,790±0 (6),,分低
543-49-7,Alcohol,2-Heptanol,9.673, 10976  ,904.0,900±4 (53),非靶确定,
7785-70-8,Terpene,1R-alpha-Pinene,11.076,82227 ,928.0,929±7 (7),非靶确定,
79-92-5,Terpene,Camphene(x),11.851,6616  ,941.0,952±2 (609),,RI 相差大
100-52-7 ,Aldehyde,Benzaldehyde,12.969,240  ,960.0,962±3 (416),非靶确定,
3387-41-5,Terpene,Sabinen,13.509,18818  ,969.0,974±2 (619),非靶确定,
25112-87-2,Ketone,Unkown,14.082,574386 ,979.0,,,分低，无NIST RI
110-93-0 ,Ketone,"5-Hepten-2-one, 6-methyl-",14.647,9862 ,989.0,986±2 (222),非靶确定,
123-35-3 ,Terpene,beta-Myrcene,14.754,31253  ,991.0,991±2 (840),非靶确定,解卷积
1569-60-4,Alcohol,"5-Hepten-2-ol, 6-methyl-(X)",15.093,20745 ,996.0,994±3 (18),,同分异构
99-83-2,Terpene,alpha-Phellandrene,15.353,7460  ,1001.0,1005±2 (509),非靶确定,
6169-06-8,Alcohol,"2-Octanol, (S)-(X)",15.583,2723888  ,1004.0,,,无NIST RI
13466-78-9,Terpene,3-Carene,15.696,26049 ,1006.0,1011±2 (336),非靶确定,
99-86-5,Terpene,alpha-Terpinen,16.162,7462  ,1013.0,1017±2 (534),非靶确定,
527-84-4,Terpene,o-Cymene(X),16.707, 10703  ,1021.0,1022±2 (114),,同分异构
1461-27-4,Terpene,D-sylvestrene(X),16.942,102625 ,1024.0,1027±3 (19),,同分异构
470-82-6,Other,Eucalyptol,17.084,2758  ,1027.0,1032±2 (580),非靶确定,
3338-55-4,Terpene,beta-cis-Ocimene,17.864,5320250,1038.0,1038±2 (446),非靶确定,
3779-61-1,Terpene,trans-beta-Ocimene(X),18.526,5281553  ,1048.0,1049±2 (548),,同分异构
99-85-4,Terpene,gamma-Terpinene,19.012,7461 ,1055.0,1060±3 (739),非靶确定,
586-62-9,Terpene,Terpinolene(X),20.969,11463 ,1084.0,1088±2 (607),,同分异构
1195-32-0,Terpene,p-Cymenene,21.067,62385  ,1086.0,1090±2 (106),非靶确定,
67801-33-6,Other,"2-Nonanone, 3-(hydroxymethyl)-(X)",21.548,106823  ,1093.0,1093±N/A (1),,同分异构
78-70-6,Terpene,Linalool,22.043,6549,1100.0,1099±2 (976),非靶确定,
628-99-9,Alcohol,2-Nonanol,22.269,12367,1104.0,1102±4 (18),非靶确定,
21195-59-5,Other,"p-Mentha-1,5,8-triene(X)",22.553,527424  ,1108.0,1111±1 (58),,分低
6090-09-1,Other,4-Acetyl-1-methylcyclohexene(X),24.0,93019  ,1129.0,1137±6 (5),非靶确定,解卷积
460-01-5 ,Terpene,Cosmene(X),24.098,5368451  ,1130.0,1131±1 (4),,分低
464-48-2,Terpene,(-)-Alcanfor(X),24.604,444294  ,1138.0,1142±3 (2),,同分异构
124-76-5,Terpene,Isoborneol,25.516,6321405 ,1151.0,1157±3 (67),非靶确定,
464-45-9 ,Terpene,L-Borneol(X),26.198,1201518,1161.0,1166±7 (3),,分低
7299-42-5,Terpene,delta-Terpineol(X),26.414,81722  ,1164.0,1166±3 (35),,分低
562-74-3,Terpene,Terpinen-4-ol,27.032,11230 ,1173.0,1177±2 (764),非靶确定,
122-00-9,Ketone,"Ethanone, 1-(4-methylphenyl)-(X)",27.551,8500 ,1180.0,1183±4 (39),,同分异构
1197-01-9,Terpene,p-Cymen-8-ol,27.767,14529  ,1184.0,1183±2 (237),非靶确定,
98-55-5,Terpene,alpha-Terpineol(X),28.037,17100 ,1187.0,1189±2 (811),,同分异构
693-54-9,Ketone,2-Decanone,28.474,12741 ,1194.0,1193±2 (52),,
140-67-0,Benzene Derivative,Estragole,28.596,8815 ,1196.0,1196±1 (86),非靶确定,
1120-06-5,Alcohol,2-Decanol,29.136,14254  ,1203.0,1200±7 (6),非靶确定,
106-22-9,Terpene,Citronellol,31.005,8842  ,1231.0,1228±3 (181),非靶确定,
122-03-2,Terpene,"Benzaldehyde, 4-(1-methylethyl)-",31.318,326 ,1236.0,1239±3 (122),,
99-49-0,Terpene,Carvone(X),31.626,7439  ,1241.0,1242±4 (307),,分低
89-81-6,Terpene,Piperitone,32.299,6987  ,1251.0,1253±3 (129),非靶确定,
624-15-7,Terpene,"2,6-Octadien-1-ol, 3,7-dimethyl-",32.746,637566,1257.0,1260±N/A (1),非靶确定,解卷积
6597-59-7 ,Benzene Derivative,"2,4-Dimethylphenethyl alcohol(X)",33.555,247478  ,1269.0,,,无NIST RI
107853-70-3,Ketone,(Z)-Undec-6-en-2-one,34.114,11217478  ,1278.0,1274±N/A (1),非靶确定,
104-46-1,Benzene Derivative,Anethole(X),34.462,637563  ,1283.0,1286±2 (6),,同分异构
112-12-9,Ketone,2-Undecanone,35.242,8163 ,1292.0,1294±2 (160),非靶确定,
536-59-4,Terpene,"p-Mentha-1,8-dien-7-ol(X)",35.752,10819  ,1302.0,1296±3 (40),,分低
1653-30-1,Alcohol,2-Undecanol,35.851,15448 ,1303.0,1307±4 (9),非靶确定,解卷积
491-09-8,Ketone,Piperitenone,37.94,381152 ,1336.0,1340±4 (41),非靶确定,
17699-14-8,Terpene,alpha-Cubebene,38.458,442359  ,1343.0,1351±2 (337),非靶确定,
80-26-2 ,Terpene,alpha-Terpinyl acetate,38.612,111037 ,1346.0,1350±3 (156),非靶确定,
97-53-0,Other,Eugenol,39.299,3314  ,1357.0,1357±3 (355),非靶确定,
150-84-5,Ester,Citronellol acetate(X),39.514,9017 ,1360.0,1354±2 (98),,分低
14912-44-8,Terpene,Ylangene(X),40.01,20055075 ,1368.0,1372±2 (170),,同分异构
7403-42-1,Other,Unkown,40.554,81898  ,1376.0,,,
159407-35-9,Terpene,7-epi-Sesquithujene,41.172,53439065 ,1386.0,1391±2 (3),非靶确定,
65354-33-8,Other,2-epi-alpha-Funebrene,41.432,91753249 ,1390.0,1389±0 (2),非靶确定,
210637-49-3,Other,Unkown,41.653,,1393.0,1362±1 (2),,分低，RI相差大
6175-49-1 ,Ketone,2-Dodecanone,41.731,22556  ,1395.0,1396±9 (16),非靶确定,
4895-19-6,Benzene Derivative,"Benzenebutanal, gamma,4-dimethyl-(X)",41.908,583405  ,1397.0,1406±N/A (1),,RI 相差大
58319-06-5,Terpene,Sesquithujene,42.271,53439065  ,1403.0,1402±10 (6),非靶确定,
87-44-5,Terpene,Caryophyllene(X),42.663,5281515 ,1409.0,1419±3 (983),,RI 相差大
512-61-8 ,Terpene,alpha-Santalene,42.889,94164  ,1413.0,1420±3 (26),非靶确定,
11028-42-5,Terpene,Cedrene(X),43.311,6431015,1420.0,1422±24 (15),,分低
29873-99-2,Terpene,gamma-Elemene,43.723,12309452  ,1427.0,1434±4 (116),非靶确定,
13474-59-4,Other,trans-alpha-Bergamotene(X),43.939,6429302 ,1430.0,1435±3 (183),,同分异构
394217-21-1,Terpene,"Cypera-2,4(15)-diene(X)",44.365,91710045 ,1437.0,1443±N/A (1),,分低
3853-83-6,Terpene,alpha-Himachalene(X),44.532,11830551,1440.0,1449±2 (40),,RI 相差大
3853-83-6,Terpene,alpha-Himachalene,44.738,11830551,1443.0,1449±2 (40),非靶确定,
58319-04-3,Other,Sesquisabinene(X),45.268,25202482  ,1452.0,1464±3 (5),,RI 相差大
18794-84-8,Terpene,(E)-beta-Famesene,45.523,5281517  ,1456.0,1457±2 (253),非靶确定,
212394-95-1,Terpene,"Eudesma-1,4(15),11-triene(X)",46.646,91699613,1474.0,1477±N/A (1),,分低
644-30-4,Terpene,alpha-Curcumene,47.274,92139  ,1485.0,1483±3 (162),非靶确定,
495-60-3,Terpene,Zingiberene,48.01,92776  ,1497.0,1495±2 (93),非靶确定,
495-61-4 ,Terpene,beta-Bisabolene,49.059,10104370 ,1514.0,1509±3 (312),非靶确定,
20307-83-9,Other,beta-Sesquiphellandrene,49.868,519764  ,1528.0,1524±2 (114),非靶确定,
53585-13-0,Terpene,trans-gamma-Bisabolene,50.354,5352437 ,1537.0,1533±3 (62),非靶确定,
145512-84-1,Terpene,trans-Sesquisabinene hydrate(X),50.697,20055539,1543.0,1581±2 (7),,RI 相差大
29915-95-5,Other,Unkown,50.84,,1545.0,,,分低，无NIST RI
61847-19-6,Other,Unkown,51.08,,1549.0,1553±N/A (1),,分低
577-27-5,Terpene,Ledol(X),51.203,11074994,1551.0,1565±4 (89),,RI 相差大
50277-34-4,Other,beta-Calacorene,51.585, 529621  ,1558.0,1563±3 (59),非靶确定,
51595-87-0,Ketone,Unkown,51.928,572898 ,,,,分低，无NIST RI
50277-34-4,Other,beta-Calacorene(X),52.434, 529621  ,1572.0,1563±3 (59),,RI 相差大
1139-30-6,Terpene,Caryophyllene oxide(X),52.488,1742210  ,1573.0,1581±2 (669),,分低
38142-57-3,Terpene,aR-Turmerol,52.62,5315469 ,1576.0,1583±1 (14),非靶确定,
145512-84-1,Other,(E)-Sesquisabinene hydrate(X),53.145,20055539  ,1585.0,1581±2 (7),,同分异构
,Other,"3-Methyl-2-butenoic acid, 2,6-dimethylnon-1-en-3-yn-5-yl ester(X)",53.282,531119  ,1587.0,1592±N/A (1),,分低
30666-87-6,Terpene,(±)-Dihydro-ar-turmerone,53.361,10921984  ,1588.0,1598±N/A (1),非靶确定,
39599-18-3,Other,Unkown,53.571,577141 ,1592.0,,,分低，无NIST RI
20303-60-0,Other,beta-Elemenone,53.866,519762 ,1597.0,1597±8 (5),非靶确定,
20137-72-8,Other,Unkown,53.988, 29969  ,1599.0,,,分低，无NIST RI
98718-53-7,Other,Unkown,54.258,6450269  ,1604.0,,,分低，无NIST RI
58334-55-7,Terpene,Zingiberenol,54.479,13213649 ,1608.0,1616±5 (5),非靶确定,
1209-71-8,Terpene,gamma-Eudesmol(X),54.891,6432005,1616.0,1631±1 (137),,RI相差大
58334-55-7,Terpene,Zingiberenol(X),55.401,13213649 ,1625.0,1616±5 (5),,RI相差大
87440-60-6,Other,Curlone(X),55.676,14287405  ,1630.0,1647±15 (5),,RI相差大
180315-67-7 ,Terpene,Tumerone(X),56.171,558173 ,1639.0,1632±1 (4),,分低
108549-48-0,Terpene,(Z)-gamma-Atlantone(X),56.941,91698329 ,1653.0,1699±N/A (1),,RI相差大
532-65-0,Ketone,aR-Turmerone,57.74,160512  ,1667.0,1664±5 (17),非靶确定,
1723-80-4,Other,"4-(1,5-Dimethylhex-4-enyl)cyclohex-2-enone(X)",58.707,550361 ,1685.0,1698±N/A (1),,RI相差大
81968-62-9,Other,"ent-Germacra-4(15),5,10(14)-trien-1beta-ol(X)",59.099,73554075 ,1692.0,1695±N/A (1),,分低
82508-14-3,Ketone,beta-Turmerone(X),59.447,196216 ,1699.0,,,无NIST RI
26955-11-3 ,Other,Unkown,59.639, 591645  ,1703.0,,,分低，无NIST RI
,Other,Unkown,59.864,14440163  ,1708.0,,,分低，无NIST RI
39721-65-8,Other,Unkown,59.952,12858404  ,1710.0,,,分低，无NIST RI
56192-70-2,Terpene,(Z)-alpha-Atlantone,60.104,12299867  ,1713.0,1717±4 (3),非靶确定,
69301-27-5,Terpene,Curcuphenol,60.301,360253,1718.0,1717±3 (6),非靶确定,
78339-53-4,Other,(Z)-Nuciferol(X),60.536,71353389  ,1723.0,1735±1 (3),,"分低,RI相差大"
5988-72-7,Terpene,Cryptomerione(X),60.615,11964091 ,1725.0,1730±5 (2),,分低
72441-71-5,Terpene,"(6R,7R)-Bisabolone",61.184,11321983  ,1739.0,1747±5 (5),非靶确定,
66964-98-5,Terpene,1-Bisabolone,61.669,0857025  ,1750.0,1750±N/A (1),非靶确定,
473-08-5,Other,"7-Isopropenyl-1,4a-dimethyl-4,4a,5,6,7,8-hexahydro-3H-naphthalen-2-one(X)",61.924,6452086,1756.0,1755±16 (5),,分低
30199-26-9,Benzene Derivative,Xanthorrhizol,62.061,93135  ,1759.0,1753±1 (6),非靶确定,
,Other,Unkown,62.439,,1768.0,,,分低，无NIST RI
108645-54-1,Other,(E)-Atlantone,63.091,6365122  ,1783.0,1773±1 (7),非靶确定,
57040-46-7,Other,Unkown,63.572,,1794.0,,,分低，无NIST RI
