CID,CAS,RT,NAME
6319,66-25-1 ,5.464,Hexanal
1383, 505-57-7 ,7.47,2-Hexenal
9276, 928-97-2 ,7.681,"3-Hexen-1-ol, (E)-"
6337, 111-27-3 ,8.285,1-Hexanol
15248,122-78-1 ,18.492,Benzeneacetaldehyde
1250,124-19-6 ,22.695,Nonanal
25393,432-25-7 ,30.337,"1-Cyclohexene-1-carboxaldehyde, 2,6,6-trimethyl-"
10887,761-65-9 ,36.258,"Formamide, N,N-dibutyl-"
165326,17699-14-8 ,38.838,alpha-Cubebene
28897, 3856-25-5 ,40.417,Copaene
1557,489-40-7 ,42.487,"1H-Cycloprop[e]azulene, 1a,2,3,4,4a,5,6,7b-octahydro-1,1,4,7-tetramethyl-, [1aR-(1aalpha,4alpha,4abeta,7balpha)]-"
73222,87-44-5 ,43.036,Caryophyllene
22136,127-41-3 ,43.83,alpha-Ionone
30922,79-77-6 ,47.377,trans-beta-Ionone
29008,523-47-7 ,49.506,"Naphthalene, 1,2,4a,5,8,8a-hexahydro-4,7-dimethyl-1-(1-methylethyl)-, [1S-(1alpha,4abeta,8aalpha)]-"
