CID,Class,CAS,RT ,Name
12020,Alcohol,616-25-1,2.874,1-Penten-3-ol
179 ,Alcohol/Aldehyde,52217-02-4,3.262,Acetoin
637920 ,Ketone,625-33-2 ,3.551,3-Penten-2-one
31260 ,Alcohol,123-51-3 ,3.782,"1-Butanol, 3-methyl-"
5364919 ,Alcohol,1576-95-0 ,4.67,"2-Penten-1-ol, (Z)-"
6184  ,Aldehyde,66-25-1,5.498,Hexanal
5281168 ,Aldehyde,6728-26-3 ,7.476,"2-Hexenal, (E)-"
5284503,Alcohol,928-97-2 ,7.691,"3-Hexen-1-ol, (Z)-"
7809,Benzene derivatives,106-42-3 ,8.108,p-Xylene
5318042 ,Alcohol,928-95-0 ,8.201,"2-Hexen-1-ol, (E)-"
8103,Alcohol,111-27-3 ,8.289,1-Hexanol
7501  ,Benzene derivatives,100-42-5 ,9.138,Styrene
7237 ,Benzene derivatives,95-47-6 ,9.216,o-Xylene
12100,Benzene derivatives,620-14-4 ,13.06,"Benzene, 1-ethyl-3-methyl-"
18827 ,Alcohol,3391-86-4,14.514,1-Octen-3-ol
520546,Ketone,31883-98-4 ,14.517,3-Methyl-3-cyclohexen-1-one
7247 ,Benzene derivatives,95-63-6 ,14.96,"Benzene, 1,2,4-trimethyl-"
5352557 ,Ester,3681-82-1 ,16.294,"3-Hexen-1-ol, acetate, (Z)-"
8908 ,Ester,142-92-7 ,16.691,"Acetic acid, hexyl ester"
7463  ,Benzene derivatives,99-87-6 ,17.03,p-Cymene
66841 ,Terpene,99-84-3 ,17.241,beta-Terpinen
7720,Alcohol,104-76-7 ,17.672,"1-Hexanol, 2-ethyl-"
5281553 ,Terpene,3779-61-1,18.2,trans-beta-Ocimene
5320249 ,Terpene,502-99-8,18.83,"1,3,7-Octatriene, 3,7-dimethyl-"
13627 ,Benzene derivatives,934-74-7,20.53,"Benzene, 1-ethyl-3,5-dimethyl-"
62385 ,Benzene derivatives,1195-32-0 ,21.46,"Benzene, 1-methyl-4-(1-methylethenyl)-"
6549,Terpene,78-70-6 ,22.425,Linalool
7269 ,Benzene derivatives,95-93-2 ,23.382,"Benzene, 1,2,4,5-tetramethyl-"
6427110  ,Terpene, 19945-61-0 ,23.514,"(E)-4,8-Dimethylnona-1,3,7-triene"
 931 ,Naphthalene,91-20-3,27.4,Naphthalene
8500 ,Benzene derivatives,122-00-9,27.9,"Ethanone, 1-(4-methylphenyl)-"
5352331 ,"Butanoic acid, 3-hexenyl ester, (E)-",53398-84-8 ,28.434,"Butanoic acid, 3-hexenyl ester, (E)-"
17525 ,Ester,2639-63-6 ,28.86,"Butanoic acid, hexyl ester"
10698,Benzene derivatives,527-60-6 ,29.23,"Phenol, 2,4,6-trimethyl-"
8175  ,Aldehyde,112-31-2 ,29.66,Decanal
5365069,Terpene,53398-85-9 ,31.5,cis-3-Hexenyl-alpha-methylbutyrate
 27867  ,Ester,89-48-5,35.45,Menthyl acetate
7002  ,"Naphthalene,",90-12-0 ,35.9,"Naphthalene, 1-methyl-"
578237 ,——,514-95-4 ,38.0,"1,5,5-Trimethyl-6-methylene-cyclohexene"
175002  ,Ester,72257-53-5 ,38.5,"2-Acetoxy-1,8-cineole"
6918391 ,Sesquiterpene,515-13-9 ,41.603,"beta-Elemene, (-)-"
5281515 ,Sesquiterpene, 87-44-5 ,43.275,Caryophyllene
577397 ,Sesquiterpene,357414-37-0 ,43.97,"10,10-Dimethyl-2,6-dimethylenebicyclo[7.2.0]undecane"
11095734 ,Sesquiterpene,489-39-4 ,44.4,Aromandendrene
5281520 ,Sesquiterpene,6753-98-6 ,45.4,Humulene
5281517,Sesquiterpene, 18794-84-8 ,45.85,(E)-beta-Famesene
442353 ,Sesquiterpene,18431-82-8 ,46.64,beta-Chamigrene
6428861 ,Sesquiterpene,451-55-8 ,47.0,gamma-Curcumene
28237 ,Sesquiterpene, 17066-67-0 ,47.165,beta-Eudesmene
 10856614 ,Sesquiterpene,473-13-2,47.71,alpha-Selinene
91224 ,Sesquiterpene,24703-35-3 ,48.45,Bicyclogermacren
10104370,Sesquiterpene,495-61-4 ,48.95,beta-Bisabolene
5352437 ,Sesquiterpene,53585-13-0 ,50.43,(E)-gamma-Bisabolene
5284507 ,Sesquiterpene,40716-66-3 ,52.1,E-Nerolidol
1742210,Sesquiterpene,1139-30-6 ,52.77,Caryophyllene oxide
92476330  ,Sesquiterpene,19888-34-7 ,54.233,Humulene epoxide 2
91715484,Sesquiterpene,79580-01-1 ,55.78,"11,11-Dimethyl-4,8-dimethylenebicyclo[7.2.0]undecan-3-ol"
250040535,Sesquiterpene,119120-23-9,,"Eudesma-4(15),7-dien-1beta -ol"
1549992  ,Sesquiterpene,515-69-5,58.73,alpha-Bisabolol
