CID,CAS,Class,RT,NAME
702,64-17-5,Alcohol,1.579,Ethanol
8257,115-18-4,Alcohol,2.168,"3-Buten-2-ol, 2-methyl-"
176,64-19-7,Acid,2.217,Acetic acid
70934,1191-99-7,Furan,2.536,"Furan, 2,3-dihydro-"
263,71-36-3,Alcohol,2.663,1-Butanol
13587,930-27-8,Furan,2.84,"Furan, 3-methyl-"
13004,765-43-5,Ketone,3.581,"Ethanone, 1-cyclopropyl-"
11173,556-82-1,Alcohol,4.831,Prenol
6184,66-25-1,Aldehyde,5.538,Hexanal
5318042,928-95-0,Alcohol,8.275,"2-Hexen-1-ol, (E)-"
8103,111-27-3,Alcohol,8.368,1-Hexanol
240,100-52-7,Benzene derivatives/Aldehyde,13.062,Benzaldehyde
520420,2918-13-0,Ketone,14.416,1-Hepten-3-one
18827,3391-86-4,Alcohol,14.543,1-Octen-3-ol
520546,31883-98-4,Ketone,14.656,3-Methyl-3-cyclohexen-1-one
9862,110-93-0,Ketone,14.985,"5-Hepten-2-one, 6-methyl-"
7460,99-83-2,Terpene,15.814,alpha-Phellandrene
10703,527-84-4,Terpene,17.167,o-Cymene
7720,104-76-7,Alcohol,17.795,"1-Hexanol, 2-ethyl-"
244,100-51-6,Benzene derivatives/Alcohol,18.08,Benzyl alcohol
998, 122-78-1 ,Benzene derivatives/Aldehyde,18.487,Benzeneacetaldehyde
21630868,56469-37-5,Others,19.095,cis-Arbusculone
5283324,2548-87-0,Aldehyde,19.595,"2-Octenal, (E)-"
7410,98-86-2,Benzene derivatives/Ketone,19.968,Acetophenone
70555932,56469-36-4,Others,20.4,trans-Arbusculone
6428573 ,5989-33-3,Others,20.493,cis-Linalool oxide
2879,106-44-5,Benzene derivatives/Alcohol,21.125,p-Cresol
6549,78-70-6,Terpene/Alcohol,22.504,Linalool
5370101,1604-28-0,Ketone,22.837,"6-Methyl-3,5-heptadiene-2-one"
176983,18368-95-1,Others,,Unknown
65289,43219-68-7,Ketone,25.697,"Ethanone, 1-(1,4-dimethyl-3-cyclohexen-1-yl)-"
92784,513-20-2,Ketone,26.217,Sabina ketone
11230,562-74-3,Terpene/Alcohol,27.585,Terpinen-4-ol
8500,122-00-9,Benzene derivatives/Ketone,28.066,p-Acetyltoluene
92780,500-02-7,Ketone,28.174,"Cryptone, L-"
17100,98-55-5,Alcohol,28.537,alpha-Terpineol
22015,5779-94-2,Benzene derivatives/Aldehyde,30.018,"Benzaldehyde, 2,5-dimethyl-"
	70750,1123-94-0,Benzene derivatives/Alcohol,31.47,p-Cumenol
326,122-03-2,Terpene/Aldehyde,31.764,p-Cumic aldehyde
7439,99-49-0,Terpene/Ketone,32.107,Carvone
89488,21391-98-0,Terpene/Aldehyde,34.04,Phellandral
526762,1197-15-5,Terpene/Aldehyde,34.687,alpha-Terpinen-7-al
325,536-60-7 ,Benzene derivatives/Alcohol,35.364,p-Cymen-7-ol
	10364,499-75-2,Benzene derivatives/Alcohol,35.771,Carvacrol
351031,1619-26-7,Others,36.188,Isoascaridol
101411833,16933-18-9,Aldehyde,38.189,Tricycloekasantalal
442359,17699-14-8,Terpene,39.028,alpha-Cubebene
12303902,3856-25-5,Others,40.598,Copaene
162451180,159407-35-9,Others,41.731,7-epi-Sesquithujene
1549018,488-10-8,Ketone,42.231,cis-Jasmone
6431015,469-61-4,Terpene,42.687,alpha-Cedrene
5281515,87-44-5,Terpene,43.227,Caryophyllene
94164,512-61-8,Terpene,43.467,alpha-Santalene
100990,59230-57-8,Benzene derivatives/Ester,43.854,Cuminyl acetate
12309452,29873-99-2,Others,44.443,gamma-Elemene
6428861,451-55-8,Others,47.18,gamma-Curcumene
92139,644-30-4,Terpene/Benzene derivatives,47.391,alpha-Curcumene
10104370,495-61-4,Terpene,48.946,beta-Bisabolene
441005,483-76-1,Terpene,49.701,delta-Cadinene
5352437,53585-13-0 ,Terpene,50.275,(E)-gamma-Bisabolene
12302243,21391-99-1,Benzene derivatives,50.716,alpha-Calacorene
5284507,7212-44-4,Alcohol,52.251,Nerolidol
92231,6750-60-3,Alcohol,52.722,Spathulenol
1742210,1139-30-6,Terpene,52.904,Caryophyllene oxide
42608172,73809-82-2,Ketone,53.556,Mintketone
14059042,19903-70-9,Aldehyde,58.465,(E)-alpha-Santalal
11085337,115-71-9 ,Alcohol,59.427,alpha-Santalol
3515,489-84-9,Terpene,63.247,"Phenol, 2-(1-phenylethyl)-"
