CID,CAS,Class,RT,NAME
8175 ,112-31-2,Aldehyde,29.834,Decanal
12389 ,629-59-4,Alkane,42.513,Tetradecane
8194 ,112-54-9,Aldehyde,43.102,Dodecanal
12391 ,629-62-9,Alkane,48.597,Pentadecane
11006 ,544-76-3 ,Alkane,54.362,Hexadecane
31291 ,124-25-4,Aldehyde,55.062,Tetradecanal
12398  ,629-78-7,Alkane,59.853,Heptadecane
17697  ,2765-11-9,Aldehyde,60.592,Pentadecanal-
11635 ,593-45-3,Alkane,63.954,Octadecane
8042 ,110-27-0,Ester,64.314,Isopropyl myristate
10408,502-69-2,Ketone,64.499,"2-Pentadecanone, 6,10,14-trimethyl-"
