CAS,Class,Name,RT,CID,MSDIAL RI,NIST RI,Note,Unnamed: 8,Note.1
74-93-1,other,Methanethiol(x),1.526,878 ,,401±7 (10),,分低,
64-17-5,Alcohol,Ethanol,1.565,702,,427±19 (38),非靶确定,,解卷积
75-56-9,other,Propylene oxide(X),1.643,6378,,460±N/A (1),,分低,
78-84-2,Aldehyde,"Propanal, 2-methyl-",1.844,6561,,552±4 (67),非靶确定,,
123-72-8,Aldehyde,Butanal,2.011,261 ,,593±5 (41),非靶确定,,
115-18-4,Alcohol,"3-Buten-2-ol, 2-methyl-",2.114,8257,,614±6 (9),非靶确定,,
141-78-6,other,Ethyl Acetate,2.153,8857,,612±5 (113),非靶确定,,
590-86-3,Aldehyde,"Butanal, 3-methyl-",2.472,11552,,652±5 (213),非靶确定,,
71-43-2,Benzene Derivative,Benzene,2.556,241,,654±11 (226),非靶确定,,
107-98-2,Alcohol,"2-Propanol, 1-methoxy-",2.713,7900,,661±13 (6),非靶确定,,
616-25-1,Alcohol,1-Penten-3-ol,2.781,12020,,684±4 (58),非靶确定,,
1629-58-9,Ketone,1-Penten-3-one(X),2.84,15394,,681±3 (26),,分低,
110-62-3,Aldehyde,Pentanal,2.968,8063,,699±5 (147),非靶确定,,
3208-16-0,Furan,"Furan, 2-ethyl-",3.071,18554,,703±2 (57),非靶确定,,
79-09-4,Acid,Propanoic acid(X),3.203,1032 ,,700±20 (26),,分低,
623-36-9,other,"2-Pentenal, 2-methyl-(X)",3.463,5319754,,837±9 (9),,RI相差大,
123-51-3,Alcohol,"1-Butanol, 3-methyl-",3.664,31260,,736±5 (154),非靶确定,,
625-33-2,Ketone,3-Penten-2-one,3.811,637920 ,,733±6 (11),非靶确定,,
1115-11-3 ,Aldehyde,"2-Butenal, 2-methyl-",3.841,5321950,,746±3 (10),非靶确定,,
1576-87-0,Aldehyde,"2-Pentenal, (E)-",4.086,5364752,,754±5 (30),非靶确定,,
108-88-3,Benzene Derivative,Toluene,4.317,1140,,763±8 (328),非靶确定,,
71-41-0,Alcohol,1-Pentanol,4.39,6276,,765±4 (146),非靶确定,,
1576-95-0,Alcohol,"2-Penten-1-ol, (Z)-",4.493,5364919 ,,767±2 (22),非靶确定,,
66-25-1,Alcohol,Hexanal,5.253,6184,,800±2 (453),非靶确定,,
105-54-4,other,"Butanoic acid, ethyl ester",5.356,7762,,802±2 (154),非靶确定,,
498-60-2,Furan,3-Furaldehyde(X),5.813,10351,,832±14 (15),,同分异构,
623-36-9,Aldehyde,"2-Pentenal, 2-methyl-(X)",5.906,5319754,,837±9 (9),,分低,
2216-34-4 ,other,"Octane, 4-methyl-(x)",5.955,16665,,863±1 (36),,RI相差大,
107-92-6,Acid,Butanoic acid(X),7.176,264,,805±17 (102),,RI相差大,
505-57-7,Aldehyde,2-Hexenal,7.23,5281168 ,,851±5 (53),非靶确定,,
928-96-1,Alcohol,"3-Hexen-1-ol, (Z)-",7.505,5281167,,857±3 (169),非靶确定,,
106-42-3,Benzene Derivative,p-Xylene,7.838,7809 ,,865±7 (178),非靶确定,,
928-95-0,Alcohol,"2-Hexen-1-ol, (E)-",7.971,5318042,,862±6 (63),非靶确定,,
111-27-3,Alcohol,1-Hexanol,8.079,8103,869.0,868±4 (223),非靶确定,,
100-42-5,Benzene Derivative,Styrene,8.839,7501 ,888.0,893±5 (91),非靶确定,,
95-47-6,Benzene Derivative,o-Xylene(X),8.903,7237 ,889.0,887±8 (178),,分低,
110-43-0,Ketone,2-Heptanone,9.006,8051 ,892.0,891±2 (212),非靶确定,,
6728-31-0,other,"4-Heptenal, (Z)-",9.383,5362814,901.0,900±1 (52),非靶确定,,
111-71-7,Aldehyde,Heptanal,9.472,8130,902.0,901±2 (292),非靶确定,,
109-52-4,Acid,Pentanoic acid(X),9.761,7991,907.0,904±16 (47),,分低,
1072-16-8,other,"Octane, 2,7-dimethyl-",10.894,14070,927.0,928±0 (6),非靶确定,,
928-68-7,Ketone,"2-Heptanone, 6-methyl-(X)",12.498,13572,954.0,956±2 (14),,分低,
57266-86-1,other,"2-Heptenal, (Z)-",12.523,5362616,955.0,958±6 (19),非靶确定,,
100-52-7,Aldehyde,Benzaldehyde,12.562,240,955.0,962±3 (416),非靶确定,,
871-83-0,other,"Nonane, 2-methyl-",12.959,13379,962.0,964±1 (27),非靶确定,,
28634-89-1,other,2-Thujene,13.386,520384,969.0,966±12 (3),非靶确定,,
26456-76-8,other,"2-Hexene, 3,5,5-trimethyl-(X)",13.641,5365055 ,974.0,985±4 (3),,RI相差大,
98-83-9,Benzene Derivative,alpha-Methylstyrene(X),13.921,7407 ,978.0,976±16 (19),,分低,
3391-86-4,Alcohol,1-Octen-3-ol,14.053,18827,981.0,980±2 (355),非靶确定,,
,,Unknown,14.362,,986.0,,,,
110-93-0,Ketone,"5-Hepten-2-one, 6-methyl-",14.465,9862,988.0,986±2 (222),非靶确定,,
108-95-2,Benzene Derivative,Phenol(X),14.794,996 ,993.0,980±4 (94),,RI相差大,
4313-03-5,other,"2,4-Heptadienal, (E,E)-(X)",15.083,5283321 ,998.0,1012±4 (108),,分低，RI相差大,
124-18-5,Alkane,Decane(X),15.181,15600,1000.0,1000,,分低,
123-66-0,other,"Hexanoic acid, ethyl ester(X)",15.343,31265,1002.0,1000±2 (157),,分低,
124-13-0,Aldehyde,Octanal,15.412,454,1004.0,1003±2 (364),非靶确定,,
3681-71-8,other,"3-Hexen-1-ol, acetate, (Z)-",15.794,5363388,1009.0,1005±2 (74),非靶确定,,
4313-03-5,other,"2,4-Heptadienal, (E,E)-",16.093,5283321 ,1011.0,1012±4 (108),非靶确定,,
17302-27-1,Alkane,"Nonane, 2,5-dimethyl-",16.466,28456 ,1019.0,1021±6 (2),非靶确定,,
17302-28-2,Alkane,"Nonane, 2,6-dimethyl-",16.653,28457,1022.0,1018±2 (11),非靶确定,,
104-76-7,Alcohol,"1-Hexanol, 2-ethyl-",17.231,7720,1031.0,1030±3 (86),非靶确定,,
100-51-6,Alcohol,Benzyl alcohol,17.55,244,1035.0,1036±4 (174),非靶确定,,
90-02-8,Aldehyde,"Benzaldehyde, 2-hydroxy-(X)",17.83,6998 ,1040.0,1047±6 (27),,分低,
122-78-1,Aldehyde,Benzeneacetaldehyde,17.918,998 ,1041.0,1045±4 (378),非靶确定,,
,,Unknown,18.909,,1055.0,,,,
,,Unknown,18.978,,1057.0,,,,
2847-72-5,Alkane,"Decane, 4-methyl-",19.184,17835 ,1060.0,1060±1 (17),非靶确定,,
,,Unknown,19.326,,1062.0,,,,
98-86-2,Ketone,Acetophenone,19.463,7410 ,1064.0,1065±4 (134),非靶确定,,
5989-33-3,other,cis-Linalool oxide,19.856,6428573,1070.0,1074±4 (179),非靶确定,,
30086-02-3,Ketone,"3,5-Octadien-2-one, (E,E)-",19.978,5352876 ,1072.0,1073±7 (13),非靶确定,,
1195-32-0,Benzene Derivative,p-Cymenene,20.631,62385,1081.0,1090±2 (106),非靶确定,,
34995-77-2,other,trans-Linalool oxide (furanoid)(X),20.94,6431475,1086.0,1086±5 (156),,分低,
38284-27-4,Ketone,"3,5-Octadien-2-one",21.479,,1094.0,1091±10 (20),非靶确定,,
3761-94-2,,1-Methylcycloheptanol(X),22.082,77376,1103.0,1009±N/A (1),,分低,
124-19-6,Aldehyde,Nonanal,22.185,31289,1104.0,1104±2 (556),非靶确定,,
60-12-8,Alcohol,Phenylethyl Alcohol,22.681,6054,1112.0,1116±5 (262),非靶确定,,
78-59-1,Ketone,Isophorone,23.014,6544 ,1117.0,1124±6 (51),非靶确定,,
4423-94-3,other,"Cyclohexanone, 2-ethyl-(X)",25.212,20474 ,1148.0,1158±0 (2),,RI相差大,
557-48-2,Aldehyde,"2,6-Nonadienal, (E,Z)-(X)",25.58,643731 ,1154.0,1155±3 (124),,分低,
34246-54-3,other,"Benzaldehyde, 3-ethyl-",25.953,118623,1159.0,1168±N/A (1),非靶确定,,
7045-71-8,Alkane,"Undecane, 2-methyl-",26.262,23459,1164.0,1164±1 (18),非靶确定,,
4748-78-1,other,"Benzaldehyde, 4-ethyl-",26.978,20861 ,1174.0,1180±16 (5),非靶确定,,
116-26-7,Terpene,Safranal(X),28.38,61041,1194.0,1201±4 (41),,分低,
124-07-2,Acid,Octanoic acid(X),28.572,379 ,1197.0,1180±7 (100),,RI相差大,
112-40-3,Alkane,Dodecane,28.743,8182,1200.0,1200,非靶确定,,
112-31-2,Aldehyde,Decanal,29.155,8175,1206.0,1206±2 (406),非靶确定,,
5779-94-2,Aldehyde,"Benzaldehyde, 2,5-dimethyl-",29.391,22015,1209.0,1208±0 (2),非靶确定,,
17301-22-3,Alkane,"Undecane, 2,5-dimethyl-(X)",29.69,28452 ,1214.0,1210±0 (3),,分低,
432-25-7,Terpene,beta-Cyclocitral,29.769,9895,1215.0,1220±3 (75),非靶确定,,
,,Unknown,30.215,,1220.0,,,,
,,Unknown,30.75,,1229.0,,,,
20189-42-8,other,"1H-Pyrrole-2,5-dione, 3-ethyl-4-methyl-(X)",31.333,29995 ,1238.0,1239±4 (7),,分低,
29911-28-2,other,"2-Propanol, 1-(2-butoxy-1-methoxy)-(X)",31.731,24752,1244.0,1238±N/A (1),,分低,
,,Unknown,32.108,,1250.0,,,,
472-66-2,Aldehyde,"2,6,6-Trimethyl-1-cyclohexene-1-acetaldehyde(X)",32.216,61124 ,1251.0,1254±3 (7),,分低,
,,Unknown,32.437,,1254.0,,,,
937-30-4,other,"Ethanone, 1-(4-ethylphenyl)-(X)",32.805,13642,1260.0,1277±4 (8),,RI相差大,
,,Unknown,33.025,,1263.0,,,,
31295-56-4,other,"Dodecane, 2,6,11-trimethyl-(X)",33.604,35768 ,1272.0,1275±N/A (1),,分低,
31295-56-4,other,"Dodecane, 2,6,11-trimethyl-",34.09,35768 ,1279.0,1275±N/A (1),非靶确定,,
,,Unknown,35.007,,1292.0,,,,
629-50-5,Alkane,Tridecane(x),35.419,12388 ,1299.0,1300,,分低,
,,Unknown,35.963,,1307.0,,,,
61141-72-8,Alkane,"Dodecane, 4,6-dimethyl-",37.097,545627,1324.0,1325±N/A (1),非靶确定,,
,,Unknown,38.372,,1344.0,,,,
74367-31-0,other,"Propanoic acid, 2-methyl-, 2-ethyl-3-hydroxyhexyl ester",39.853,522537,1367.0,1373±0 (4),非靶确定,,
25074-51-5,other,"1,3-Diethyladamantane(X)",41.349,520173 ,1390.0,1382±5 (4),,分低,
629-59-4,Alkane,Tetradecane,41.786,12389,1397.0,1400,非靶确定,,
,,Unknown,43.12,,1418.0,,,,
17283-81-7,Terpene,"beta-Ionone, dihydro-",43.9,519382,1431.0,1433±3 (12),非靶确定,,
3891-99-4,other,"2,6,10-Trimethyltridecane(X)",45.003,19774,1449.0,1449±1 (20),,分低,
3796-70-1,Terpene,trans-Geranylacetone(X),45.018,1549778,1449.0,1453±2 (154),,分低,
79-77-6,Terpene,trans-beta-Ionone,46.769,638014,1478.0,1486±4 (211),非靶确定,,
,,Unknown,47.583,,1491.0,,,,
629-62-9,Alkane,Pentadecane,47.853,12391 ,1495.0,1500,非靶确定,,
96-76-4,Benzene Derivative,"2,4-Di-tert-butylphenol",48.702,7311 ,1510.0,1519±6 (18),非靶确定,,
17092-92-1,other,"Actinidiolide, dihydro-(X)",48.991,27209 ,1515.0,1532±10 (26),,RI相差大,
14905-56-7,other,"Tetradecane, 2,6,10-trimethyl-(x)",50.227,85785 ,1536.0,1539±1 (17),,分低,
6846-50-0,Alcohol,Kodaflex txib(X),53.366,23284,1590.0,1588±N/A (1),,分低,
544-76-3,Alkane,Hexadecane,53.616,11006,1594.0,1600,非靶确定,,
77-93-0,other,Triethyl citrate,57.344,6506,1662.0,1658±2 (4),非靶确定,,
,,Unknown,57.678,,1668.0,,,,
629-78-7,Alkane,Heptadecane,59.11,12398,1695.0,1700,非靶确定,,
54105-66-7,other,"Cyclohexane, undecyl-(X)",61.906,40997,1757.0,1760±N/A (1),,分低,
593-45-3,Alkane,Octadecane(X),63.706,11635,1798.0,1800,,分低,
118-60-5,other,2-Ethylhexyl salicylate(X),63.74,8364,1799.0,1811±5 (4),,RI相差大,
502-69-2,Terpene,"2-Pentadecanone, 6,10,14-trimethyl-(X)",64.324,10408 ,1850.0,1844±4 (20),,分低,
84-69-5,other,"Phthalic acid, diisobutyl ester",64.544,6782,1872.0,1870±4 (32),非靶确定,,
629-92-5,Alkane,Nonadecane(X),64.819,12401,1897.0,1900,,分低,
112-39-0,other,"Hexadecanoic acid, methyl ester(X)",65.03,8181,1928.0,1926±2 (136),,分低,
84-74-2 ,other,Dibutyl phthalate,65.285,3026 ,1969.0,1965±6 (40),非靶确定,,
