CAS,Class,Name,RT,CID,MSDIAL RI,NIST RI,Note,Note.1
108-88-3,Benzene Derivative,Toluene,4.393,1140  ,,763±8 (328),非靶确定,
66-25-1,Aldehyde,Hexanal,5.369,6184  ,,800±2 (453),非靶确定,
503-74-2,Acid,"Butanoic acid, 3-methyl-",8.028,10430  ,866.0,863±16 (120),非靶确定,
116-53-0,Acid,"Butanoic acid, 2-methyl-(x)",8.445,8314,876.0,861±14 (91),,分低，RI相差大
51756-18-4,Ketone,"5-Hexen-2-one, 5-methyl-3-methylene-(x)",8.808,103953 ,885.0,880±6 (2),,分低
24070-70-0,Ester,3-Methylcyclopentyl acetate(X),9.529,57257535 ,901.0,905±N/A (1),,分低
543-49-7,Alcohol,2-Heptanol,9.715, 10976 ,905.0,900±4 (53),非靶确定,解卷积
2867-05-2,Terpene,3-Thujene,10.789,17868  ,923.0,929±2 (488),非靶确定,
80-56-8,Terpene,alpha-Pinene,11.084,6654,928.0,937±3 (995),非靶确定,
79-92-5,Terpene,Camphene(x),11.564,6616  ,941.0,952±2 (609),,RI 相差大
100-52-7 ,Aldehyde,Benzaldehyde,12.854,240  ,958.0,962±3 (416),非靶确定,
3387-41-5,Terpene,Sabinen(X),13.586,18818  ,971.0,974±2 (619),,同分异构
110-93-0,Ketone,"5-Hepten-2-one, 6-methyl-",14.605,9862 ,988.0,986±2 (222),非靶确定,
123-35-3 ,Terpene,beta-Myrcene,14.767,31253  ,991.0,991±2 (840),非靶确定,
99-83-2,Terpene,alpha-Phellandrene,15.361,7460  ,1001.0,1005±2 (509),非靶确定,
13466-78-9,Terpene,3-Carene,15.709,26049 ,1006.0,1011±2 (336),非靶确定,
99-86-5,Terpene,alpha-Terpinene,16.19,7462 ,1013.0,1017±2 (534),非靶确定,
527-84-4 ,Terpene,o-Cymene(x),16.827,10703 ,1023.0,1022±2 (114),,分低
470-82-6,Other,Eucalyptol,17.303,2758  ,1030.0,1032±2 (580),非靶确定,
3338-55-4,Terpene,beta-cis-Ocimene(X),17.956,5320250,1038.0,1038±2 (446),,同分异构
3779-61-1,Terpene,trans-beta-Ocimene,18.524,5281553  ,1048.0,1049±2 (548),非靶确定,
99-85-4,Terpene,gamma-Terpinene,19.079,7461 ,1056.0,1060±3 (739),非靶确定,
98-86-2,Ketone,Acetophenone,19.667,7410 ,1065.0,1065±4 (134),非靶确定,
5989-33-3,Furan,cis-Linalool oxide,20.025,6428573,1070.0,1074±4 (179),非靶确定,
1195-79-5,Terpene,Fenchone(X),20.879,14525 ,1083.0,1096±N/A (1),,RI 相差大
586-62-9,Terpene,Terpinolene(X),20.982,11463 ,1085.0,1088±2 (607),,同分异构
1195-32-0,Terpene,p-Cymenene,21.085,62385  ,1086.0,1090±2 (106),非靶确定,
821-55-6,Ketone,2-Nonanone(X),21.575, 13187  ,1093.0,1092±2 (159),,同分异构
78-70-6,Terpene,Linalool,22.267,6549,1104.0,1099±2 (976),非靶确定,
29957-43-5 ,Other,"1,5,7-Octatrien-3-ol, 3,7-dimethyl-",22.429,5366264 ,1106.0,1107±1 (18),非靶确定,
21195-59-5,Other,"p-Mentha-1,5,8-triene",22.576,527424  ,1108.0,1111±1 (58),非靶确定,
16409-43-1 ,Terpene,Rose oxide,22.748,27866 ,1111.0,1110±2 (14),非靶确定,
29803-82-5,Other,cis-2-p-Menthen-1-ol,23.287,122485 ,1118.0,1122±3 (120),非靶确定,
5258-11-7,Terpene,trans-Rose oxide,23.792,7093102 ,1126.0,1127±2 (12),非靶确定,
460-01-5 ,Terpene,Cosmene,23.974,5368451  ,1128.0,1131±1 (4),非靶确定,
464-48-2,Terpene,(-)-Alcanfor(X),24.616, 444294  ,1138.0,1142±3 (2),,同分异构
89-79-2,Terpene,Isopulegol,24.862,170833  ,1141.0,1146±3 (32),非靶确定,
106-23-0,Terpene,Citronellal(X),25.676,7794 ,1153.0,1153±2 (103),,同分异构
30460-92-5,Terpene,Pinocarvone,25.955,121719 ,1157.0,1164±N/A (1),非靶确定,
7299-42-5,Terpene,delta-Terpineol,26.451,81722  ,1164.0,1166±3 (35),非靶确定,
24545-81-1 ,Terpene,3-Thujen-2-one,26.902, 91195,1171.0,1171±2 (25),非靶确定,
562-74-3,Terpene,Terpinen-4-ol,27.147,11230 ,1173.0,1177±2 (764),非靶确定,
,Other,Unkown,27.466,,1179.0,,,分低，无NIST RI
74410-10-9,Other,Dill ether(X),27.643,126537  ,1182.0,1186±2 (13),,分低
21391-84-4 ,Other,"trans-p-mentha-1(7),8-dien-2-ol(X)",27.804,6428442 ,1184.0,1185±N/A (1),,分低
98-55-5,Terpene,alpha-Terpineol(X),28.075,17100 ,1192.0,1189±2 (811),,同分异构
140-67-0 ,Terpene,Estragole,28.668,8815  ,1196.0,1196±1 (86),非靶确定,
16721-39-4,Terpene,trans-Piperitol,29.291,85568,1205.0,1208±3 (86),非靶确定,
,Other,α-TERPINYL FORMATE(X),29.698,,1212.0,,,分低，无NIST RI
26532-23-0,Other,Grandlure II(x),30.066,5365896 ,1217.0,1225±N/A (1),,分低
18679-48-6,Terpene,2-Hydroxycineol(X),30.301,529885  ,1221.0,1228±5 (6),,分低
106-25-2,Terpene,cis-Geraniol,30.841,643820  ,1229.0,1228±2 (174),非靶确定,
106-22-9,Terpene,Citronellol,31.076,8842  ,1232.0,1228±3 (181),非靶确定,
1076-56-8,Terpene,Methyl thymyl ether,31.174, 14104 ,1234.0,1235±2 (115),非靶确定,
122-03-2,Terpene,"Benzaldehyde, 4-(1-methylethyl)-",31.292,326  ,1236.0,1239±3 (122),非靶确定,
106-26-3,Terpene,Neral,31.625,643779 ,1241.0,1240±3 (168),非靶确定,
28673-24-7 ,Other,Trifluoroacetyl-lavandulol(X),32.067,549682 ,1247.0,1251±N/A (1),,分低
89-81-6,Terpene,Piperitone,32.283,6987  ,1250.0,1253±3 (129),非靶确定,
106-24-1,Terpene,Geraniol,32.803,637566 ,1258.0,1255±3 (343),非靶确定,
141-27-5,Terpene,α-Citral,33.68,638011 ,1271.0,1270±2 (36),非靶确定,
1197-15-5 ,Other,α-Terpinen-7-al,34.117,526762,1278.0,1283±2 (21),非靶确定,
104-46-1,Benzene Derivative,Anethole,34.441,637563  ,1282.0,1286±2 (6),非靶确定,
22580-90-1,Other,"1,4-p-Menthadien-7-al(x)",34.715,6429112 ,1287.0,1288±10 (2),,分低
499-75-2,Terpene,Carvacrol,35.083,10364  ,1292.0,1299±2 (278),非靶确定,
112-12-9,Aldehyde,2-Undecanone,35.25,8163 ,1294.0,1294±2 (160),非靶确定,
1619-26-7,Terpene,Isoascaridol,35.677, 351031  ,1301.0,1306±3 (5),非靶确定,
2219-78-5,Other,"3,4-Xylenol, 6-ethyl-",36.03,247477 ,1306.0,1305±3 (4),非靶确定,
20307-84-0,Other,delta-EIemene(X),37.001,89316  ,1321.0,1338±2 (220),,RI 相差大
22469-52-9,Terpene,Cyclosativene(X),37.305,16212927 ,1326.0,1368±3 (76),,分低，RI相差大
20307-84-0,Other,delta-EIemene,37.639,89316  ,1331.0,1338±2 (220),非靶确定,
17699-14-8,Terpene,alpha-Cubebene(X),38.468,442359  ,1344.0,1351±2 (337),,RI 相差大
80-26-2 ,Terpene,alpha-Terpinyl acetate,38.625,111037 ,1346.0,1350±3 (156),非靶确定,
150-84-5,Terpene,Citronellol acetate,39.14,9017 ,1354.0,1354±2 (98),非靶确定,
97-53-0,Other,Eugenol,39.252,3314  ,1356.0,1357±3 (355),非靶确定,
22469-52-9 ,Terpene,Cyclosativene,39.738,16212927 ,1364.0,1368±3 (76),非靶确定,
14912-44-8,Terpene,Ylangene,40.57,20055075 ,1369.0,1372±2 (170),非靶确定,
3856-25-5,Terpene,Copaene,40.729,12303902  ,1379.0,1376±2 (698),非靶确定,
13744-15-5,Terpene,beta-Cubebene,40.999,93081 ,1383.0,1389±2 (261),非靶确定,
515-13-9,Terpene,beta-Elemen,41.165,6918391  ,1386.0,1391±2 (521),非靶确定,
13744-15-5,Terpene,beta-Cubebene,41.337, 93081 ,1388.0,1389±2 (261),非靶确定,
489-29-2,Other,beta-Maaliene,42.083,101596917 ,1400.0,1398±19 (11),非靶确定,
58319-06-5 ,Terpene,Sesquithujene,42.264,53439065  ,1403.0,1402±10 (6),非靶确定,
93-15-2,Other,Methyleugenol,42.401,7127 ,1405.0,1402±2 (165),非靶确定,
87-44-5 ,Terpene,Caryophyllene,42.828,5281515  ,1412.0,1419±3 (983),非靶确定,
512-61-8 ,Terpene,alpha-Santalene,42.916,94164  ,1414.0,1420±3 (26),非靶确定,
71596-72-0,Other,(±)-beta-Isocomene(X),43.152,10910652,1417.0,1412±0 (2),,分低
18252-44-3,Other,cis-beta-Copaene(X),43.319,87529 ,1420.0,1432±3 (71),,RI 相差大
489-28-1,Terpene,α-Maaliene(X),43.544,102361380 ,1424.0,1443±N/A (1),,RI 相差大
489-39-4,Terpene,Aromandendrene(X),43.838,11095734,1429.0,1440±1 (5),,RI 相差大
13474-59-4,Other,trans-α-Bergamotene,43.927,6429302  ,1430.0,1435±3 (183),非靶确定,
317819-80-0,Terpene,Isogermacrene D(X),44.216,91723653  ,1435.0,1448±4 (4),,RI 相差大
,Terpene,"cis-muurola-3,5-diene(X)",44.417,51351708 ,1438.0,1454±N/A (1),,RI 相差大
267665-20-3,Terpene,"Cadina-3,5-diene(X)",44.643, 91723677  ,1442.0,1458±N/A (1),,RI 相差大
6753-98-6,Terpene,Humulene(X),44.77,5281520  ,1444.0,1454±3 (792),,RI 相差大
25246-27-9,Terpene,Alloaromadendrene(X),45.173,10899740 ,1450.0,1461±2 (343),,RI 相差大
157477-72-0,Other,"cis-Muurola-4(15),5-diene(x)",45.369,91747213  ,1454.0,1463±4 (52),,RI 相差大
18794-84-8,Terpene,(E)-beta-Famesene,45.663,5281517 ,1458.0,1457±2 (253),非靶确定,
22567-17-5,Terpene,gamma-Gurjunene(X),46.168,90805  ,1468.0,1473±2 (85),,分低
30021-74-0,Terpene,gamma-Muurolene,46.57,6432308,1473.0,1477±3 (392),非靶确定,
23986-74-5,Terpene,Germacrene D,46.698,5317570 ,1475.0,1481±3 (689),非靶确定,
483-75-0,Other,"Naphthalene, 1,2,4a,5,6,8a-hexahydro-4,7-dimethyl-1-(1-methylethyl)-",46.865,101708  ,1478.0,1485±10 (25),非靶确定,
54324-03-7,Other,Bicyclosesquiphellandrene,47.13,15694800  ,1482.0,1489±6 (11),非靶确定,
54324-03-7,Other,Bicyclosesquiphellandrene（x),47.458,15694800  ,1488.0,1489±6 (11),,分低
10208-80-7 ,Terpene,alpha-Muurolene,47.836,12306047  ,1494.0,1499±3 (427),非靶确定,
523-47-7,Terpene,"Cadina-3,9-diene(X)",48.169,10657,1499.0,1518±10 (30),,RI 相差大
39029-41-9,Terpene,gamma-Cadinene,48.679,92313 ,1508.0,1513±2 (485),非靶确定,
523-47-7,Terpene,"Cadina-3,9-diene(X)",49.386,10657,1520.0,1518±10 (30),,同分异构
29837-12-5,Other,Cubenene(X),49.66,57357909  ,1525.0,1532±1 (119),,同分异构
24406-05-1,Terpene,alpha-Cadinene,49.955, 12306048  ,1530.0,1538±1 (31),非靶确定,
21391-99-1,Other,alpha-Calacorene,50.185,12302243  ,1534.0,1542±3 (219),非靶确定,
17627-44-0,Other,α-Bisabolene(X),50.406,86597,1537.0,,,无NIST RI
15423-57-1,Terpene,Germacrene B(X),50.842,5281519  ,1545.0,1557±3 (232),,RI 相差大
39007-93-7,Other,Sesquirosefuran,51.142,5366078  ,1550.0,1553±4 (2),非靶确定,
50277-34-4,Other,beta-Calacorene(X),51.318,529621 ,1553.0,1563±3 (59),,RI 相差大
,Other,Unkown,51.446,,1555.0,,,分低，无NIST RI
40716-66-3,Terpene,(6E)-Nerolidol,51.706,5284507  ,1560.0,1564±2 (277),非靶确定,
198991-79-6,Alcohol,Germacrene D-4-ol,52.025,5352847,1565.0,1574±2 (92),非靶确定,
6750-60-3,Terpene,Spathulenol(X),52.083,92231  ,1566.0,1576±2 (539),,RI 相差大
1139-30-6,Terpene,Caryophyllene oxide(X),52.314,1742210  ,1570.0,1581±2 (669),,RI 相差大
72203-99-7,Terpene,Gleenol(x),52.652,6429080,1576.0,1586±1 (13),,RI 相差大
,Other,Isoaromadendrene epoxide(x),52.986,534398 ,1582.0,1589±10 (8),,分低
,Other,trans-Z-α-Bisabolene epoxide(x),53.785,5363099  ,1595.0,1586±N/A (1),,分低
7021-09-2,Other,Methoxy(phenyl)acetic acid(X),54.055,107202 ,1600.0,,,无NIST RI
73365-77-2,Other,"Di-epi-1,10-cubenol(X)",54.227,12304220  ,1603.0,1614±3 (77),,RI 相差大
472-07-1 ,Other,Junenol(X),54.707,6452077  ,1612.0,1617±11 (4),,分低
73365-77-2,Other,"Di-epi-1,10-cubenol",54.967,12304220  ,1617.0,1614±3 (77),非靶确定,
5937-11-1,Terpene,α-epi-Cadinol,55.718,160799 ,1631.0,1640±2 (241),非靶确定,
19435-97-3 ,Terpene,delta-Cadinol,56.032,3084311 ,1636.0,1645±2 (220),非靶确定,
19888-00-7,Terpene,Humulenol-II(X),56.262,71352891  ,1640.0,1650±N/A (1),,分低，RI相差大
481-34-5,Terpene,α-Cadinol,56.493,10398656  ,1645.0,1653±2 (400),非靶确定,
5937-11-1,Terpene,α-epi-Cadinol(X),55.718,160799 ,1657.0,1640±2 (241),,RI 相差大
31983-22-9,Terpene,α-Muurolene(X),57.498,12306047  ,1663.0,,,无NIST RI
72747-25-2 ,Terpene,Unkown,57.861,11095734,1670.0,,,分低，无NIST RI
629-78-7 ,Alkane,Heptadecane(x),59.284,12398  ,1696.0,1700,,分低
119120-23-9,Other,"Eudesma-4(15),7-dien-1beta-ol",58.999,,1690.0,1688±2 (27),非靶确定,
4602-84-0,Alcohol,Farnesol(X),59.602,445070  ,1702.0,1713±11 (27),,RI 相差大
4380-32-9 ,Terpene,"cis, trans-Farnesal(X)",59.98,5365890  ,1711.0,1727±N/A (1),,RI 相差大
106-28-5,Alcohol,trans-Farnesol,60.539,445070  ,1724.0,1722±3 (76),非靶确定,
1911-78-0,Other,Oplopanone,60.936,10466745 ,1733.0,1730±14 (23),非靶确定,
502-67-0,Alcohol,"trans,trans-Farnesal",61.442,5280598  ,1745.0,1735±4 (6),非靶确定,
56797-40-1,Aldehyde,"7-Hexadecenal, (Z)-",63.767,5364438,1799.0,1798±N/A (1),非靶确定,
4128-17-0,Alcohol,all-trans-Farnesyl acetate,64.331,638500 ,1849.0,1843±3 (25),非靶确定,
629-92-5,Alkane,Nonadecane,64.85,12401  ,1899.0,1900,非靶确定,
112-39-0,Ester,"Hexadecanoic acid, methyl ester",65.066,8181,1932.0,1926±2 (136),非靶确定,
