Name,RT
"2-Butenal, 3-methyl-",4.282
Hexanal,5.445
"2-Hexenal, (E)-",7.22
2-Hexenal,7.5
"3-Hexen-1-ol, (E)-",7.848
"2-Hexen-1-ol, (E)-",8.26
1-Hexanol,8.388
alpha-Pinene,11.772
Camphene,12.243
"Bicyclo[3.1.0]hex-2-ene, 4-methylene-1-(1-methylethyl)-",12.581
Benzaldehyde,13.047
"Bicyclo[3.1.0]hexane, 4-methylene-1-(1-methylethyl)-",13.89
beta-Myrcene,15.166
alpha-Phellandrene,15.691
"1,3-Cyclohexadiene, 1-methyl-4-(1-methylethyl)-",16.5
"Acetic acid, hexyl ester",16.721
o-Cymene,17.045
Benzeneacetaldehyde,18.398
"2(3H)-Furanone, 5-ethyldihydro-",19.119
gamma-Terpinene,19.36
"Bicyclo[3.1.0]hexan-2-ol, 2-methyl-5-(1-methylethyl)-, (1alpha,2alpha,5alpha)-",19.904
"Cyclohexene, 1-methyl-4-(1-methylethylidene)-",21.327
Linalool,22.41
alpha-Campholenal,23.882
"2,4,6-Octatriene, 2,6-dimethyl-, (E,Z)-",24.136
"Bicyclo[3.1.1]heptan-3-ol, 6,6-dimethyl-2-methylene-, [1S-(1alpha,3alpha,5alpha)]-",24.627
trans-Verbenol,25.201
"Benzene, 1,2,3,4-tetramethyl-",25.505
Pinocarvone,26.315
"Bicyclo[2.2.1]heptan-2-ol, 1,7,7-trimethyl-, (1S-endo)-",26.54
Terpinen-4-ol,27.394
alpha-Terpineol,28.409
"Bicyclo[3.1.1]hept-2-ene-2-methanol, 6,6-dimethyl-",28.72
"Bicyclo[3.1.1]hept-3-en-2-one, 4,6,6-trimethyl-, (1S)-",29.547
"Benzoic acid, 4-methyl-, methyl ester",29.933
trans-Carveol,30.381
"Bicyclo[3.1.1]hept-2-en-6-ol, 2,7,7-trimethyl-, acetate, [1S-(1alpha,5alpha,6beta)]-",32.514
"2,4,5-Trichlorotoluene",35.54
"Phenol, 2-ethyl-4,5-dimethyl-",36.296
alpha-Cubebene,38.979
Ylangene,40.195
Copaene,40.408
(-)-beta-Bourbonene,41.073
Ylangene,41.191
"1H-Cyclopenta[1,3]cyclopropa[1,2]benzene, octahydro-7-methyl-3-methylene-4-(1-methylethyl)-, [3aS-(3aalpha,3bbeta,4beta,7alpha,7aS*)]-",41.461
"1H-Cyclopropa[a]naphthalene, 1a,2,3,3a,4,5,6,7b-octahydro-1,1,3a,7-tetramethyl-, [1aR-(1aalpha,3aalpha,7balpha)]-",42.589
Caryophyllene,43.903
"1H-Cyclopropa[a]naphthalene, 1a,2,3,5,6,7,7a,7b-octahydro-1,1,7,7a-tetramethyl-, [1aR-(1aalpha,7alpha,7aalpha,7balpha)]-",44.144
Aromandendrene,44.51
"(1R,3aS,8aS)-7-Isopropyl-1,4-dimethyl-1,2,3,3a,6,8a-hexahydroazulene",44.83
Humulene,45.429
gamma-Muurolene,46.777
alpha-Muurolene,48.2
"Naphthalene, 1,2,3,4,4a,5,6,8a-octahydro-7-methyl-4-methylene-1-(1-methylethyl)-, (1alpha,4abeta,8aalpha)-",48.94
"Naphthalene, 1,2,4a,5,8,8a-hexahydro-4,7-dimethyl-1-(1-methylethyl)-, [1S-(1alpha,4abeta,8aalpha)]-",49.642
Cubenene,50.042
"1,6,10-Dodecatrien-3-ol, 3,7,11-trimethyl-, (E)-",52.104
"1H-Cycloprop[e]azulen-7-ol, decahydro-1,1,7-trimethyl-4-methylene-, [1ar-(1aalpha,4aalpha,7beta,7abeta,7balpha)]-",52.565
Isoaromadendrene epoxide,53.904
Tetradecanal,54.87
Agarospirol,56.69
Pentadecanal-,60.148
