Name,RT
"2-Butenal, 3-methyl-",4.243
Hexanal,5.445
2-Hexenal,7.47
"3-Hexen-1-ol, (E)-",7.637
p-Xylene,8.118
1-Hexanol,8.324
Styrene,9.143
"Bicyclo[3.1.0]hex-2-ene, 4-methylene-1-(1-methylethyl)-",12.517
Benzaldehyde,13.052
"Bicyclo[3.1.0]hexane, 4-methylene-1-(1-methylethyl)-",13.81
"5-Hepten-2-one, 6-methyl-",14.862
beta-Myrcene,15.05
"5-Hepten-2-ol, 6-methyl-",15.289
Octanal,15.838
"Cyclohexene, 1-methyl-5-(1-methylethenyl)-, (R)-",17.256
Eucalyptol,17.378
Benzeneacetaldehyde,18.398
gamma-Terpinene,19.34
"2-Furanmethanol, 5-ethenyltetrahydro-alpha,alpha,5-trimethyl-, cis-",20.346
"Benzene, 1-methyl-3-(1-methylethenyl)-",21.434
Linalool,22.352
Nonanal,22.68
Pinocarvone,26.3
Terpinen-4-ol,27.384
Decanal,29.665
"1-Cyclohexene-1-carboxaldehyde, 2,6,6-trimethyl-",30.327
"2-Nonanol, acetate",31.955
Citral,34.02
"Bicyclo[2.2.1]heptan-2-ol, 1,7,7-trimethyl-, acetate, (1S-endo)-",34.776
Tridecane,36
"Cyclohexene, 4-ethenyl-4-methyl-3-(1-methylethenyl)-1-(1-methylethyl",38.101
Eugenol,39.514
Copaene,40.46
"Cyclohexane, 1-ethenyl-1-methyl-2,4-bis(1-methylethenyl)-, [1S-(1alpha,2beta,4beta)]-",41.647
"Bicyclo[7.2.0]undec-4-ene, 4,11,11-trimethyl-8-methylene-,[1R-(1R*,4Z,9S*)]-",42.363
Tetradecane,42.56
Caryophyllene,43.325
gamma-Elemene,44.159
alpha-Guaiene,44.418
(E)-beta-Famesene,45.959
Pentadecane,49.009
"Cyclohexene, 3-(1,5-dimethyl-4-hexenyl)-6-methylene-, [S-(R*,S*)]-",49.902
Caryophyllene oxide,52.84
Hexadecane,54.267
"6,9-Heptadecadiene",58.058
Heptadecane,59.863
