Name,RT
Ethanol,1.584
Acetone,1.663
"Butanal, 3-methyl-",2.526
"Propane, 2-methyl-1-nitro-",2.629
Sabinen,13.666
"2,3-Dehydro-1,8-cineole",14.598
beta-Myrcene,14.833
alpha-Phellandrene,15.451
Eucalyptol,17.398
trans-beta-Ocimene,18.36
Benzeneacetaldehyde,18.531
gamma-Terpinene,19.35
trans-Sabinene hydrate,19.762
1-Octanol,20.42
Isoterpinolene,20.89
Terpinolene,21.106
p-Cymenene,21.195
2-Nonanone,21.67
Linalool,22.299
"1,5,7-Octatrien-3-ol, 3,7-dimethyl-",22.47
Fenchol,22.794
trans-4-Methoxythujane,23.161
"(E)-4,8-Dimethylnona-1,3,7-triene",23.24
cis-2-p-Menthen-1-ol,23.328
alpha-Campholenal,23.642
Neo-allo-ocimene,24.039
Cosmene,24.167
Isopulegol,24.957
Pinocarvone,25.967
delta-Terpineol,26.556
Isocamphopinone,26.737
Terpinen-4-ol,27.174
Myrtenol,28.655
Estragole,28.748
2-Hydroxycineol,30.298
Citronellol,31.019
"Benzaldehyde, 4-(1-methylethyl)-",31.348
Linalyl acetate,32.75
"Dodecane, 2,6,11-trimethyl-",34.266
Isoascaridol,35.698
"Phenol, 2-ethyl-4,5-dimethyl-",36.032
"delta-Terpineol, acetate",36.557
Methylsyringol,36.6
delta-EIemene,37.66
alpha-Cubebene,38.45
alpha-Terpinyl acetate,38.779
Cyclosativene,39.774
Nerol acetate,39.887
beta-Cubebene,41.015
beta-Elemen,41.27
Sesquithujene,42.217
alpha-Santalene,42.997
beta-Ylangene,43.33
gamma-Elemene,43.777
trans-alpha-Bergamotene,43.968
"Guaia-6,9-diene",44.292
Aromandendrene,44.581
(E)-beta-Famesene,45.547
Germacrene D,46.612
beta-Eudesmene,46.925
Bicyclosesquiphellandrene,47.122
Bicyclogermacren,47.524
beta-Bisabolene,48.613
gamma-Cadinene,48.681
cis-gamma-Bisabolene,48.809
beta-Sesquiphellandrene,49.383
trans-gamma-Bisabolene,49.78
alpha-Cadinene,49.947
Elemol,50.633
cis-Sesquisabinene hydrate,50.996
E-Nerolidol,51.722
(-)-Globulol,52.659
Guaiol,53.351
Humulene oxide II,53.797
T-Cadinol,56.441
alpha-Bisabolol,58.157
alpha-Santalol,58.839
"Bergamotol, Z-alpha-trans-",59.643
Octadecane,63.768
Nonadecane,64.852
"Hexadecanoic acid, methyl ester",65.068
