Name,RT
Ethanol,1.57
Acetonitrile,1.663
Acetic acid,2.148
"1-Butanol, 2-methyl-",3.806
Methyl isovalerate,4.699
Methyl 2-hydroxy-3-methylbutanoate,9.192
Isobutyl isobutyrate,10.364
3-Thujene,11.09
"Butanoic acid, 2-methylpropyl ester",12.748
Benzaldehyde,12.994
Sabinen,13.523
"5-Hepten-2-one, 6-methyl-",14.651
beta-Myrcene,14.774
alpha-Phellandrene,15.372
Isobutyl 2-methylbutanoate,15.637
alpha-Terpinen,16.196
Eucalyptol,17.339
trans-beta-Ocimene,18.551
gamma-Terpinene,19.066
Isoamyl butanoate,19.213
"Butanoic acid, 2-methylbutyl ester",19.37
Acetophenone,19.684
p-Cymenene,21.101
"Benzoic acid, methyl ester",21.543
Linalool,22.077
Phenylethyl Alcohol,23.063
Camphene hydrate,24.873
Isoborneol,25.531
delta-Terpineol,26.554
Terpinen-4-ol,27.208
Dill ether,27.63
Estragole,28.689
"2-Oxabicyclo[2.2.2]octan-6-one, 1,3,3-trimethyl-",29.616
Fenchyl acetate,30.038
2-Hydroxycineol,30.269
Citronellol,31.009
"Benzaldehyde, 4-(1-methylethyl)-",31.289
"2-Butanone, 4-phenyl-",31.691
Isopentyl hexanoate,32.388
"Hexanoic acid, 2-methylbutyl ester",32.564
"Acetic acid, 2-phenylethyl ester",32.697
"Benzenepropanoic acid, methyl ester",33.898
p-Cymen-7-ol,34.997
p-Menth-1-en-9-ol,35.272
"Phenol, 2-ethyl-4,5-dimethyl-",36.022
"Benzoic acid, 2-methylpropyl ester",37.224
delta-EIemene,37.69
Eugenol,39.24
Cyclosativene,39.784
isoledene,40.216
beta-Elemen,41.221
beta-Phenylethyl isobutyrate,41.569
Isocaryophyllene,41.952
alpha-Santalene,42.962
gamma-Elemene,43.806
trans-alpha-Bergamotene,44.105
alpha-Guaiene,44.164
"Guaia-6,9-diene",44.375
Humulene,44.915
"1,1,4,7-Tetramethyl-1a,2,3,4,6,7,7a,7b-octahydro-1H-cyclopropa[e]azulene",45.027
(E)-beta-Famesene,45.542
gamma-Muurolene,46.44
alpha-Amorphene,46.656
beta-Eudesmene,46.916
alpha-Bulnesene,48.147
gamma-Cadinene,48.789
L-calamenene,49.28
alpha-Calacorene,50.457
Elemol,50.727
gamma-Dehydro-ar-himachalene,51.006
E-Nerolidol,51.732
Axenol,53.11
"1,10-Diepicubenol",54.994
Epicubenol,55.185
alpha-epi-Cadinol,55.715
Agarospirol,56.377
alpha-Bisabolol,58.187
Juniper camphor,58.574
alpha-Santalol,58.884
"Bergamotol, Z-alpha-trans-",59.643
Octadecane,63.768
Eicosane,65.495
