Name,RT
Hexanal,5.389
"Butanoic acid, 3-methyl-",7.753
"Butanoic acid, 2-methyl-",8.244
Methyl 2-hydroxy-3-methylbutanoate,9.166
2-Heptanol,9.617
3-Thujene,11.074
Benzaldehyde,12.702
1-Octen-3-ol,14.228
beta-Myrcene,14.743
alpha-Phellandrene,15.351
Octanal,15.582
alpha-Terpinene,16.165
D-sylvestrene,16.94
Eucalyptol,17.082
"1-Hexanol, 2-ethyl-",17.401
beta-Ocimene,17.853
Benzeneacetaldehyde,18.142
trans-beta-Ocimene,18.5
gamma-Terpinene,19.015
Acetophenone,19.51
cis-Linalool oxide,20.021
1-Octanol,20.226
trans-Linalool oxide (furanoid),21.114
"Phenol, 2-methoxy-",21.217
Linalool,22.154
2-Nonanol,22.267
"(E)-4,8-Dimethylnona-1,3,7-triene",23.17
p-Menth-3-en-1-ol,24.239
Isopulegol,24.891
"Benzene, 1,3-butadienyl-",25.386
Terpinen-4-ol,27.044
alpha-Terpineol,28.065
2-Methoxy-5-methylphenol,28.3
Estragole,28.609
"Acetic acid, octyl ester",29.879
exo-2-Hydroxycineole,30.296
Citronellol,30.968
"Benzaldehyde, 4-(1-methylethyl)-",31.317
(Z)-4-Decen-1-ol,33.009
"Benzenepropanoic acid, methyl ester",33.852
1-Decanol,33.936
"Phenol, 4-ethyl-2-methoxy-",34.083
Indole,35.191
Methyl cis-cinnamate,35.868
"1,2,3-Trimethoxybenzene",36.697
trans-Geranic acid methyl ester,37.183
"Decanoic acid, methyl ester",37.296
alpha-Terpinyl acetate,38.61
"Phenol, 2,6-dimethoxy-",39.091
Ylangene,39.714
Copaene,39.998
"Benzenepropanol, alpha-methyl-, acetate",41.69
Isocaryophyllene,41.985
"Acetic acid, decyl ester",42.794
beta-Gurjunene,44.27
Humulene,44.785
Z-4-Dodecenol,45.408
11-Dodecenol,45.722
gamma-Selinene,46.58
beta-Eudesmene,47.11
alpha-Muurolene,47.738
gamma-Cadinene,48.469
"Cadina-3,9-diene",49.101
alpha-Calacorene,50.112
(��)-trans-Nerolidol,51.686
(-)-Globulol,52.638
"Di-epi-1,10-cubenol",54.953
Epicubenol,55.149
Nonadecane,64.856
"Hexadecanoic acid, methyl ester",65.067
