Name,RT
Ethanol,1.584
Acetone,1.663
Isoprene,1.692
"3-Buten-2-ol, 2-methyl-",2.153
Acetic acid,2.227
"2.2,5-Dihydrotoluene",4.375
Hexanal,5.41
1-Hexanol,8.329
Heptanal,9.658
3-Thujene,10.801
1R-alpha-Pinene,11.806
Dehydrosabinene,12.248
Sabinen,13.523
1-Heptanol,13.975
1-Octen-3-ol,14.475
"5-Hepten-2-one, 6-methyl-",14.612
beta-Myrcene,14.779
alpha-Phellandrene,15.382
Octanal,15.608
alpha-Terpinene,16.206
Eucalyptol,17.383
gamma-Terpinene,19.036
"2-Octenal, (E)-",19.203
"Phenol, 3-methyl-",19.787
Linalool oxide,20.032
1-Octanol,20.272
p-Cymenene,21.082
"Furan, 2-hexyl-",21.435
3-Methyl-2-(2-methyl-2-butenyl)-furan,21.832
Linalool,22.063
2-Nonanol,22.279
"p-Mentha-1,5,8-triene",22.548
"1R,4R-p-Mentha-2,8-dien-1-ol",23.264
alpha-Campholenal,23.554
Allo-Ocimene,23.985
Cosmene,24.093
Isopulegol,24.849
Pinocarvone,25.938
delta-Terpineol,26.423
Terpinen-4-ol,27.09
p-Cymen-8-ol,27.9
2-Methoxy-5-methylphenol,28.375
Myrtenol,28.454
Estragole,28.63
Decanal,29.297
"Acetic acid, octyl ester",29.897
Nerol,30.887
Citronellol,31.053
Cumaldehyde,31.323
Neral,31.662
"2,6-Octadien-1-ol, 3,7-dimethyl-",33.079
"2-Decenal, (E)-",33.187
2-n-Octylfuran,35.208
2-Undecanone,35.276
Geranyl formate,35.791
"2,4-Decadienal",36.728
"Decanoic acid, methyl ester",37.356
exo-2-Hydroxycineole acetate,38.175
alpha-Cubebene,38.474
alpha-Terpinyl acetate,38.626
"Phenol, 2,6-dimethoxy-",38.98
Citronellol acetate,39.2
Eugenol,39.289
Geranyl acetate,41.265
(E)-2-Decenyl acetate,42.756
"3,5-Dimethoxy-4-hydroxytoluene",44.89
(E)-beta-Famesene,45.415
gamma-Muurolene,46.278
Germacrene D,47.028
"Naphthalene, 1,2,4a,5,6,8a-hexahydro-4,7-dimethyl-1-(1-methylethyl)-",47.333
alpha-Muurolene,47.725
Elemol,50.638
E-Nerolidol,51.83
Guaiol,53.356
"trans-2-Dodecen-1-ol, acetate",54.366
Agarospirol,56.264
"7-Hexadecenal, (Z)-",63.764
Geranyl heptanoate,64.436
"Hexadecanoic acid, methyl ester",65.054
