Name,RT
Ethanol,1.57
Acetone,1.653
Isoprene,1.682
n-Hexane,2.041
"3-Buten-2-ol, 2-methyl-",2.139
"1-Butanol, 3-methyl-",3.718
"1-Butanol, 2-methyl-",3.772
Isobutyl acetate,4.65
"1-Butanol, 3-methyl-, acetate",8.456
"1-Butanol, 2-methyl-, acetate",8.559
3-Thujene,10.796
1R-alpha-Pinene,11.105
Dehydrosabinene,12.243
Benzaldehyde,13.067
Sabinen,13.566
beta-Myrcene,14.754
2-Carene,15.122
alpha-Phellandrene,15.353
3-Carene,15.706
alpha-Terpinene,16.172
"Acetic acid, hexyl ester",16.447
D-sylvestrene,16.986
Eucalyptol,17.153
trans-beta-Ocimene,18.531
gamma-Terpinene,19.012
cis-Linalool oxide,20.037
1-Octanol,20.351
p-Cymenene,21.082
Linalool,22.063
beta-Thujone,22.892
cis-2-p-Menthen-1-ol,23.279
alpha-Campholenal,23.539
beta-Pinone,24.152
Camphene hydrate,24.859
Isoborneol,25.54
"p-Mentha-1,5-dien-8-ol",26.497
Terpinen-4-ol,27.056
Crypton,27.684
p-Cymen-8-ol,27.821
Myrtenal,28.263
2-Pinen-10-ol,28.42
Estragole,28.635
"Acetic acid, octyl ester",29.876
"Borneol, formate",30.381
cis-Carveol,30.857
Citronellol,30.99
"Benzaldehyde, 4-(1-methylethyl)-",31.259
Piperitone,32.245
"Acetic acid, 2-phenylethyl ester",32.711
Phellandral,33.511
Citral,33.663
alpha-Terpinen-7-al,34.178
p-Cymen-7-ol,34.933
trans-Sabinyl acetate,35.375
Isoascaridol,35.684
"Phenol, 2-ethyl-4,5-dimethyl-",35.889
Myrtenyl acetate,37.047
alpha-Cubebene,38.484
"1-Cyclohexene-1-methanol, 4-(1-methylethenyl)-, formate",38.882
Eugenol,39.181
Nerol acetate,39.853
beta-Cubebene,40.996
beta-Elemen,41.202
Caryophyllene,42.781
alpha-Santalene,42.894
alpha-Guaiene,44.115
Alloaromadendrene,45.719
"cis-Muurola-4(15),5-diene",46.092
gamma-Muurolene,46.381
gamma-Selinene,46.651
Germacrene D,47.092
"4a,8-Dimethyl-2-(prop-1-en-2-yl)-1,2,3,4,4a,5,6,7-octahydronaphthalene",47.308
alpha-Muurolene,47.848
Pentadecane,48.26
gamma-Cadinene,48.74
L-calamenene,49.059
alpha-Cadinene,49.971
alpha-Calacorene,50.231
Elemol,50.658
beta-Calacorene,51.325
Ledol,51.453
E-Nerolidol,51.742
Caryophyllene oxide,52.424
Viridiflorol,53.478
Humulene epoxide II,53.836
"Di-epi-1,10-cubenol",54.234
"Di-epi-1,10-cubenol",54.984
Cadinol T,55.774
.tau.-Muurolol,56.867
delta-Cadinol,56.068
alpha-Cadinol,56.539
Oplopanone,60.874
5-Hydroxycalamenene,63.817
Nonadecane,64.852
"(E)-15,16-Dinorlabda-8(17),11-dien-13-one",65.436
