Name,RT
Ethanol,1.585
Acetone,1.663
Acetic acid,2.252
"Butanal, 3-methyl-",2.512
2-Pentanol,3.061
"Propanoic acid, 2-methyl-",4.67
"2,3-Butanediol",5.234
Hexanal,5.357
"Butanoic acid, 3-methyl-",7.741
"Butanoic acid, 2-methyl-",8.153
2-Heptanone,9.138
3-Thujene,10.777
1R-alpha-Pinene,11.066
"2(5H)-Furanone, 5,5-dimethyl-",12.616
Benzaldehyde,12.793
Sabinen,13.499
"5-Hepten-2-one, 6-methyl-",14.573
beta-Myrcene,14.74
alpha-Phellandrene,15.343
3-Carene,15.687
alpha-Terpinene,16.201
"1-Hexanol, 2-ethyl-",17.428
gamma-Terpinene,19.046
"Benzenemethanol, alpha-methyl-",19.414
Acetophenone,19.532
Linalool oxide,20.008
"Benzene, 1-methyl-3-(1-methylethenyl)-",20.631
p-Cymenene,21.057
Linalool,22.068
alpha-Campholenal,23.544
Cosmene,24.074
"1,4-Dimethyl-delta-3-tetrahydroacetophenone",25.187
Sabina ketone,25.732
Pinocarvone,25.913
Terpinen-4-ol,27.027
p-Cymen-8-ol,27.753
Myrtenol,28.395
Estragole,28.606
trans-Carveol,30.068
Citronellol,30.965
Cumaldehyde,31.245
Carvenone,32.471
Perillal,33.535
alpha-Terpinen-7-al,34.168
Thymol,34.987
Carvacrol,35.352
Isoascaridol,35.645
alpha-Cubebene,38.44
Eugenol,39.25
beta-Cubebene,40.981
beta-Elemen,41.153
alpha-Bergamotene,43.943
Aromandendrene,44.836
Alloaromadendrene,45.376
Chamigren,46.827
Valencen,47.813
gamma-Amorphene,47.96
Eremophilene,48.098
7-epi-alpha-Selinene,49.02
L-calamenene,49.206
"6S,10R-Dimethylbicyclo[4.4.0]decan-1-en3-one",49.756
E-Nerolidol,51.781
Furopelargone A,52.894
Humulene epoxide 2,53.973
Agarospirol,56.436
Oplopanone,60.933
Nootkatone,63.773
