Name,RT
Ethanol,1.57
"1,4-Pentadiene",1.682
"3-Buten-2-ol, 2-methyl-",2.124
Acetic acid,2.217
"Lactic acid, methyl ester, (��)-",4.949
"2,3-Butanediol",5.209
Hexanal,5.327
"Butanoic acid, 3-methyl-",7.73
Heptanal,9.643
beta-Myrcene,14.774
alpha-Phellandrene,15.363
Octanal,15.588
alpha-Terpinene,16.177
Eucalyptol,17.089
"1-Hexanol, 2-ethyl-",17.408
Benzeneacetaldehyde,18.119
p-Cymenene,21.131
Linalool,22.043
Nonanal,22.362
Sotolone,22.98
Phenylethyl Alcohol,23.235
Isopulegol,24.868
Terpinen-4-ol,27.036
Estragole,28.635
Decanal,29.312
Citronellol,30.956
"Benzaldehyde, 4-(1-methylethyl)-",31.289
Piperitone,32.29
1-Decanol,33.967
Eugenol,39.152
Ylangene,39.99
Methyleugenol,42.384
Dodecanal,42.516
1-Dodecanol,46.637
l-Zingiberene,47.593
"Phenol, 2,5-bis(1,1-dimethylethyl)-",48.907
Elemicin,51.551
1-Tetradecanol,58.065
"3-Heptadecene, (Z)-",58.516
Heptadecane,59.271
"Ethane, 1,2-diphenoxy-",63.902
1-Tetradecyl acetate,63.951
Nonadecane,64.848
Oxacycloheptadecan-2-one,65.059
"7,10,13-Hexadecatrienoic acid, (Z,Z,Z)-",65.152
