Name,RT
"Pentane, 2-methoxy-",3.105
"1-Butanol, 3-methyl-",3.782
"2-Hexenal, (E)-",7.476
"3-Hexen-1-ol, (Z)-",7.691
p-Xylene,8.108
"2-Hexen-1-ol, (E)-",8.201
Styrene,9.138
alpha-Thujene,11.08
alpha-Pinene,11.399
Camphene,12.13
"2,4(10)-Thujadiene",12.527
Sabinen,13.837
beta-Myrcene,15.092
"p-Mentha-1(7),8-diene",15.676
alpha-Terpinene,16.54
p-Cymene,17.03
Limonene,17.295
Eucalyptol,17.43
beta-cis-Ocimene,18.17
trans-beta-Ocimene,18.8
gamma-Caprolactone,19.18
gamma-Terpinene,19.34
cis-4-Thujanol,19.9
Isoterpinolene,21.322
"Benzene, 1-methyl-4-(1-methylethenyl)-",21.46
Linalool,22.425
Phenylethyl Alcohol,23.2
Isocamphopinone,27.05
Terpinen-4-ol,27.462
"Butanoic acid, 3-hexenyl ester, (E)-",28.443
"Butanoic acid, hexyl ester",28.87
Levoverbenone,29.547
"Undecane, 2,6-dimethyl-",30.214
cis-3-Hexenyl-alpha-methylbutyrate,31.509
1-Tridecene,35.428
delta-EIemene,38.02
alpha-Cubebene,38.85
Cyclosativene,39.62
Ylangene,40.156
Copaene,40.426
alpha-Bourbonene,41.05
beta-Cubebene,41.426
"beta-Elemene, (-)-",41.603
"1H-Cyclopropa[a]naphthalene, 1a,2,3,3a,4,5,6,7b-octahydro-1,1,3a,7-tetramethyl-, [1aR-(1aalpha,3aalpha,7balpha)]-",42.52
alpha-Gurjunene,42.7
Caryophyllene,43.1
beta-Copaene,43.73
beta-Gurjunene,43.95
"1H-Cyclopropa[a]naphthalene, decahydro-1,1,3a-trimethyl-7-methylene-, [1aS-(1aalpha,3aalpha,7abeta,7balpha)]-",44.27
Aromandendrene,44.61
"Cadina-3,5-diene",44.801
"cis-muurola-3,5-diene",45.02
Humulene,45.14
Alloaromadendrene,45.6
"cis-Muurola-4(15),5-diene",45.733
gamma-Gurjunene,46.488
gamma-Muurolene,46.665
Germacrene D,46.91
beta-Eudesmene,47.165
Bicyclosesquiphellandrene,47.469
Leden,47.724
alpha-Muurolene,48.2
gamma-Cadinene,48.94
"Cadina-3,9-diene",49.514
Cubenene,49.941
alpha-Cadinene,50.27
alpha-Calacorene,50.54
Norbourbonone,51.55
Espatulenol,52.47
Globulol,52.77
"(3E,7E)-4,8,12-Trimethyltrideca-1,3,7,11-tetraene",52.98
