Name,RT
Trichloromethane,2.256
"1-Propanol, 2-methyl-",2.325
1-Butanol,2.698
"1-Butanol, 3-methyl-",3.846
"1-Butanol, 2-methyl-",3.909
1-Pentanol,4.66
"2-Buten-1-ol, 2-methyl-",4.817
"Butanoic acid, 2-methyl-, methyl ester",4.93
Hexanal,5.582
"Acetic acid, butyl ester",6.161
1-Hexanol,8.515
"1-Butanol, 2-methyl-, acetate",8.937
o-Xylene,9.378
2-Heptanol,9.982
"Ethanol, 2-butoxy-",10.315
1-Octen-3-ol,14.632
"5-Hepten-2-one, 6-methyl-",15.093
"5-Hepten-2-ol, 6-methyl-",15.465
Octanal,16.054
"Acetic acid, hexyl ester",16.883
"2-Hexen-1-ol, acetate, (E)-",17.109
"1-Hexanol, 2-ethyl-",17.859
"2-Octenal, (E)-",19.713
"Benzenemethanol, alpha-methyl-, (R)-",19.899
1-Octanol,20.792
Linalool,22.602
Nonanal,22.916
Methyl salicylate,28.836
Estragole,29.214
"Benzaldehyde, 2,5-dimethyl-",30.151
"Butanoic acid, 2-methyl-, hexyl ester",32.098
Tetradecane,42.264
Pentadecane,48.701
"2-Pentadecanone, 6,10,14-trimethyl-",64.505
