Name,RT
Ethanol,1.57
Acetonitrile,1.648
Acetic acid,2.139
1-Butanol,2.629
Pentanal,3.017
"1-Butanol, 3-methyl-",3.728
1-Pentanol,4.449
Hexanal,5.307
2-n-Butyl furan,9.099
2-Heptanone,9.138
Heptanal,9.629
Pentanoic acid,10.021
3-Thujene,11.081
"2-Heptenal, (E)-",12.724
1-Heptanol,13.715
1-Octen-3-ol,14.186
"5-Hepten-2-one, 6-methyl-",14.651
"Furan, 2-pentyl-",14.764
alpha-Phellandrene,15.353
Octanal,15.559
3-Carene,15.696
Eucalyptol,17.065
"1-Hexanol, 2-ethyl-",17.418
3-Octen-2-one,18.001
gamma-Terpinene,19.012
"2-Octenal, (E)-",19.159
1-Octanol,20.287
Terpinolene,20.969
p-Cymenene,21.106
"Furan, 2-hexyl-",21.425
"2-Nonanone, 3-(hydroxymethyl)-",21.597
Linalool,22.063
Nonanal,22.342
Isopulegol,24.893
Terpinen-4-ol,27.036
Estragole,28.621
Decanal,29.312
"Benzaldehyde, 4-(1-methylethyl)-",31.294
Piperitone,32.309
"2-Decenal, (E)-",33.035
Citral,33.702
2-n-Octylfuran,35.125
2-Undecanone,35.237
Eugenol,39.22
Tetradecane,41.962
(6E)-Nerolidol,51.708
Dodecanoic acid,52.675
"Dodecanoic acid, ethyl ester",53.67
