Name,RT
Isobutyl acetate,4.713
Hexanal,5.394
"Butanoic acid, ethyl ester",5.478
"Acetic acid, butyl ester",5.949
"2-Pentanol, acetate",7.366
"2-Hexenal, (E)-",7.405
"Butanoic acid, 3-methyl-, ethyl ester",7.484
1-Hexanol,8.47
"1-Butanol, 3-methyl-, acetate",8.661
2-Heptanone,9.196
2-Heptanol,9.74
"2-Hexanol, acetate",12.325
"Butanoic acid, 2-methylpropyl ester",12.899
Ethyl 2-hydroxyisovalerate,13.409
"Butanoic acid, butyl ester",15.366
Isobutyl 2-methylbutanoate,15.753
Isobutyl isovalerate,16.009
"Isobutyric acid, isopentyl ester",16.43
"Acetic acid, hexyl ester",16.548
"4-Hexen-1-ol, acetate",17.043
"1-Hexanol, 2-ethyl-",17.612
"2-Heptanol, acetate",18.515
"Isovaleric acid, butyl ester",18.696
"Butanoic acid, 3-methylbutyl ester",19.545
"5-Octen-1-ol, (Z)-",20.472
iso-Amyl 2-methyl butyrate,22.326
iso-Amyl isovalerate,22.856
"Hexanoic acid, 2-methylpropyl ester",25.867
"Pentanoic acid, pentyl ester",25.98
"Butanoic acid, 4-hexenyl ester, (Z)-",29.33
"3,4-Dimethoxytoluene",31.841
"Butanoic acid, 3-methyl-, hexyl ester",32.028
Isopentyl hexanoate,32.567
(Z)-4-Decen-1-ol,33.028
2-Undecanone,35.422
Eugenol,39.38
Methyleugenol,42.558
6-Methyl-4-heptenyl pentanoate,44.476
2-Tridecanone,48.042
Pentadecane,48.262
Elemicin,51.72
Methoxyeugenol,54.177
Heptadecane,59.504
Isoamyl laurate,64.409
