Name,RT
Ethanol,1.584
"1-Butanol, 3-methyl-",3.757
"1-Butanol, 2-methyl-",3.821
Tricyclene,10.414
3-Thujene,10.816
1R-alpha-Pinene,11.13
Sabinen,13.533
beta-Myrcene,14.794
3-Carene,15.75
alpha-Terpinene,16.197
D-sylvestrene,16.78
Limonene,17.03
trans-beta-Ocimene,18.58
gamma-Terpinene,19.051
p-Cymenene,21.18
"(E)-4,8-Dimethylnona-1,3,7-triene",23.186
"1,3,8-p-Menthatriene",23.471
"(4E,6Z)-allo-Ocimene",23.986
"(4E,6E)-Allocimene",24.829
cis-3-Hexenyl iso-butyrate,25.232
trans-3-Pinanone,25.815
Pinocarvone,25.958
"3-Pinanone, cis",26.713
2-Pinen-10-ol,28.474
2-Pinen-4-one,29.249
Carvone,31.775
Myrtenyl acetate,37.092
Ylangene,39.736
Copaene,40.02
alpha-Bourbonene,40.531
Daucene,40.844
beta-Cubebene,40.987
beta-Elemen,41.163
Isocaryophyllene,42.654
beta-Ylangene,43.312
alpha-Bergamotene,43.905
Humulene,44.719
(E)-beta-Famesene,45.44
"cis-muurola-3,5-diene",45.754
gamma-Muurolene,46.284
Germacrene D,47.039
"Naphthalene, 1,2,4a,5,6,8a-hexahydro-4,7-dimethyl-1-(1-methylethyl)-",47.363
alpha-Muurolene,47.746
gamma-Cadinene,48.462
"Cadina-3,9-diene",49.109
alpha-Cadinene,49.845
alpha-Calacorene,50.139
"(E,E)-4,8,12-Trimethyl-1,3,7,11-tridecatetraene",52.602
Humulene oxide II,53.779
"Benzene, 1,3,5-heptatriyn-1-yl-",60.007
"2-Pentadecanone, 6,10,14-trimethyl-",64.368
