Name,RT
Pentanal,3.1
"Furan, 2-ethyl-",3.154
"Pentane, 1-chloro-",4.199
Hexanal,5.469
2-Hexenal,7.24
"2-Hexenal, (E)-",7.662
"3-Hexen-1-ol, (Z)-",7.765
"2-Hexen-1-ol, (E)-",8.275
1-Hexanol,8.417
o-Xylene,9.271
2-Heptanone,9.369
"2,2,6-Trimethyl-6-vinyltetrahydropyran",13.749
1-Octen-3-ol,14.485
"5-Hepten-2-one, 6-methyl-",14.926
beta-Myrcene,15.107
alpha-Phellandrene,15.755
alpha-Terpinene,16.545
(+)-Sylvestrene,17.32
Eucalyptol,17.457
"1-Hexanol, 2-ethyl-",17.717
beta-cis-Ocimene,18.227
Benzeneacetaldehyde,18.511
alpha-Ocimene,18.884
gamma-Terpinene,19.409
"2-Octenal, (E)-",19.551
cis-Linalool oxide,20.395
p-Cymenene,21.479
Linalool,22.489
Hotrienol,22.735
Cosmene,24.942
Nerol oxide,26.134
alpha-Terpineol,28.468
cis-Dihydrocarvone,28.846
trans-Dihydrocarvone,29.341
Decanal,29.724
"Benzaldehyde, 2,5-dimethyl-",29.93
Geraniol,33.104
Dehydro-ar-ionene,38.945
trans-beta-Damascenone,41.221
Tetradecane,42.433
"Naphthalene, 1,7-dimethyl-",43.129
trans-Geranylacetone,45.646
"2,4-Di-tert-butylphenol",49.261
alpha-Calacorene,50.604
Hexadecane,54.278
