Name,RT
Hexanal,5.508
2-Hexenal,7.215
"2-Hexenal, (E)-",7.6
"3-Hexen-1-ol, (Z)-",7.853
"2-Hexen-1-ol, (Z)-",8.27
1-Hexanol,8.486
Santolina triene,10.158
Sorbaldehyde,10.237
Tricyclene,10.658
"alpha-Pinene, (D)-",11.37
Camphene,12.169
Sabinen,13.896
1-Octen-3-one,14.303
1-Octen-3-ol,14.71
3-Octanone,14.911
3-Octanol,15.573
alpha-Phellandrene,15.691
"4-Hexen-1-ol, acetate",16.265
(+)-4-Carene,16.5
"Acetic acid, hexyl ester",16.706
"2-Hexen-1-ol, acetate, (E)-",16.922
Eucalyptol,17.412
Santolina alcohol,18.079
beta-trans-Ocimene,18.83
gamma-Terpinene,19.355
cis-Sabinenhydrate,19.929
cis-Linalool oxide,20.36
1-Nonen-3-ol,21.179
"Benzene, 1-methyl-3-(1-methylethenyl)-",21.425
Filifolone,22.42
Linalool,22.582
Hotrienol,22.759
Chrysanthenone,23.882
Pinocarvone,26.305
Camphol,27
Myrtenal,29.002
"6-Octen-1-ol, 7-methyl-3-methylene-",30.842
Bornyl formate,30.95
Cumal,31.783
(E)-Ocimenone,32.019
Thymoquinone,32.583
Isopiperitenon,34.074
"((1R,3R)-2,2-dimethyl-3-(2-methylprop-1-en-1-yl)cyclopropyl)methyl acetate",35.281
Cuminol,35.467
Carvacrol,35.982
Silphiperfol-5-ene,37.939
7-epi-Silphiperfol-5-ene,38.65
"Silphiperfola-4,7(14)-diene",39.244
Eugenol,39.675
alpha-Isocomene,41.014
Lavandulyl propionate,41.573
Caryophyllene,43.5
Thymohydroquinone dimethyl ether,44.094
alpha-Guaiene,44.555
alpha-Himachalene,44.972
Humulene,45.428
Alloaromadendrene,45.87
"Phenol, 3-(1,1-dimethylethyl)-4-methoxy-",48.219
delta-Guaiene,48.469
Lavandulyl isovalerate,49.141
beta-Cadinene,49.553
Palustrol,51.893
Caryophyllene oxide,52.78
"Butanoic acid, 2-methyl-, 3,7-dimethyl-2,6-octadienyl ester, (Z)-",52.952
Humulene epoxide I,53.688
Guaiol,53.835
Rosifoliol,54.212
Selinenol,55.61
beta-Eudesmol,56.527
Neointermedeol,56.797
Pentadecanal,60.437
