Name,RT
Isobutyl acetate,4.748
"3-Hexanone, 2-methyl-",5.243
"3-Pentanol, 2,4-dimethyl",6.651
"3-Hexen-1-ol, (Z)-",7.706
p-Xylene,8.108
"1-Butanol, 3-methyl-, acetate",9.65
"1-Butanol, 2-methyl-, acetate",8.809
"Propanoic acid, 2-methyl-, 2-methylpropyl ester",10.585
alpha-Thujene,11.08
alpha-Pinene,11.399
Camphene,12.164
Sabinen,13.847
beta-Myrcene,15.092
"3-Hexen-1-ol, acetate, (E)-",16.294
Eucalyptol,18.168
gamma-Terpinene,19.487
cis-Linaloloxide,20.399
Terpinolene,21.361
"Benzene, 1-methyl-3-(1-methylethenyl)-",21.498
Linalool,22.425
Fenchol,23.01
L-Pinocarveol,24.637
Camphene hydrate,25.236
Linderol,26.565
Terpinen-4-ol,27.462
alpha-Terpineol,28.62
trans-Carveol,30.42
2-Hydroxycineol,30.611
"2,6-Octadien-1-ol, 3,7-dimethyl-",33.03
trans-Pinocarvyl acetate,35.756
Eugenol,39.509
isoledene,40.244
Copaene,40.426
Isocaryophyllene,42.339
beta-Maaliene,42.545
Caryophyllene,43.275
Aromandendrene,44.296
Humulene,45.188
Alloaromadendrene,45.6
gamma-Gurjunene,46.34
beta-Eudesmene,47.101
Leden,47.724
"Cadina-3,9-diene",49.514
Cubenene,49.941
Flaveson,50.812
Ledol,51.417
Caryophyllene oxide,52.663
Humulene epoxide 2,54.203
