Name,RT
Prenol,4.776
"2,3-Butanediol",5.212
3-Thujene,10.785
1S-alpha-Pinene,11.084
Benzaldehyde,12.742
"2-Furancarboxaldehyde, 5-methyl-",13.129
Sabinen,13.517
beta-Myrcene,14.772
alpha-Terpinene,16.195
"1-Hexanol, 2-ethyl-",17.436
Benzyl alcohol,17.769
Benzeneacetaldehyde,18.093
trans-beta-Ocimene,18.534
gamma-Terpinene,19.118
cis-Linalool oxide,20.055
1-Octanol,20.325
"Benzene, 1-methyl-4-(1-methylethenyl)-",21.08
Ethyl 2-(5-methyl-5-vinyltetrahydrofuran-2-yl)propan-2-yl carbonate,21.129
"Benzoic acid, methyl ester",21.565
"1,5,7-Octatrien-3-ol, 3,7-dimethyl-",23.394
"p-Mentha-1,5,8-triene",22.561
Fenchol,22.718
Phenylethyl Alcohol,22.919
"1R,4R-p-Mentha-2,8-dien-1-ol",23.263
Cosmene,24.513
Isopulegol,24.871
"3-Cyclohexene-1-methanol, alpha,4-dimethyl-",25.195
"Benzene, 1,4-dimethoxy-",26.323
Terpinen-4-ol,27.272
cis-Dihydrocarvone,28.472
Decanal,29.305
trans-Carveol,30.1
Citronellol,31.007
Methyl thymyl ether,31.174
Carvone,31.64
"2,6-Octadien-1-ol, 3,7-dimethyl-",32.709
"2H-Pyran-2-one, 5,6-dihydro-6-propyl-",33.244
"Cinnamaldehyde, (E)-",33.44
1-Decanol,33.916
"1,7-Octadiene-3,6-diol, 2,6-dimethyl-",34.181
Thymol,34.975
Carvacrol,35.358
"Phenol, 2-ethyl-4,5-dimethyl-",35.907
delta-EIemene,37.688
4-Acetylanisole,38.875
beta-Elemen,41.131
Sesquithujene,42.166
Methyleugenol,42.362
Dodecanal,42.509
alpha-Gurjunene,42.612
gamma-Elemene,43.711
(E)-beta-Famesene,45.413
gamma-Muurolene,46.418
l-Zingiberene,47.581
alpha-Farnesene,48.503
"Cadina-3,9-diene",49.087
beta-Sesquiphellandrene,49.199
(-)-alpha-Panasinsen,49.567
(6E)-Nerolidol,51.676
Hexadecane,53.795
"2,6,11-Dodecatrienal, 2,6-dimethyl-10-methylene-",59.038
alpha-Sinensal,61.981
Octadecane,63.767
"Ethane, 1,2-diphenoxy-",63.85
"2-Pentadecanone, 6,10,14-trimethyl-",64.36
Nonadecane,64.851
"Hexadecanoic acid, methyl ester",65.057
m-Camphorene,65.223
"Hexadecanoic acid, ethyl ester",65.478
