Name,RT
Ethanol,1.575
Acetone,1.638
"1,4-Pentadiene",1.736
2-Butanone,2.031
"3-Buten-2-ol, 2-methyl-",2.119
"2,4-Hexadiene, (E,Z)-",2.247
1-Penten-3-ol,2.786
1-Penten-3-one,2.84
"Furan, 2-ethyl-",3.046
2-Vinylfuran,3.463
"2-Pentenal, (E)-",4.071
"2-Penten-1-ol, (Z)-",4.518
"4-Pentenal, 2-methyl-",5.278
Hexanal,5.312
2-Hexenal,7.681
"3-Hexen-1-ol, (Z)-",7.76
"2-Hexen-1-ol, (E)-",8.162
1-Hexanol,8.221
"4-Heptenal, (Z)-",9.447
"2,4-Hexadienal, (E,E)-",10.016
Benzaldehyde,12.645
4-Oxohex-2-enal,13.214
"5-Hepten-2-one, 6-methyl-",14.519
cis-2-(2-Pentenyl)furan,15.284
"2,4-Heptadienal, (E,E)-",15.917
"1-Hexanol, 2-ethyl-",17.241
Benzeneacetaldehyde,17.977
cis-Linalool oxide,19.87
p-Cymenene,20.959
Linalool,21.93
"1,5,7-Octatrien-3-ol, 3,7-dimethyl-",22.23
Isophorone,23.137
Nerol oxide,25.56
Methyl salicylate,28.135
beta-Cyclocitral,29.886
beta-Damascenone,40.599
"Phenol, 2,5-bis(1,1-dimethylethyl)-",48.731
"Phthalic acid, diisobutyl ester",64.55
Dibutyl phthalate,65.281
