Name,RT
Ethanol,1.57
Acetonitrile,1.653
Ethyl Acetate,2.193
1-Butanol,2.668
1-Penten-3-ol,2.874
Pentanal,3.085
"Acetamide, 2,2,2-trifluoro-N-methyl-",3.169
1-Pentanol,4.606
"2-Penten-1-ol, (Z)-",4.699
Cyclopentanone,5.199
Hexanal,5.498
"Acetic acid, butyl ester",6.112
2-Hexenal,7.51
1-Hexanol,8.427
Nonane,9.727
"Thiophene, 3,4-dimethyl-",9.83
Heptanal,9.898
1R-alpha-Pinene,11.399
alpha-Thujene,11.409
Camphene,12.194
Benzaldehyde,13.086
"Toluene, p-ethyl-",13.116
beta-Thujene,13.881
o-Ethyltoluene,14.18
alpha-Methylstyrene,14.381
1-Octen-3-ol,14.514
Phenol,14.926
beta-Myrcene,15.117
Octanal,15.941
alpha-Terpinene,16.549
Hemimellitene,16.829
o-Cymene,17.089
2-Ethyl-1-hexanol,17.721
alpha-Tolualdehyde,18.398
beta-cis-Ocimene,18.889
gamma-Terpinene,19.409
o-Cresol,19.64
Acetophenone,19.919
"Benzene, 1-methyl-3-(1-methylethenyl)-",21.479
o-Guaiacol,21.572
4-Nonanol,21.808
Linalool,22.45
Nonanal,22.754
beta-Phenylethanol,23.254
"1,3,8-p-Menthatriene",24.932
Allo-Ocimene,25.172
beta-Terpineol,25.319
"3-Nonen-1-ol, (Z)-",26.202
"3,6-Nonadien-1-ol, (E,Z)-",26.437
Naphthalene,27.492
cis-Dihydrocarvone,29.326
Decanal,29.719
Isoxylaldehyde,30.028
trans-Carveol,30.44
cis-Carveol,31.239
Carvenone,32.912
1-Decanol,34.31
trans-Pinocarvyl acetate,35.826
alpha-Methylnaphthalene,35.948
Limonene glycol,38.405
Eugenol,39.583
Biphenyl,40.504
trans-beta-Damascenone,41.216
Amilfenol,42.148
Caryophyllene,43.109
Humulene,45.188
Geranyl acetone,45.64
"2,6-Di-tert-butylquinone",46.194
(+)-beta-Selinene,47.194
beta-Dihydroagarofuran,47.372
alpha-Selinene,47.744
"2,4-Di-tert-butylphenol",49.284
Hexadecane,54.272
Benzophenone,55.307
butylphthalide,56.93
Heptadecane,59.775
Z-Butylidenephthalide,60.193
trans-Sedanolide,61.389
(Z)-Ligustilide,61.565
trans-Sedanolide,61.773
Neophytadiene,64.41
