Name,RT
3-Thujene,11.089
Benzaldehyde,13.119
Sabinen,13.531
alpha-Phellandrene,15.376
Eucalyptol,17.083
Linalool,22.076
Terpinen-4-ol,27.084
Estragole,28.698
alpha-Cubebene,38.723
(+)-Sativene,41.985
Longifolene,42.216
alpha-Gurjunene,42.726
Aromandendrene,44.231
Coumarin,44.29
"Guaia-6,9-diene",44.565
alpha-Himachalene,44.727
Humulene,45.178
Alloaromadendrene,45.507
"Cadina-1(6),4-diene",46.443
gamma-Muurolene,46.836
beta-Eudesmene,47.14
alpha-Muurolene,48.204
gamma-Cadinene,48.896
Cubenene,50.303
alpha-Cadinene,50.544
alpha-Calacorene,50.74
beta-Calacorene,51.608
Caryophyllene oxide,52.564
Axenol,52.849
Viridiflorol,53.619
Humulene epoxide 2,53.992
alpha-Corocalene,54.845
Epicubenol,55.198
delta-Cadinol,56.164
alpha-Cadinol,56.562
Cadalene,57.582
Ylangenal,57.847
alpha-Bisabolol,58.376
Mustakone,59.181
"Ethane, 1,2-diphenoxy-",63.845
