Name,RT
Ethanol,1.57
Acetone,1.658
Styrene,9.07
Benzaldehyde,12.871
"5-Hepten-2-one, 6-methyl-",14.755
alpha-Phellandrene,15.368
Eucalyptol,17.06
"1-Hexanol, 2-ethyl-",17.462
Indene,17.884
Acetophenone,19.743
Linalool,22.043
Isopulegol,24.859
Benzenepropanal,26.267
Terpinen-4-ol,27.022
Estragole,28.601
(Z)-3-Phenylacrylaldehyde,30.024
3-Phenylpropanol,30.926
"Benzaldehyde, 4-(1-methylethyl)-",31.265
Piperitone,32.28
"Benzaldehyde, 4-methoxy-",32.722
"2-Decenal, (E)-",33.04
p-Cymen-7-ol,35.12
delta-EIemene,37.72
alpha-Terpinyl acetate,38.652
Eugenol,39.23
Cyclosativene,39.74
beta-Elemen,41.153
Di-epi-alpha-cedrene,42.08
"(+)-Acora-3,7(14)-diene",42.507
alpha-Santalene,42.875
alpha-Bergamotene,43.895
gamma-Muurolene,46.288
alpha-Curcumene,46.818
"Naphthalene, 1,2,4a,5,6,8a-hexahydro-4,7-dimethyl-1-(1-methylethyl)-",47.333
alpha-Muurolene,47.74
beta-Bisabolene,48.383
beta-Curcumene,48.574
"Cadina-3,9-diene",49.133
Tetradecanal,54.484
"Di-epi-1,10-cubenol",54.955
alpha-epi-Muurolol,56.431
alpha-Bisabolol,58.3
Heptadecane,59.281
"7-Hexadecenal, (Z)-",63.637
Octadecane,63.769
"Ethane, 1,2-diphenoxy-",63.916
Hexadecanal,64.024
Nonadecane,64.854
"Hexadecanoic acid, methyl ester",65.064
