Name,RT
Ethanol,1.57
Acetonitrile,1.663
"1,4-Pentadiene",1.683
"3-Buten-2-ol, 2-methyl-",2.124
Acetic acid,2.159
"Butanal, 3-methyl-",2.497
"Butanal, 2-methyl-",2.6
"1H-Pyrrole, 1-methyl-",3.831
Furfural,6.75
"Ethanone, 1-(2-furanyl)-",10.144
3-Thujene,11.061
Benzaldehyde,12.798
"2-Furancarboxaldehyde, 5-methyl-",13.21
Sabinen,13.425
1-Heptanol,13.656
beta-Myrcene,14.73
Octanal,15.515
alpha-Terpinen,16.148
"1-Hexanol, 2-ethyl-",17.408
Benzeneacetaldehyde,18.065
gamma-Terpinene,18.993
Acetophenone,19.62
cis-Linalool oxide,20.013
1-Octanol,20.297
p-Cymenene,21.053
"Benzoic acid, methyl ester",21.523
Linalool,22.215
Hotrienol,22.395
"p-Mentha-1,5,8-triene",22.544
Phenylethyl Alcohol,22.961
Cosmene,24.074
Benzyl nitrile,24.658
Isopulegol,24.864
Terpinen-4-ol,27.086
1-Nonanol,27.208
cis-Dihydrocarvone,28.449
Estragole,28.596
Decanal,29.288
trans-Carveol,30.112
cis-Carveol,30.872
Citronellol,30.975
"Benzaldehyde, 4-(1-methylethyl)-",31.269
(+)-Carvotanacetone,31.829
Piperitone,32.285
"Benzaldehyde, 4-methoxy-",32.471
1-Decanol,33.893
alpha-Terpinen-7-al,34.173
Perilla alcohol,34.806
p-Cymen-7-ol,34.968
Carvacrol,35.502
"Phenol, 2-ethyl-4,5-dimethyl-",35.875
2-Methoxy-4-vinylphenol,36.326
Piperitenone,37.965
Eugenol,39.156
1-Undecanol,40.412
Geranyl acetate,41.059
Methyleugenol,42.369
Dodecanal,42.487
(E)-beta-Famesene,45.42
Ethyl cinnamate,45.915
alpha-Curcumene,46.798
"Naphthalene, 1,2,4a,5,6,8a-hexahydro-4,7-dimethyl-1-(1-methylethyl)-",47.328
l-Zingiberene,47.578
Pentadecane,48.034
cis-alpha-Bisabolene,48.343
alpha-Farnesene,48.5
"Phenol, 2,5-di-tert-butyl-",48.888
beta-Sesquiphellandrene,49.197
cis-Sesquisabinene hydrate,50.977
E-Nerolidol,51.674
aR-Turmerone,57.241
"2,6-Dimethyl-10-methylene-2,6,11-dodecatrienal",59.075
alpha-Sinensal,61.988
Octadecane,63.769
"Hexadecanoic acid, methyl ester",65.059
m-Camphorene,65.226
