Name,RT
"2-Butene, 1-chloro-3-methyl-",4.531
Prenol,4.678
3-Thujene,11.089
Sabinen,13.458
beta-Myrcene,14.777
Octanal,15.567
3-Carene,15.719
alpha-Terpinene,16.214
beta-cis-Ocimene,17.912
trans-beta-Ocimene,18.539
gamma-Terpinene,19.045
cis-Linalool oxide,20.03
1-Octanol,20.266
p-Cymenene,21.09
Linalool,22.154
Nonanal,22.375
"p-Mentha-1,5,8-triene",22.561
"trans-p-Mentha-2,8-dienol",23.243
Cosmene,24.514
Isopulegol,24.852
Pyranone,25.073
Terpinen-4-ol,27.059
Estragole,28.609
Decanal,29.335
trans-Carveol,30.071
cis-Geraniol,30.836
Citronellol,31.003
"Benzaldehyde, 4-(1-methylethyl)-",31.263
Piperitone,32.263
Geraniol,32.71
"Cinnamaldehyde, (E)-",33.455
alpha-Citral,33.671
1-Decanol,33.902
"Phenol, 4-ethyl-2-methoxy-",34.063
alpha-Terpinen-7-al,34.181
"p-Mentha-1(7),8(10)-dien-9-ol",34.824
p-Cymen-7-ol,34.927
"p-Mentha-1,8-dien-7-ol",35.373
Undecanal,36.045
Piperitenone,37.968
alpha-Cubebene,38.434
alpha-Terpinyl acetate,38.605
Eugenol,39.238
Nerol acetate,39.827
beta-Cubebene,40.974
Geranyl acetate,41.068
beta-Elemen,41.146
Sesquithujene,42.171
Methyleugenol,42.377
Dodecanal,42.534
Isocaryophyllene,42.608
"Acetic acid, decyl ester",42.774
beta-Ylangene,43.275
(E)-beta-Famesene,45.438
Valencen,47.287
"Eremophila-1(10),8,11-triene",48.332
alpha-Farnesene,48.523
"Cadina-3,9-diene",49.107
Elemol,50.617
Elemicin,51.495
E-Nerolidol,51.687
Caryophyllene oxide,52.28
Hexadecane,53.805
Agarospirol,56.474
1-(3-Methyl-2-butenoxy)-4-(1-propenyl)benzene,58.009
"2,6,11-Dodecatrienal, 2,6-dimethyl-10-methylene-",59.039
Heptadecane,59.284
alpha-Sinensal,61.987
Nootkatone,63.694
"Ethane, 1,2-diphenoxy-",63.811
"Hexadecanoic acid, methyl ester",65.057
m-Camphorene,65.224
