Name,RT
Ethanol,1.579
Propylene oxide,1.653
"1,4-Pentadiene",1.683
Isoprene,1.776
"3-Buten-2-ol, 2-methyl-",2.114
"1,3-Pentadiene, 2-methyl-, (E)-",2.355
1-Penten-3-ol,2.781
1-Penten-3-one,2.84
"Furan, 2-ethyl-",3.041
"2-Pentenal, (E)-",4.076
"2-Penten-1-ol, (Z)-",4.513
"2-Buten-1-ol, 2-methyl-",4.925
Hexanal,5.288
2-Hexenal,7.603
"3-Hexen-1-ol, (Z)-",7.765
p-Xylene,7.966
"2-Hexen-1-ol, (E)-",8.03
1-Hexanol,8.113
Styrene,8.898
o-Xylene,8.947
Heptanal,9.506
"2,4-Hexadienal, (E,E)-",9.933
3-Thujene,10.698
1R-alpha-Pinene,10.978
"2(5H)-Furanone, 5-ethyl-",13.018
Sabinen,13.415
alpha-Methylstyrene,13.911
"2,3-Octanedione",14.367
"5-Hepten-2-one, 6-methyl-",14.509
beta-Myrcene,14.666
alpha-Phellandrene,15.23
Octanal,15.417
"(2R,5S)-2-Methyl-5-(prop-1-en-2-yl)-2-vinyltetrahydrofuran",15.583
"2,4-Heptadienal, (E,E)-",15.946
alpha-Terpinene,16.04
D-sylvestrene,16.854
Eucalyptol,16.942
beta-cis-Ocimene,17.722
Benzeneacetaldehyde,17.928
gamma-Terpinene,18.884
cis-Linalool oxide,19.934
1-Octanol,20.38
p-Cymenene,20.949
trans-Linalool oxide (furanoid),20.974
Linalool,22.328
"1,5,7-Octatrien-3-ol, 3,7-dimethyl-",22.524
alpha-Cyclocitral,22.779
"1,3,8-p-Menthatriene",22.353
"2,6-Dimethyl-1,3,5,7-octatetraene, E,E-",23.868
"(4E,6E)-Allocimene",24.653
"Benzene, (1-methylene-2-propenyl)-",24.8
"Benzene, 1,2,3,4-tetramethyl-",25.016
"1H-Indene, 3-methyl-",25.231
Naphthalene,26.924
Terpinen-4-ol,26.978
p-Cymen-8-ol,27.713
Methyl salicylate,28.16
Decanal,29.18
beta-Cyclocitral,29.818
trans-Carveol,29.935
"2,6-Octadien-1-ol, 3,7-dimethyl-, (Z)-",30.705
Carvone,31.471
p-Menth-1-en-3-one,32.108
"p-Mentha-1(7),8(10)-dien-9-ol",34.737
"Naphthalene, 2-methyl-",35.36
delta-EIemene,37.626
alpha-Cubebene,38.303
alpha-Terpinyl acetate,38.44
Ylangene,39.858
"1H-Indene, 2,3,3a,4-tetrahydro-3,3a,6-trimethyl-1-(1-methylethyl)-",40.034
(-)-beta-Bourbonene,40.358
Copaene,40.554
beta-Cubebene,40.824
beta-Elemen,41.04
beta-Maaliene,41.908
Methyl methanthranilate,42.026
Caryophyllene,42.624
beta-Ylangene,43.149
gamma-Elemene,43.61
alpha-Guaiene,43.973
beta-Gurjunene,44.056
(E)-beta-Famesene,45.459
gamma-Muurolene,46.45
beta-Eudesmene,46.852
Bicyclosesquiphellandrene,47.024
Valencen,47.387
alpha-Muurolene,47.666
"Bicyclo[4.4.0]dec-1-ene, 2-isopropyl-5-methyl-9-methylene-",48.176
gamma-Cadinene,48.436
"Cadina-3,9-diene",49.118
alpha-Cadinene,49.775
alpha-Calacorene,50.006
Elemol,50.653
(��)-trans-Nerolidol,51.571
Guaiol,53.209
gamma-Eudesmol,55.215
Hinesol,55.46
beta-Eudesmol,56.186
alpha-Eudesmol,56.363
"Cyclohexanemethanol, 4-ethenyl-alpha,alpha,4-trimethyl-3-(1-methylethenyl)-, acetate, [1R-(1alpha,3alpha,4beta)]-",57.692
Eudesm-7(11)-en-4-ol,58.413
"Azulene, 1,4-dimethyl-7-(1-methylethyl)-",62.543
gamma-Eudesmol acetate,63.175
all-trans-Farnesyl acetate,64.289
Dibutyl phthalate,65.289
