Name,RT
Ethanol,1.565
Acetonitrile,1.648
Ethyl Acetate,2.188
1-Butanol,2.649
Acetoin,3.311
"1-Butanol, 2-methyl-",3.856
Isobutyl acetate,4.753
"DL-2,3-Butanediol",5.028
"2,3-Butanediol",5.293
Hexanal,5.494
"Butanoic acid, ethyl ester",5.602
"Acetic acid, butyl ester",6.608
p-Xylene,8.157
1-Hexanol,8.309
Styrene,9.187
"Propanoic acid, butyl ester",10.374
Benzaldehyde,13.165
1-Heptanol,13.994
"Benzene, 1,2,4-trimethyl-",15.005
Decane,15.657
Octanal,15.902
"Benzene, 1,2,3-trimethyl-",16.814
"1-Hexanol, 2-ethyl-",17.683
Acetophenone,19.963
1-Octanol,20.606
"m-Xylene, 2-ethyl-",21.126
"Phenol, 2-methoxy-",21.592
Nonanal,22.72
Durene,23.156
Isodurene,23.441
Prehnitene,25.575
Naphthalene,27.536
"Benzaldehyde, 2,4-dimethyl-",27.914
Octanoic acid,28.714
alpha-Methylbenzyl acetate,28.964
"Octanoic acid, ethyl ester",29.302
Decanal,29.7
"Benzaldehyde, 2,5-dimethyl-",30.013
"Propanoic acid, phenylmethyl ester",33.285
delta-Octalactone,34.84
3-Undecanone,35.281
Undecanal,36.503
n-Decanoic acid,41.291
Tetradecane,42.418
delta-Decalactone,48.098
"2,4-Di-tert-butylphenol",49.271
"Dodecanoic acid, ethyl ester",54.082
