Name,RT
Hexanal,5.325
"Butanoic acid, 3-methyl-",7.969
1-Hexanol,8.195
"Butanoic acid, 2-methyl-",8.479
Benzaldehyde,12.702
alpha-Methylstyrene,14.046
beta-Myrcene,14.762
Eucalyptol,17.092
Benzyl alcohol,17.941
Benzeneacetaldehyde,18.196
cis-Linalool oxide,20.045
p-Cymenene,21.114
Linalool,22.041
Nonanal,22.36
Isopulegol,24.857
"6-Octenal, 3,7-dimethyl-, (S)-",25.71
L-Borneol,26.196
Terpinen-4-ol,27.035
alpha-Terpineol,28.05
Estragole,28.683
Citronellol,30.973
"Benzaldehyde, 4-(1-methylethyl)-",31.326
Piperitone,32.298
"3,7-Dimethyl-2,6-octadien-1-ol",32.749
Anethole,34.431
Eugenol,39.209
Butyl benzoate,40.214
Methyleugenol,42.46
"2,5-di-tert-Butyl-1,4-benzoquinone",45.722
aR-Turmerone,57.288
1-(3-Methyl-2-butenoxy)-4-(1-propenyl)benzene,58.092
Octadecane,63.772
