Name,RT
Ethanol,1.579
Acetonitrile,1.653
Acetic acid,2.457
Pentanal,3.017
Propanoic acid,3.797
1-Pentanol,4.448
"2,3-Butanediol",4.974
Hexanal,5.317
Butanoic acid,7.667
1-Hexanol,8.186
Heptanal,9.599
"2-Heptenal, (E)-",12.675
Benzaldehyde,12.733
1-Octen-3-ol,14.185
beta-Myrcene,14.749
2-Octanone,14.882
alpha-Phellandrene,15.353
alpha-Terpinen,16.162
D-sylvestrene,16.932
Eucalyptol,17.148
"1-Hexanol, 2-ethyl-",17.388
gamma-Terpinene,19.002
"2-Octenal, (E)-",19.203
Acetophenone,19.551
"3,5-Octadien-2-one, (E,E)-",20.208
p-Cresol,21.013
p-Cymenene,21.082
"3,5-Octadien-2-one",21.719
Linalool,22.077
Nonanal,22.352
"6-Methyl-3,5-heptadiene-2-one",22.504
Phenylethyl Alcohol,22.931
Isopulegol,24.868
Terpinen-4-ol,27.056
Crypton,27.688
Methyl salicylate,28.252
Estragole,28.625
Decanal,29.297
"Benzaldehyde, 2,5-dimethyl-",29.694
Citronellol,30.98
"Benzaldehyde, 4-(1-methylethyl)-",31.259
Carvone,31.607
Piperitone,32.255
alpha-Terpinen-7-al,34.178
2-Undecanone,35.242
alpha-Terpinyl acetate,38.602
Eugenol,39.166
"2(3H)-Furanone, dihydro-5-pentyl-",39.558
"2-Octenal, 2-butyl-",40.24
Tetradecane,41.692
alpha-Guaiene,43.958
trans-Geranylacetone,45.213
alpha-Curcumene,46.798
Zingiberene,47.582
Butylated Hydroxytoluene,48.608
"Phenol, 2,5-di-tert-butyl-",48.907
"Cadina-3,9-diene",49.074
beta-Sesquiphellandrene,49.196
(-)-Globulol,52.394
aR-Turmerone,57.319
"Ethane, 1,2-diphenoxy-",63.896
Hexadecanal,64.024
"2-Pentadecanone, 6,10,14-trimethyl-",64.362
"Hexadecanoic acid, methyl ester",65.058
