Name,RT
Acetaldehyde,1.501
Ethanol,1.589
Acetone,1.678
Hexanal,5.44
alpha-Phellandrene,15.382
alpha-Terpinene,16.192
Eucalyptol,17.094
"1-Hexanol, 2-ethyl-",17.467
Benzeneacetaldehyde,18.306
Linalool,22.043
Nonanal,22.362
Isopulegol,24.898
L-Borneol,26.203
Terpinen-4-ol,27.047
Estragole,28.788
Decanal,29.347
Citronellol,31.005
"Benzaldehyde, 4-(1-methylethyl)-",31.334
Piperitone,32.329
"Benzaldehyde, 4-methoxy-",32.682
Eugenol,39.142
3-Allyl-6-methoxyphenol,40.05
Methyleugenol,42.537
1-Dodecanol,46.73
"Phenol, 2,5-bis(1,1-dimethylethyl)-",48.879
Hexadecane,53.803
Heptadecane,59.292
Octadecane,63.77
"Ethane, 1,2-diphenoxy-",63.912
Nonadecane,64.849
