Name,RT
Ethane,1.552 
Formaldehyde,1.559 
Propene,1.561 
Methyl Alcohol,1.568 
Methyl formate,1.570 
Methanethiol,1.572 
Acetaldehyde,1.573 
Ethanol,1.575 
Dimethylamine,1.575 
Ethylamine,1.577 
2-Propenal,1.578 
Propanal,1.578 
"1,4-Pentadiene",1.579 
Ethyl formate,1.579 
"Butane, 2-methyl-",1.580 
Ethyl ether,1.581 
Isopropyl Alcohol,1.581 
Acetone,1.581 
Furan,1.582 
Methyl propyl ether,1.582 
Isoprene,1.582 
Pentane,1.582 
"Methylamine, N,N-dimethyl-",1.583 
"Methane, iodo-",1.589 
Dimethyl sulfide,1.600 
2-Propenenitrile,1.606 
"1,3-Cyclopentadiene",1.617 
Formic acid,1.633 
"Acetic acid, methyl ester",1.633 
Methylene chloride,1.644 
Carbon disulfide,1.758 
"Ethanamine, N-ethyl-",1.769 
"Propanal, 2-methyl-",1.775 
1-Propanol,1.791 
Ethanethiol,1.815 
"1,5-Hexadiene",1.840 
"Propanal, 2,2-dimethyl-",1.851 
Methacrolein,1.856 
Cyclopentane,1.862 
"Pentane, 2-methyl-",1.873 
"Formic acid, propyl ester",1.878 
Methyl vinyl ketone,1.905 
"1-Pentene, 2-methyl-",1.927 
Isobutylamine,1.933 
1-Hexene,1.949 
"Pentane, 3-methyl-",1.949 
"1,3-Dioxolane",1.971 
Butanal,1.998 
"2,3-Butanedione",2.009 
Thiirane,2.025 
2-Butanone,2.025 
Allyl mercaptan,2.074 
"Furan, 2-methyl-",2.113 
"Cyclopentene, 3-methyl-",2.126 
Acetic acid,2.164 
1-Butanamine,2.164 
"1,3-Butadiene, 2,3-dimethyl-",2.177 
Ethyl Acetate,2.190 
"3-Buten-2-ol, 2-methyl-",2.216 
"Furan, 3-methyl-",2.216 
Propyl mercaptan,2.241 
"Ethane, iodo-",2.241 
"Ethane, (methylthio)-",2.280 
"Cyclobutane, ethyl-",2.331 
"1-Propanol, 2-methyl-",2.357 
"2-Butene, 2,3-dimethyl-",2.357 
n-Hexane,2.371 
Methyl propionate,2.382 
2-Butenal,2.408 
"Cyclopentane, methyl-",2.434 
"Methane, diethoxy-",2.498 
"Acetic acid, 1,1-dimethylethyl ester",2.536 
"1,3-Pentadiene, 3-methyl-, (Z)-",2.549 
"3-Buten-2-one, 3-methyl-",2.588 
"2-Butenal, (E)-",2.639 
4-Penten-2-ol,2.639 
Isopropyl acetate,2.665 
"Butanal, 3-methyl-",2.703 
Benzene,2.729 
"2-Buten-1-ol, (E)-",2.729 
"1,3-Cyclohexadiene",2.742 
"2-Butanone, 3-methyl-",2.767 
1-Butanol,2.793 
"1-Hexene, 4-methyl-",2.793 
Cyclohexane-d12,2.819 
"Butanal, 2-methyl-",2.831 
"2-Propanone, 1-hydroxy-",2.870 
"Hexane, 2-methyl-",2.896 
Cyclohexane,2.896 
"Propane, 2-iodo-",2.934 
"2-Butanol, 3-methyl-",2.985 
"1,4-Dioxane",2.998 
Thiophene,2.998 
Cyclohexene,3.050 
Pyrrolidine,3.062 
1-Penten-3-one,3.075 
Methyl isobutyrate,3.114 
2-Pentanone,3.127 
1-Heptene,3.127 
"1-Propanethiol, 2-methyl-",3.139 
3-Pentanone,3.165 
3-Pentanol,3.191 
"Pentane, 2,2,4-trimethyl-",3.204 
"2-Pentanol, 2-methyl-",3.242 
"1,4-Cyclohexadiene",3.242 
"1-Butene, 2-(chloromethyl)-",3.255 
Ethylvinyl sulfide,3.268 
"Sulfide, allyl methyl",3.281 
"2,3-Pentanedione",3.293 
"1-Butanamine, 3-methyl-",3.293 
Diethyl sulfide,3.306 
Pentanal,3.306 
"Thiocyanic acid, methyl ester",3.357 
2-Pentanol,3.375 
2-Heptene,3.375 
"Furan, 2-ethyl-",3.375 
"Furan, 2,5-dimethyl-",3.451 
"Pentane, 1-methoxy-",3.469 
n-Propyl acetate,3.469 
"Propanoic acid, ethyl ester",3.507 
"1-Hexene, 3,3-dimethyl-",3.563 
Acetoin,3.563 
Methyl methacrylate,3.582 
"Propane, 1-(methylthio)-",3.601 
Propanoic acid,3.617 
Heptane,3.617 
Methyl thiolacetate,3.617 
1-Butanethiol,3.639 
3-Heptene,3.676 
"Butanoic acid, methyl ester",3.733 
"Butanenitrile, 2-methyl-",3.751 
"Formic acid, butyl ester",3.770 
"3-Penten-1-ol, (Z)-",3.789 
"Ethane, 1,1-diethoxy-",3.808 
"2-Butanethiol, 2-methyl-",3.845 
"Cyclohexane, methyl-",3.845 
"2,4-Dimethylfuran",3.864 
"3-Buten-1-ol, 3-methyl-",3.883 
"Butanenitrile, 3-methyl-",3.902 
"Hexane, 2,4-dimethyl-",3.921 
3-Penten-2-one,3.939 
Thiazole,3.977 
Methyl Isobutyl Ketone,3.977 
Pyrazine,3.996 
"1-Butanol, 3-methyl-",3.996 
"3-Buten-2-ol, 3-methyl-",4.015 
"1-Butanol, 2-methyl-",4.052 
Propylene Glycol,4.071 
"1-Hexene, 4,5-dimethyl-",4.090 
5-Hexen-2-one,4.109 
"Hexane, 3,3-dimethyl-",4.146 
"2-Butenal, 2-methyl-, (E)-",4.165 
"3-Pentanone, 2-methyl-",4.165 
"2-Butenal, 2-methyl-",4.184 
Pyridine,4.184 
"Disulfide, dimethyl",4.184 
"Propanoic acid, 1-methylethyl ester",4.278 
"2-Pentanone, 3-methyl-",4.297 
"2-Pentenal, (E)-",4.334 
"2-Butenoic acid, methyl ester",4.353 
Pyrrole,4.353 
"Propanoic acid, 2-methyl-, ethyl ester",4.372 
"Ethanol, 2-methoxy-, acetate",4.391 
"2-Pentanol, 4-methyl-",4.409 
"2-Butenoic acid, methyl ester, (E)-",4.409 
sec-Butyl acetate,4.447 
Toluene,4.503 
1-Pentanol,4.541 
"Heptane, 2-methyl-",4.541 
Diethyl carbonate,4.579 
"2-Penten-1-ol, (Z)-",4.579 
"Heptane, 4-methyl-",4.579 
"2-Penten-1-ol, (E)-",4.616 
1-Hexen-3-ol,4.616 
"2-Buten-1-ol, 2-methyl-",4.616 
Isobutyl acetate,4.654 
"1,3,5-Cycloheptatriene",4.673 
Methyl isovalerate,4.691 
"Heptane, 3-methyl-",4.691 
"Propanoic acid, 2-methyl-",4.710 
Prenol,4.729 
"Thiophene, 2-methyl-",4.729 
"Butanoic acid, 2-methyl-, methyl ester",4.729 
"3-Pentanol, 2-methyl-",4.729 
"2-Pentanol, 3-methyl-",4.785 
"2-Butenal, 3-methyl-",4.861 
2-Pentanethiol,4.861 
"Formamide, N,N-dimethyl-",4.879 
3-Hexanone,4.898 
S-Methyl propanethioate,4.917 
O-Methyl-N-methylcarbamate,4.917 
"Thiophene, 3-methyl-",4.936 
"2,3-Butanediol",4.973 
1-Octene,4.992 
2-Hexanone,5.011 
"Furan, 2-propyl-",5.030 
"1-Butanol, 3-methyl-, formate",5.049 
"4-Pentenal, 2-methyl-",5.067 
Bicyclo[4.1.0]heptane,5.124 
"Formic acid, pentyl ester",5.124 
3-Hexanol,5.143 
"2-Octene, (E)-",5.161 
"3-Penten-2-one, 4-methyl-",5.161 
"2-Butenal, 2-ethyl-",5.240 
2-Hexanol,5.240 
"Butanoic acid, ethyl ester",5.281 
Butanoic acid,5.405 
"Propanoic acid, propyl ester",5.487 
"Formamide, N-methyl-",5.569 
3-Hexenal,5.610 
3-Hexen-2-one,5.651 
"Acetic acid, butyl ester",5.692 
"Propane, 1,1-diethoxy-",5.733 
"Cyclopropane, pentyl-",5.733 
"Thiophene, tetrahydro-",5.733 
"Methacrylic acid, ethyl ester",5.774 
Tetrachloroethylene,5.774 
"Thiazole, 2-methyl-",5.816 
"Propanoic acid, 2-hydroxy-, ethyl ester",5.816 
1-Hexanamine,5.857 
"Pyridine, 2-methyl-",5.939 
2-Hydroxy-3-pentanone,6.062 
"1H-Pyrrole, 1-ethyl-",6.062 
"Heptane, 2,4-dimethyl-",6.062 
3-Methyl-2-butene-1-thiol,6.062 
"Pentane, 2,2,3,4-tetramethyl-",6.062 
1-Pentanethiol,6.103 
4-Methylthiazole,6.144 
Methyl valerate,6.144 
Dimethyl Sulfoxide,6.185 
"1,3-Octadiene",6.309 
Octane,6.314 
"3,4-Hexanedione",6.314 
"3-Hexenal, (Z)-",6.314 
Hexanal,6.314 
"Pyrazine, methyl-",6.473 
Furfural,6.555 
"2-Butenoic acid, ethyl ester, (E)-",6.637 
"2,4-Dimethyl-1-heptene",6.679 
Isopropyl isothiocyanate,6.720 
"1-Pentanol, 3-methyl-",6.761 
"2-Pentanone, 4-hydroxy-4-methyl-",6.761 
Isopropyl butyrate,6.925 
"2-Butenoic acid, 3-methyl-, methyl ester",6.925 
"3-Hexanone, 4-methyl-",6.966 
"2-Butenoic acid, 2-methyl-, methyl ester, (Z)-",6.966 
"Ethanol, 2-(methylthio)-",6.966 
4-Hydroxy-3-hexanone,7.090 
"Cyclopentanone, 2-methyl-",7.090 
"1-Pentanol, 4-methyl-",7.090 
"1-Octene, 4-methyl-",7.090 
"Butane, 2-methyl-2-(methylthio)-",7.131 
"Butanoic acid, 2-methyl-, ethyl ester",7.213 
"2-Pentanol, acetate",7.213 
"Hexane, 2,3,4-trimethyl-",7.213 
"Benzene, chloro-",7.213 
Methyl ethyl disulfide,7.254 
2-Hexenal,7.295 
"Oxazole, trimethyl-",7.336 
"3-Hexen-1-ol, (E)-",7.336 
"2-Hexenal, (E)-",7.418 
"Butanoic acid, 3-methyl-, ethyl ester",7.418 
Ethylbenzene,7.459 
3-Hexen-1-ol,7.501 
"3-Hexen-1-ol, (Z)-",7.542 
n-Butyl ether,7.583 
"Heptane, 3,4-dimethyl-",7.583 
2-Furanmethanol,7.624 
"Butanoic acid, 3-hydroxy-, methyl ester",7.624 
"Butanoic acid, 2-methyl-",7.706 
"2-Propenoic acid, butyl ester",7.706 
"2-Hexen-1-ol, (E)-",7.747 
"2-Hexanone, 5-methyl-",7.747 
"Pyridine, 3-methyl-",7.788 
"Butanoic acid, 3-methyl-",7.788 
"Octane, 4-methyl-",7.788 
"Propanoic acid, 2,2-dimethyl-",7.829 
p-Xylene,7.871 
Methyl tiglate,7.912 
"Benzene, 1,3-dimethyl-",7.912 
"Propanoic acid, 2-methylpropyl ester",7.912 
5-Hexen-1-ol,7.994 
"2-Hexen-1-ol, (Z)-",7.994 
1-Hexanol,7.994 
2-Methyl-3-furanthiol,8.076 
"Thiophene, 2-ethyl-",8.117 
4-Heptanone,8.158 
"Butane, 1-(1-ethoxyethoxy)-",8.158 
"Butanethioic acid, S-methyl ester",8.240 
"1-Butanol, 3-methyl-, acetate",8.323 
3-Heptanol,8.364 
"Thiophene, 2,5-dimethyl-",8.405 
"1-Butanol, 2-methyl-, acetate",8.487 
Cyclohexanol,8.487 
"3-Methyl-3-buten-1-ol, acetate",8.528 
"Butanoic acid, 3-hydroxy-3-methyl-, methyl ester",8.569 
"Thiazole, 2,4-dimethyl-",8.610 
"N,N-Dimethylacetamide",8.610 
3-Heptanone,8.775 
2-Cyclohexen-1-ol,8.775 
"Bicyclo[2.2.1]hept-2-ene, 2,3-dimethyl-",8.775 
o-Xylene,8.775 
1H-Pyrazole,8.775 
1-Nonene,8.857 
"Butyric acid, 2-hydroxy-3-methyl-, methyl ester",8.857 
"2,4-Dithiapentane",8.857 
2-Heptanone,8.939 
"Methane, tribromo-",8.980 
2-n-Butyl furan,9.021 
Styrene,9.021 
Cyclohexanone,9.062 
"Butanoic acid, propyl ester",9.145 
4-Heptenal,9.227 
"Propanoic acid, 2-methyl-, butyl ester",9.227 
Heptanal,9.367 
"1,4-Butanediamine",9.367 
Methyl 2-(methylthio)acetate,9.542 
Pentanoic acid,9.542 
"Butanoic acid, 3-methyl-, 1-methylethyl ester",9.542 
"4-Heptenal, (E)-",9.601 
"Pyridine, 2-ethyl-",9.659 
Methyl isopropyl disulphide,9.659 
"Ethanol, 2-butoxy-",9.659 
"Thiazole, 2-ethyl-",9.659 
Methional,9.717 
2-Ethoxyethyl acetate,9.717 
Santolina triene,9.776 
"Propanoic acid, butyl ester",9.776 
"Bicyclo[2.2.1]hept-2-ene, 1,7,7-trimethyl-",9.776 
"Propanoic acid, 2-methyl-, 2-methylpropyl ester",9.892 
"2,4-Hexadienal, (E,E)-",9.951 
"Acetic acid, pentyl ester",9.951 
"Ethanone, 1-(2-furanyl)-",9.951 
2-Furfurylthiol,9.951 
"2-Cyclopenten-1-one, 2-methyl-",10.067 
"Formic acid, hexyl ester",10.125 
Nonane,10.170 
"1,4-Butanediol",10.170 
"Pentanoic acid, ethyl ester",10.170 
"1,3-trans,5-cis-Octatriene",10.170 
"4-Heptenal, (Z)-",10.170 
2-Heptanol,10.170 
Butyrolactone,10.184 
"2,4-Hexadien-1-ol",10.242 
"Pyrazine, 2,5-dimethyl-",10.300 
"Pyrazine, 2,6-dimethyl-",10.300 
"Thiophene, 2-ethenyl-",10.359 
2(5H)-Furanone,10.359 
"2-Buten-1-ol, 3-methyl-, acetate",10.359 
"Butane, 2-isothiocyanato-",10.475 
Anisole,10.475 
"Disulfide, methyl 2-propenyl",10.475 
"3-Hexen-1-ol, formate, (Z)-",10.475 
2-Cyclohexen-1-one,10.475 
"2,5-Hexanedione",10.534 
"Pyrazine, ethyl-",10.534 
2-Methylbut-2-en-1-yl acetate,10.534 
"Benzene, (1-methylethyl)-",10.534 
"Pyridine, 2,5-dimethyl-",10.592 
Dimethyl sulfone,10.592 
"1,6-Octadiene, 5,7-dimethyl-, (R)-",10.592 
1-Hexanethiol,10.592 
"Disulfide, methyl 1-propenyl",10.709 
"2-Butenoic acid, 3-methyl-, ethyl ester",10.709 
"Tricyclo[2.2.1.0(2,6)]heptane, 1,7,7-trimethyl-",10.767 
"Hexanoic acid, methyl ester",10.767 
"Pyrazine, 2,3-dimethyl-",10.825 
Ethyl 3-hydroxy-3-methylbutanoate,10.825 
Cyclooctane,10.884 
Diethyl disulfide,10.884 
"Octane, 2,7-dimethyl-",10.942 
"Pentane, 1-iodo-",10.942 
"Bicyclo[3.1.0]hex-2-ene, 2-methyl-5-(1-methylethyl)-",11.000 
"Disulfide, methyl propyl",11.175 
"Ethanol, 2-(2-methoxyethoxy)-",11.175 
"3-Hexenoic acid, methyl ester",11.234 
"3-Hexenoic acid, methyl ester, (Z)-",11.234 
"Thiazole, 4,5-dimethyl-",11.350 
"2-Heptanone, 3-methyl-",11.467 
alpha-Pinene,11.467 
"(1S)-2,6,6-Trimethylbicyclo[3.1.1]hept-2-ene",11.467 
S-Methyl 3-methylbutanethioate,11.525 
Ethyl tiglate,11.583 
"3-Heptanone, 6-methyl-",11.700 
"2-Pentanone, 4-mercapto-4-methyl-",11.817 
"Butanoic acid, 3-hydroxy-, ethyl ester",11.875 
Ethyl acetoacetate,11.875 
4-Octen-3-one,11.875 
"Butanoic acid, 2-methyl-, propyl ester",11.992 
"Pyrazine, ethenyl-",11.992 
"1,6-Octadiene, 3,7-dimethyl-",11.992 
"Pentanoic acid, 4-methyl-",12.167 
"Bicyclo[2.2.1]heptane, 7,7-dimethyl-2-methylene-",12.225 
"Butane, 1-isothiocyanato-",12.283 
"Ethane, 1,1-bis(methylthio)-",12.342 
Camphene,12.342 
"2(5H)-Furanone, 5,5-dimethyl-",12.342 
"Benzene, propyl-",12.400 
"Octane, 2,3-dimethyl-",12.400 
"2-Butenoic acid, 3-methyl-",12.400 
"1-Hexanol, 4-methyl-",12.400 
"Benzene, 1-ethyl-4-methyl-",12.458 
"2-Hexanone, 4-hydroxy-5-methyl-",12.458 
"Butanoic acid, 2-methylpropyl ester",12.517 
"Hexanal, 2-ethyl-",12.575 
"Bicyclo[3.1.0]hex-2-ene, 4-methylene-1-(1-methylethyl)-",12.575 
"2-Heptanone, 6-methyl-",12.575 
"Benzene, 1-ethyl-3-methyl-",12.633 
"2(3H)-Furanone, dihydro-5-methyl-",12.692 
"2-Heptenal, (E)-",12.692 
"Cyclohexanone, 4-methyl-",12.750 
"Octane, 2,4,6-trimethyl-",12.750 
"Cyclohexanol, 2-methyl-",12.808 
Benzaldehyde,12.925 
"Nonane, 2-methyl-",13.041 
"2-Furancarboxaldehyde, 5-methyl-",13.100 
"2(5H)-Furanone, 5-ethyl-",13.158 
"2-Hexenoic acid, methyl ester, (E)-",13.158 
"Bicyclo[3.1.0]hex-2-ene, 4-methyl-1-(1-methylethyl)-",13.158 
Benzenethiol,13.216 
"Pentanoic acid, 4-methyl-, ethyl ester",13.333 
"1-Butanol, 3-methyl-, propanoate",13.333 
"Butanoic acid, 1-methylbutyl ester",13.391 
1-Heptanol,13.391 
"Benzene, 1-ethyl-2-methyl-",13.391 
3-Mercapto-3-methylbutanol,13.391 
Dimethyl trisulfide,13.391 
5-Methyl-(E)-2-hepten-4-one,13.450 
"2H-Pyran, 2-ethenyltetrahydro-2,6,6-trimethyl-",13.508 
Mesitylene,13.508 
"2-Cyclopenten-1-one, 3-methyl-",13.508 
"Bicyclo[3.1.0]hexane, 4-methylene-1-(1-methylethyl)-",13.625 
4-Octanone,13.741 
alpha-Methylstyrene,13.741 
Aniline,13.800 
"2-Hepten-1-ol, (E)-",13.858 
beta-Pinene,13.916 
1-Octen-3-one,13.916 
Phenol,13.975 
1-Octen-3-ol,13.975 
2-Propylthiazole,14.033 
"1-Propanol, 3-(methylthio)-",14.033 
"Benzene, (methoxymethyl)-",14.208 
Benzonitrile,14.266 
3-Octanone,14.325 
"5-Hepten-2-one, 6-methyl-",14.325 
3-Methylpentyl acetate,14.383 
Ethyl (methylthio)acetate,14.499 
1-Decene,14.499 
2-Octanone,14.558 
Hexanoic acid,14.558 
"Benzene, 1,2,4-trimethyl-",14.558 
"2,3-Dehydro-1,8-cineole",14.616 
"2,6-Dimethyl-2-trans-6-octadiene",14.616 
beta-Myrcene,14.616 
"Furan, 2-pentyl-",14.733 
3-Octanol,14.791 
"5-Hepten-2-ol, 6-methyl-",14.791 
"Butanoic acid, butyl ester",14.849 
"Pentanoic acid, 2-hydroxy-4-methyl-, methyl ester",14.849 
"2-Furanmethanol, acetate",14.849 
"2-Furanmethanethiol, 5-methyl-",14.849 
"Thiazole, 2,4,5-trimethyl-",14.966 
2-Octanol,15.024 
"3,3,6-Trimethyl-1,4-heptadien-6-ol",15.024 
2-Carene,15.208 
cis-2-(2-Pentenyl)furan,15.275 
Octanal,15.342 
"Pyrazine, 2-ethyl-6-methyl-",15.342 
"Cyclohexane, 1-methylene-4-(1-methylethenyl)-",15.410 
"Pyrazine, trimethyl-",15.410 
"Butanoic acid, 2-methyl-, 2-methylpropyl ester",15.410 
Benzofuran,15.410 
"Pyrazine, 2-ethyl-3-methyl-",15.410 
Isobutyl isovalerate,15.477 
"3-Hexen-1-ol, acetate, (E)-",15.477 
"3-Hexen-1-ol, acetate, (Z)-",15.477 
alpha-Phellandrene,15.477 
"Pyrazine, 2-ethyl-5-methyl-",15.477 
"2-Hexen-1-ol, acetate, (Z)-",15.544 
Decane,15.583 
"Hexanoic acid, ethyl ester",15.583 
"Benzene, 1-methoxy-2-methyl-",15.678 
2-Thiophenecarboxaldehyde,15.678 
"2-Propanol, 1-(2-methoxypropoxy)-",15.813 
"Acetic acid, hexyl ester",15.880 
"1-Propanone, 1-(2-furanyl)-",15.880 
"Cyclohexanecarboxylic acid, methyl ester",15.880 
3-Carene,15.880 
"2,4-Heptadienal, (E,E)-",15.947 
"Benzene, 1,2,3-trimethyl-",16.014 
"Cyclohexene, 1-methoxy-",16.081 
"Propanoic acid, 2-methyl-, 3-methylbutyl ester",16.148 
1H-Pyrrole-2-carboxaldehyde,16.148 
"Propanoic acid, 2-methyl-, 2-methylbutyl ester",16.216 
"7-Oxabicyclo[2.2.1]heptane, 1-methyl-4-(1-methylethyl)-",16.216 
"2-Hexen-1-ol, acetate, (E)-",16.216 
"1,3-Cyclohexadiene, 1-methyl-4-(1-methylethyl)-",16.283 
"Benzene, 1-methoxy-3-methyl-",16.484 
"Disulfide, bis(1-methylethyl)",16.551 
"Benzene, 1,4-dichloro-",16.551 
"Benzene, 1-methoxy-4-methyl-",16.551 
"Nonane, 2,5-dimethyl-",16.551 
o-Cymene,16.619 
"Thiazole, 4-methyl-2-(1-methylethyl)-",16.619 
2-Acetylthiazole,16.619 
"Heptanoic acid, methyl ester",16.686 
"Pyridine, 5-ethyl-2-methyl-",16.686 
Acetylpyrazine,16.686 
"Benzene, 1-methyl-3-(1-methylethyl)-",16.686 
3-Mercapto-3-methylbutyl formate (ester),16.686 
p-Cymene,16.820 
3-(Methylthio)propanoic acid methyl ester,16.820 
"Cyclohexene, 1-methyl-4-(1-methylethyl)-",16.820 
Ethyl n-propyl disulfide,16.887 
"1,3-Dithiane",16.954 
Dibutoxymethane,17.021 
"Cyclohexene, 4-methylene-1-(1-methylethyl)-",17.021 
"1-Hexanol, 2-ethyl-",17.156 
"Cyclohexane, butyl-",17.156 
Limonene,17.156 
beta-Phellandrene,17.223 
"Pyrazine, 2-ethenyl-6-methyl-",17.223 
"1,3-Hexadiene, 3-ethyl-2-methyl-",17.223 
"Cyclohexanol, 2,4-dimethyl-",17.290 
"Benzene, 1,3-diethyl-",17.290 
Eucalyptol,17.290 
"3-Octen-2-one, (E)-",17.357 
"2,4-Heptanedione, 6-methyl-",17.357 
"Hexanoic acid, 1-methylethyl ester",17.424 
"2-Cyclopenten-1-one, 2-hydroxy-3-methyl-",17.424 
"Ethanone, 1-(2-pyridinyl)-",17.492 
Benzyl alcohol,17.559 
"Cyclohexanone, 2,2,6-trimethyl-",17.559 
beta-Ocimene,17.626 
"3,5-Octadien-2-ol",17.693 
"1,3,6-Octatriene, 3,7-dimethyl-, (Z)-",17.693 
2-Acetyl-5-methylfuran,17.760 
"2-Butenoic acid, 2-methyl-, propyl ester, (E)-",17.760 
3-Octen-2-one,17.827 
Indene,17.895 
2-Decyne,17.895 
"Benzene, 1,4-diethyl-",17.895 
"L-Isoleucine, methyl ester",17.962 
"Acetic acid, cyclohexyl ester",18.029 
"1,2-Cyclopentanedione, 3-methyl-",18.029 
"Hexanoic acid, 2-ethyl-, methyl ester",18.029 
Butyl 2-methylbutanoate,18.029 
"Thiazole, 5-ethenyl-4-methyl-",18.029 
"2(3H)-Furanone, 5-ethenyldihydro-5-methyl-",18.029 
"3-Cyclohexen-1-one, 3,5,5-trimethyl-",18.096 
"Pentanoic acid, 2-methylpropyl ester",18.096 
"2-Propenoic acid, 2-methyl-, 3-methylbutyl ester",18.096 
"Benzene, 1,2-diethyl-",18.163 
"2-Heptanol, acetate",18.163 
Benzeneacetaldehyde,18.163 
"7-Octen-4-one, 2,6-dimethyl-",18.298 
"Furan, tetrahydro-2,2-dimethyl-5-(1-methyl-1-propenyl)-",18.298 
"1,3,7-Octatriene, 3,7-dimethyl-",18.298 
"Benzaldehyde, 2-hydroxy-",18.298 
"Butanoic acid, 3-methyl-, butyl ester",18.298 
trans-beta-Ocimene,18.432 
"Hexanoic acid, 3-hydroxy-, methyl ester",18.432 
"5-Heptenal, 2,6-dimethyl-",18.633 
"Phenol, 2-methyl-",18.768 
"3(2H)-Furanone, 4-hydroxy-5-methyl-",18.768 
"Benzene, n-butyl-",18.768 
"Ethane, 1,1'-[methylenebis(thio)]bis-",18.835 
"Butanoic acid, 2-methylbutyl ester",18.902 
"Butanoic acid, 3-methylbutyl ester",18.902 
"Propanoic acid, 2-methyl-, pentyl ester",18.902 
"3(2H)-Furanone, 4-methoxy-2,5-dimethyl-",18.969 
"Decane, 5-methyl-",18.969 
"2(3H)-Furanone, 5-ethyldihydro-",18.969 
"Benzene, 1-ethyl-3,5-dimethyl-",19.036 
"Decane, 4-methyl-",19.171 
gamma-Terpinene,19.171 
"2-Octenal, (E)-",19.171 
"2-Acetyl-1,4,5,6-tetrahydropyridine",19.238 
"Benzenemethanol, alpha-methyl-",19.238 
"1,5-Heptadien-4-one, 3,3,6-trimethyl-",19.305 
"Benzaldehyde, 2-methyl-",19.439 
"Ethanone, 1-(1H-pyrrol-2-yl)-",19.439 
"7-Octen-2-ol, 2,6-dimethyl-",19.439 
Acetophenone,19.506 
"3-Octen-1-ol, (E)-",19.574 
"Aniline, N-methyl-",19.574 
"2-Octen-1-ol, (E)-",19.641 
"2-Octen-1-ol, (Z)-",19.641 
"Acetic acid, phenyl ester",19.641 
Diethyl malonate,19.775 
"2-Butenoic acid, 2-methyl-, 2-methyl-2-propenyl ester, (Z)-",19.775 
Furaneol,19.842 
"Bicyclo[3.1.0]hexan-2-ol, 2-methyl-5-(1-methylethyl)-, (1alpha,2beta,5alpha)-",19.842 
"Bicyclo[3.1.0]hexan-2-ol, 2-methyl-5-(1-methylethyl)-, (1alpha,2alpha,5alpha)-",19.842 
"Benzaldehyde, 3-methyl-",19.842 
1-Octanol,19.909 
"3,5-Octadien-2-one, (E,E)-",20.044 
"Benzene, 2-ethyl-1,4-dimethyl-",20.111 
"2-Furanmethanol, 5-ethenyltetrahydro-alpha,alpha,5-trimethyl-, cis-",20.111 
"5-Octen-1-ol, (Z)-",20.111 
"Phenol, 3-methyl-",20.178 
5-Isopropyl-2-methylbicyclo[3.1.0]hexan-2-ol #,20.178 
"Cyclohexene, 4-methyl-1-(1-methylethenyl)-",20.178 
p-Cresol,20.312 
"Butanoic acid, pentyl ester",20.312 
Heptanoic acid,20.379 
"Thiazole, 5-ethyl-2,4-dimethyl-",20.379 
"Benzaldehyde, 4-methyl-",20.447 
"Formic acid, phenylmethyl ester",20.514 
"4-Undecene, (E)-",20.581 
Diallyl disulphide,20.581 
"Pyrazine, 3-ethyl-2,5-dimethyl-",20.648 
"Bicyclo[2.2.1]heptan-2-one, 3,3-dimethyl-",20.715 
"Pyrazine, 2-ethyl-3,5-dimethyl-",20.782 
2-Methyl-6-methyleneoct-7-en-4-one,20.782 
"Pyrazine, 2,6-diethyl-",20.782 
"1,5-Heptadien-4-ol, 3,3,6-trimethyl-",20.782 
"Benzene, (2-methoxyethyl)-",20.917 
trans-Linalool oxide (furanoid),20.917 
"Cyclohexene, 3-methyl-6-(1-methylethylidene)-",20.917 
"Ethane, 1,1-bis(ethylthio)-",20.984 
"Cyclohexene, 1-methyl-4-(1-methylethylidene)-",21.051 
4-Nonanol,21.051 
"2,3-Diethylpyrazine",21.051 
"Pyrazine, tetramethyl-",21.118 
"Phenol, 2-methoxy-",21.185 
"Benzenemethanol, alpha,alpha-dimethyl-",21.185 
3-Nonanone,21.185 
Bicyclo[7.1.0]decane,21.185 
"2,3-Dimethyl-5-ethylpyrazine",21.185 
"Benzene, 1-methyl-4-(1-methylethenyl)-",21.185 
"3,5-Octadien-2-one",21.253 
1-Undecene,21.253 
"Pyrazine, 2,5-diethyl-",21.253 
2-Nonanone,21.320 
2-Furancarboxylic acid,21.320 
"Ethanone, 1-(2-thienyl)-",21.320 
"Hexane, 1,1-diethoxy-",21.320 
3-Methyl-2-(2-methyl-2-butenyl)-furan,21.387 
"Benzeneacetaldehyde, alpha-methyl-",21.454 
"Benzoic acid, methyl ester",21.454 
"Hexanoic acid, propyl ester",21.454 
"Butane, 1,1'-[ethylidenebis(oxy)]bis-",21.454 
"1,7-Octadien-3-ol, 2,6-dimethyl-",21.521 
"3-Oxatricyclo[4.1.1.0(2,4)]octane, 2,7,7-trimethyl-",21.521 
Fenchone,21.588 
"2-Furanmethanol, propanoate",21.588 
"Pyrazine, 2-methoxy-3-(1-methylethyl)-",21.656 
"2-Undecene, (E)-",21.656 
"7-Octen-4-ol, 2-methyl-6-methylene-, (S)-",21.656 
"Heptanoic acid, ethyl ester",21.656 
3-(Methylthio)propanoic acid ethyl ester,21.723 
"Pentanoic acid, butyl ester",21.723 
Linalool,21.790 
"Furan, 3-(4-methyl-3-pentenyl)-",21.926 
"6-Nonenal, (Z)-",21.926 
"2-Cyclohexen-1-one, 4,4-dimethyl-",21.926 
"(Z,Z)-3,6-Nonadienal",21.962 
Undecane,21.962 
"3-Hexen-1-ol, propanoate, (Z)-",21.962 
"2-Undecene, (Z)-",21.996 
2-Nonanol,21.996 
Thujone,22.065 
Nonanal,22.134 
"Butanoic acid, 3-methyl-, 3-methylbutyl ester",22.134 
"Decane, 2,6,8-trimethyl-",22.134 
"Butanoic acid, 2-methyl-, 2-methylbutyl ester",22.203 
3-Cyclohexene-1-methanol,22.273 
"Ethanone, 1-(4,5-dihydro-2-thiazolyl)-",22.273 
"6-Methyl-3,5-heptadiene-2-one",22.342 
"Disulfide, dipropyl",22.342 
"1,5,7-Octatrien-3-ol, 3,7-dimethyl-",22.342 
"Propanoic acid, hexyl ester",22.411 
"2H-Pyran-3(4H)-one, 6-ethenyldihydro-2,2,6-trimethyl-",22.411 
"Phenol, 2,6-dimethyl-",22.411 
"Pentanoic acid, 3-methylbutyl ester",22.411 
"2H-Pyran, tetrahydro-4-methyl-2-(2-methyl-1-propenyl)-",22.550 
"2(5H)-Furanone, 3-hydroxy-4,5-dimethyl-",22.550 
Benzyl methyl ketone,22.550 
Maltol,22.550 
"6-Octen-1-yn-3-ol, 3,7-dimethyl-",22.550 
"2-Hexen-1-ol, propanoate, (E)-",22.619 
"p-Mentha-1,5,8-triene",22.619 
1-Octen-3-yl-acetate,22.619 
"2-Butenoic acid, 2-methyl-, 2-methyl-2-propenyl ester, (E)-",22.688 
Fenchol,22.757 
"Acetic acid, heptyl ester",22.757 
"Bicyclo[3.1.0]hexan-3-one, 4-methyl-1-(1-methylethyl)-, [1S-(1alpha,4beta,5alpha)]-",22.827 
"Formic acid, octyl ester",22.827 
"2,4-Octadienal, (E,E)-",22.896 
Phenylethyl Alcohol,22.965 
"Benzene, 1,2,4,5-tetramethyl-",22.965 
"Benzene, 1,3-diethenyl-",22.965 
"Butanoic acid, 3-methyl-, 3-methyl-3-butenyl ester",22.965 
"(E)-4,8-Dimethylnona-1,3,7-triene",22.965 
"1,2,4-Trithiolane",23.034 
"Bicyclo[3.1.0]hex-3-en-2-one, 5-(1-methylethyl)-",23.034 
"7-Octen-2-ol, 2-methyl-6-methylene-",23.034 
"1,7-Octadien-3-one, 2-methyl-6-methylene-",23.034 
"4-Octenoic acid, methyl ester",23.104 
5-Methyl-2-thiophenecarboxaldehyde,23.104 
"1,3,8-p-Menthatriene",23.173 
"1,2-Dihydrolinalool",23.242 
Ethyl n-butyl disulphide,23.242 
trans-Rose oxide,23.311 
3-Methyl-2-thiophenecarboxaldehyde,23.311 
"2,4,6-Octatriene, 3,4-dimethyl-",23.311 
"2-Cyclohexen-1-ol, 1-methyl-4-(1-methylethyl)-, cis-",23.381 
"Hexanoic acid, 2-ethyl-",23.450 
"Bicyclo[3.1.1]hept-2-en-6-one, 2,7,7-trimethyl-",23.450 
"3-Octanol, acetate",23.450 
"2-Cyclohexen-1-ol, 1-methyl-4-(1-methylethenyl)-, trans-",23.450 
Isophorone,23.519 
"Decane, 3,7-dimethyl-",23.589 
"Octanoic acid, methyl ester",23.658 
3-Mercaptohexanol,23.866 
"Acetic acid, 2-ethylhexyl ester",23.866 
"2,6-Dimethyl-1,3,5,7-octatetraene, E,E-",24.004 
"2,4,6-Octatriene, 2,6-dimethyl-",24.004 
"2,4,6-Octatriene, 2,6-dimethyl-, (E,Z)-",24.004 
"7-Oxabicyclo[4.1.0]heptane, 1-methyl-4-(1-methylethenyl)-",24.143 
"Limonene oxide, cis-",24.212 
n-Butyl tiglate,24.212 
2-Isobutyl-3-methylpyrazine,24.212 
"Pentanedioic acid, dimethyl ester",24.281 
"Cyclohexanecarboxylic acid, ethyl ester",24.350 
"3-Cyclohexen-1-ol, 1-methyl-4-(1-methylethyl)-",24.420 
4-Acetyl-1-methylcyclohexene,24.420 
"Bicyclo[3.1.1]heptan-2-one, 6,6-dimethyl-",24.420 
"Limonene oxide, trans-",24.489 
"Bicyclo[3.1.1]heptan-3-ol, 6,6-dimethyl-2-methylene-",24.489 
(+)-(E)-Limonene oxide,24.558 
"Bicyclo[3.1.1]heptan-3-ol, 6,6-dimethyl-2-methylene-, [1S-(1alpha,3alpha,5alpha)]-",24.558 
"Phenol, 2-ethyl-",24.558 
"Bicyclo[3.1.1]heptan-2-one, 6,6-dimethyl-, (1R)-",24.558 
Methyl nicotinate,24.558 
Verbenol,24.627 
"2-Cyclohexen-1-ol, 1-methyl-4-(1-methylethyl)-, trans-",24.627 
"Decane, 4-ethyl-",24.697 
"Bicyclo[2.2.1]heptan-2-one, 1,7,7-trimethyl-, (1S)-",24.766 
"Bicyclo[3.1.1]hept-3-en-2-ol, 4,6,6-trimethyl-, [1S-(1alpha,2beta,5alpha)]-",24.766 
"Butanoic acid, 2-methyl-, pentyl ester",24.766 
Geijerene,24.835 
"Bicyclo[3.1.0]hexan-3-ol, 4-methylene-1-(1-methylethyl)-, [1S-(1alpha,3beta,5alpha)]-",24.835 
"Disulfide, methyl (methylthio)methyl",24.835 
"2,6,6-Trimethyl-2-cyclohexene-1,4-dione",24.904 
Benzyl nitrile,24.904 
(+)-2-Bornanone,24.904 
cis-3-Hexenyl iso-butyrate,24.974 
"Benzene, 1,2,3,4-tetramethyl-",24.974 
"2-Methyl-6-methyleneocta-2,7-dien-4-one",24.974 
Lilac aldehyde A,24.974 
"Trisulfide, diethyl",24.974 
Camphor,24.974 
"2,7-Octadien-4-ol, 2-methyl-6-methylene-, (S)-",25.112 
"Benzene, 1,2-dimethoxy-",25.181 
"1,2,4-Trithiolane, 3,5-dimethyl-",25.181 
"2-Nonenal, (Z)-",25.181 
"Bicyclo[2.2.1]heptan-2-ol, 2,3,3-trimethyl-",25.181 
"5H-5-Methyl-6,7-dihydrocyclopentapyrazine",25.251 
"Hexanoic acid, 2-methylpropyl ester",25.251 
"Propanoic acid, 2-methyl-, hexyl ester",25.320 
"Phenol, 2,4-dimethyl-",25.320 
"2,7-Octadien-4-ol, 2-methyl-6-methylene-",25.320 
"Propanoic acid, 3-(methylthio)-",25.320 
"4H-Pyran-4-one, 2,3-dihydro-3,5-dihydroxy-6-methyl-",25.389 
"2,6-Nonadienal, (E,E)-",25.459 
"Cyclohexanol, 1-methyl-4-(1-methylethenyl)-",25.528 
Citronellal,25.528 
"2H-Pyran, 3,6-dihydro-4-methyl-2-(2-methyl-1-propenyl)-",25.528 
"Cyclohexanone, 5-methyl-2-(1-methylethyl)-, trans-",25.597 
"3-Cyclohexene-1-carboxaldehyde, 1,3,4-trimethyl-",25.597 
Lilac aldehyde B,25.597 
"Benzoic acid, 2-methyl-, methyl ester",25.597 
"2,6-Nonadienal, (E,Z)-",25.666 
Cyclooctyl alcohol,25.666 
"Benzene, 1-ethenyl-4-methoxy-",25.736 
"3,6-Nonadien-1-ol, (E,Z)-",25.736 
"Bicyclo[3.1.0]hexan-2-one, 5-(1-methylethyl)-",25.736 
"Spiro[bicyclo[3.1.1]heptane-2,2'-oxirane], 6,6-dimethyl-",25.736 
"3-Nonen-1-ol, (Z)-",25.736 
cis-Ocimenol,25.805 
Isoborneol,25.805 
"Pyrazine, 2,3-diethyl-5-methyl-",25.874 
"2(3H)-Furanone, dihydro-5-propyl-",25.943 
Albene,25.943 
"Benzenemethanethiol, alpha-methyl-",26.013 
"Bicyclo[3.1.1]heptan-3-one, 2,6,6-trimethyl-, (1alpha,2alpha,5alpha)-",26.013 
2-Nonenal,26.082 
cis-Chrysanthenol,26.151 
Benzenepropanal,26.151 
"2-Nonenal, (E)-",26.151 
"Ethanone, 1-(2-hydroxyphenyl)-",26.220 
"Ethanethioic acid, S-(2-furanylmethyl) ester",26.220 
"p-Mentha-1(7),2-dien-8-ol",26.220 
"2,3,5-Trimethyl-6-ethylpyrazine",26.220 
"Acetic acid, phenylmethyl ester",26.290 
Pinocarvone,26.290 
"Undecane, 2-methyl-",26.290 
"Cyclohexanone, 5-methyl-2-(1-methylethyl)-, cis-",26.290 
"Benzofuran, 4,5,6,7-tetrahydro-3,6-dimethyl-",26.359 
"Benzene, 1,3-dimethoxy-",26.428 
"Bicyclo[2.2.1]heptan-2-ol, 1,7,7-trimethyl-, (1S-endo)-",26.428 
"Cyclohexanemethanol, alpha,alpha-dimethyl-4-methylene-",26.428 
endo-Borneol,26.497 
"p-Mentha-1,5-dien-8-ol",26.497 
"2,6-Nonadien-1-ol",26.497 
"Thiophene, 2-pentyl-",26.497 
"Benzene, 1,4-dimethoxy-",26.567 
"Bicyclo[3.1.0]hexan-3-ol, 4-methyl-1-(1-methylethyl)-",26.567 
"Phenol, 4-ethyl-",26.636 
Lilac aldehyde D,26.636 
"trans,cis-2,6-Nonadien-1-ol",26.636 
"Cyclohexanol, 5-methyl-2-(1-methylethyl)-",26.636 
trans-Ocimenol,26.636 
"Phenol, 3-ethyl-",26.636 
"4-Hexen-1-ol, 5-methyl-2-(1-methylethenyl)-",26.705 
"Undecane, 3-methyl-",26.705 
"4-Hexen-1-ol, 5-methyl-2-(1-methylethenyl)-, (R)-",26.705 
Benzoic acid,26.705 
"Phenol, 3,5-dimethyl-",26.774 
(6Z)-Nonen-1-ol,26.774 
"Benzoic acid, ethyl ester",26.774 
"Bicyclo[3.1.0]hex-3-en-2-one, 4-methyl-1-(1-methylethyl)-",26.774 
1-Nonanol,26.913 
"(3R,6S)-2,2,6-Trimethyl-6-vinyltetrahydro-2H-pyran-3-ol",26.913 
"Bicyclo[3.1.1]heptan-3-one, 2,6,6-trimethyl-, (1alpha,2beta,5alpha)-",26.913 
"(3E,5Z)-1,3,5-Undecatriene",26.982 
dl-Menthol,26.982 
Levomenthol,27.052 
"Pyrazine, 2-methoxy-3-(1-methylpropyl)-",27.052 
"1,2-Propanedione, 1-phenyl-",27.052 
"2-Nonen-1-ol, (E)-",27.121 
"1-Propanone, 1-phenyl-",27.121 
"2-((3,3-Dimethyloxiran-2-yl)methyl)-3-methylfuran",27.121 
"1,3,5,8-Undecatetraene",27.190 
Terpinen-4-ol,27.190 
"2H-Pyran-3-ol, 6-ethenyltetrahydro-2,2,6-trimethyl-",27.259 
"Formic acid, 2-phenylethyl ester",27.259 
"Benzeneacetic acid, methyl ester",27.259 
Isopinocarveol,27.398 
"Phenol, 2,3-dimethyl-",27.398 
"Benzaldehyde, 4-ethyl-",27.398 
Octanoic acid,27.398 
"(E,E)-1,3,5-Undecatriene",27.467 
"Butanedioic acid, diethyl ester",27.536 
"3-Cyclohexen-1-ol, 4-methyl-1-(1-methylethyl)-, (R)-",27.536 
"Cyclohexanol, 5-methyl-2-(1-methylethyl)-, (1alpha,2beta,5beta)-",27.536 
"(3Z,5E)-1,3,5-Undecatriene",27.536 
Naphthalene,27.536 
"Ethanone, 1-(4-methylphenyl)-",27.606 
"Pyrazine, 2-methoxy-3-(2-methylpropyl)-",27.606 
"1,4-Cyclohexanedione, 2,2,6-trimethyl-",27.606 
"Benzenemethanol, alpha,alpha,4-trimethyl-",27.606 
"3,6-Octadienal, 3,7-dimethyl-",27.675 
"2-Cyclohexene-1-methanol, 2,6,6-trimethyl-",27.675 
"2-Octenoic acid, methyl ester, (E)-",27.675 
"2-Cyclohexen-1-one, 4-(1-methylethyl)-",27.675 
1-(2-Thienyl)-1-propanone,27.744 
"Butanoic acid, 3-hexenyl ester, (E)-",27.744 
m-Ethylacetophenone,27.813 
Dill ether,27.813 
"Butanoic acid, 3-hexenyl ester, (Z)-",27.883 
"4-Octenoic acid, ethyl ester, (Z)-",27.883 
"1H-Pyrrole, 1-(2-furanylmethyl)-",27.883 
3-Decanone,27.883 
Benzo[b]thiophene,27.952 
"Cyclohexanol, 5-methyl-2-(1-methylethyl)-, (1alpha,2alpha,5alpha)-",27.952 
"Bicyclo[3.1.1]heptane-2-carboxaldehyde, 6,6-dimethyl-",27.952 
alpha-Terpineol,28.021 
"Hexanoic acid, butyl ester",28.021 
"3,7-Octadiene-2,6-diol, 2,6-dimethyl-",28.090 
1-Dodecene,28.090 
L-alpha-Terpineol,28.090 
"2-Butenoic acid, 2-methyl-, pentyl ester, (Z)-",28.090 
"(E)-2,6-Dimethylocta-3,7-diene-2,6-diol",28.160 
"Cyclohexanol, 2-methyl-5-(1-methylethenyl)-, (1alpha,2beta,5alpha)-",28.229 
"3-Vinyl-1,2-dithiacyclohex-5-ene",28.229 
Methyl salicylate,28.229 
"Butanoic acid, hexyl ester",28.229 
cis-4-Decenal,28.298 
2-Decanone,28.298 
Creosol,28.298 
"Bicyclo[3.1.1]hept-2-ene-2-carboxaldehyde, 6,6-dimethyl-",28.298 
"Phenol, 3,4-dimethyl-",28.298 
"Benzenemethanol, alpha-methyl-, acetate",28.367 
"Bicyclo[3.1.1]hept-2-ene-2-methanol, 6,6-dimethyl-",28.437 
"3-Octen-1-ol, acetate, (Z)-",28.437 
"Cyclohexanol, 2-methyl-5-(1-methylethenyl)-",28.437 
"2-Cyclohexen-1-ol, 3-methyl-6-(1-methylethyl)-, cis-",28.437 
"Butanoic acid, 2-hexenyl ester, (E)-",28.437 
"Carbonotrithioic acid, dimethyl ester",28.506 
"Octanoic acid, ethyl ester",28.506 
"Benzaldehyde, 3-methoxy-",28.506 
"2(5H)-Furanone, 5-ethyl-3-hydroxy-4-methyl-",28.506 
"4H-Pyran-4-one, 3,5-dihydroxy-2-methyl-",28.506 
Estragole,28.506 
"Cyclohexanol, 1-methyl-4-(1-methylethylidene)-",28.575 
"4-Decenal, (E)-",28.644 
(Z)-(E)-2-Methylbut-2-en-1-yl 2-methylbut-2-enoate,28.644 
2-Decanol,28.724 
Dodecane,28.724 
"1,3-Cyclohexadiene-1-carboxaldehyde, 2,6,6-trimethyl-",28.851 
"3-Octenoic acid, ethyl ester",28.987 
"Bicyclo[3.1.1]hept-3-en-2-one, 4,6,6-trimethyl-, (1S)-",29.055 
"Bicyclo[3.1.1]hept-3-en-2-one, 4,6,6-trimethyl-",29.123 
Decanal,29.191 
Catechol,29.328 
"2-Cyclohexen-1-ol, 3-methyl-6-(1-methylethyl)-, trans-",29.328 
4-Undecanone,29.328 
"Undecane, 2,4-dimethyl-",29.328 
"Undecane, 2,6-dimethyl-",29.464 
Lilac alcohol A,29.532 
"Benzene, 1-methyl-4-nitro-",29.600 
"Nerol, methyl ether",29.600 
(-)-Myrtenol,29.668 
"2,4-Nonadienal",29.668 
"1,6-Octadien-3-ol, 3,7-dimethyl-, formate",29.804 
"Benzoic acid, 1-methylethyl ester",29.940 
trans-Carveol,29.940 
Lilac alcohol C,30.077 
Lilac alcohol B,30.077 
Carveol,30.077 
"1-Cyclohexene-1-carboxaldehyde, 2,6,6-trimethyl-",30.145 
"1,2-Benzisothiazole",30.213 
"Ethanone, 1-(2,4-dimethylphenyl)-",30.213 
"Formamide, N-phenyl-",30.213 
"Benzaldehyde, 2-methoxy-",30.281 
Fenchyl acetate,30.349 
exo-2-Hydroxycineole,30.417 
"2,6-Octadiene, 1-methoxy-3,7-dimethyl-, (E)-",30.485 
"3-Decen-1-ol, (Z)-",30.485 
"Nonanoic acid, methyl ester",30.485 
"Ethanol, 2-phenoxy-",30.485 
"Bicyclo[2.2.1]heptan-2-ol, 1,7,7-trimethyl-, formate, endo-",30.553 
"Furan, 2-[(methyldithio)methyl]-",30.553 
"Furan, 3-phenyl-",30.553 
Citronellol,30.689 
"2-Oxabicyclo[2.2.2]octan-6-ol, 1,3,3-trimethyl-",30.689 
"2,6-Octadien-1-ol, 3,7-dimethyl-, (Z)-",30.689 
D-Verbenone,30.689 
"3-Cyclohexene-1-acetaldehyde, alpha,4-dimethyl-",30.757 
Benzothiazole,30.757 
"2-Cyclohexen-1-ol, 2-methyl-5-(1-methylethenyl)-, cis-",30.757 
"(Z)-2,6-Dimethylocta-2,5,7-trien-4-one",30.893 
Lilac alcohol D,30.962 
"2-Butanone, 4-phenyl-",30.962 
3-Phenylpropanol,30.962 
Isobornyl formate,30.962 
"3,4-Dimethoxytoluene",31.030 
5-Hydroxymethylfurfural,31.030 
"Tetrasulfide, dimethyl",31.098 
cis-3-Hexenyl-alpha-methylbutyrate,31.098 
"Benzene, 2-methoxy-4-methyl-1-(1-methylethyl)-",31.166 
"Butanoic acid, 2-methyl-, hexyl ester",31.234 
6-Undecanone,31.302 
"2-Nonanol, acetate",31.302 
Pulegone,31.302 
"Octane, 1-iodo-",31.370 
cis-3-Hexenyl isovalerate,31.370 
"(E)-2,6-Dimethylocta-2,5,7-trien-4-one",31.438 
"Benzaldehyde, 4-(1-methylethyl)-",31.438 
Neral,31.506 
"3,6-Octadien-1-ol, 3,7-dimethyl-, (Z)-",31.506 
Carvone,31.642 
"Hexanedioic acid, dimethyl ester",31.710 
"2,4-Cycloheptadien-1-one, 2,6,6-trimethyl-",31.710 
"2-Hexenoic acid, butyl ester, (E)-",31.710 
Ascaridole,31.779 
"Butanoic acid, 3-methyl-, hexyl ester",31.779 
"Benzene, 2-methoxy-1-methyl-4-(1-methylethyl)-",31.779 
"2-Butanone, 3-phenyl-",31.779 
D-Carvone,31.915 
"Benzeneacetic acid, ethyl ester",31.915 
"2-Cyclohexen-1-one, 2-methyl-5-(1-methylethyl)-, (S)-",31.915 
Edulan II,31.983 
"Hexanoic acid, 2-methylbutyl ester",31.983 
Mequinol,32.051 
3-Mercaptohexyl acetate,32.051 
"Phenol, 4-methyl-2-nitro-",32.187 
"Benzaldehyde, 4-methoxy-",32.255 
"Benzene, 1,4-dimethoxy-2-methyl-",32.255 
"Dodecane, 6-methyl-",32.255 
Isopentyl hexanoate,32.323 
"2-Decenal, (Z)-",32.323 
"2-Cyclohexen-1-one, 3-methyl-6-(1-methylethyl)-",32.391 
"Benzoic acid, 2-propenyl ester",32.459 
"2,6-Dimethoxytoluene",32.459 
"Benzene, 1-methoxy-4-(1-propenyl)-, (Z)-",32.459 
Geraniol,32.527 
"Phenol, 4-(2-propenyl)-",32.527 
"Cyclohexane, isothiocyanato-",32.595 
"7-Oxabicyclo[4.1.0]heptan-2-one, 6-methyl-3-(1-methylethyl)-",32.595 
(Z)-4-Decen-1-ol,32.664 
"2-Decen-1-ol, (E)-",32.664 
Carvenone,32.664 
Linalyl acetate,32.664 
"Acetic acid, 2-phenylethyl ester",32.732 
"p-Menth-8-en-3-ol, acetate",32.800 
5-(Furan-3-yl)-2-methylpent-1-en-3-one,32.800 
"6-Octenoic acid, 3,7-dimethyl-, methyl ester",32.936 
"2(3H)-Furanone, 5-butyldihydro-",32.936 
Benzeneacetic acid,33.004 
"Propanoic acid, phenylmethyl ester",33.004 
"2-Decenal, (E)-",33.072 
"Carvone oxide, cis-",33.072 
"Hexane, 1,1'-oxybis-",33.140 
"Benzoic acid, 2-hydroxy-, ethyl ester",33.481 
"2,6-Octadienal, 3,7-dimethyl-, (E)-",33.549 
"Cinnamaldehyde, (E)-",33.549 
"2-Cyclohexen-1-one, 3-methyl-6-(1-methylethenyl)-",33.685 
"1-Cyclohexene-1-carboxaldehyde, 4-(1-methylethenyl)-",33.685 
1-Decanol,33.753 
Nonanoic acid,33.753 
"1,7-Octadiene-3,6-diol, 2,6-dimethyl-",33.753 
"3,5-Dimethoxytoluene",33.821 
"2-Propenal, 3-phenyl-",33.821 
"1H-Indole, 1-methyl-",33.889 
"6-Octen-1-ol, 3,7-dimethyl-, formate",33.957 
"1-Cyclohexene-1-carboxaldehyde, 4-(1-methylethyl)-",33.957 
Citral,33.957 
"Ethanone, 1-(4-ethylphenyl)-",34.025 
"1-Octanol, 2-butyl-",34.025 
"Thiophene, 2-hexyl-",34.025 
"Benzenepropanoic acid, methyl ester",34.161 
"Benzeneacetaldehyde, alpha-ethylidene-",34.161 
"2,6-Octadienoic acid, 3,7-dimethyl-, methyl ester, (Z)-",34.229 
"Phenol, 4-ethyl-2-methoxy-",34.366 
3-Methoxybenzyl alcohol,34.366 
"4-Isopropylcyclohexa-1,3-dienecarbaldehyde",34.434 
3-Undecanone,34.434 
"3-Cyclohexene-1-methanethiol, alpha,alpha,4-trimethyl-",34.434 
"2,6-Octadien-1-ol, 3,7-dimethyl-, formate, (Z)-",34.434 
"Bicyclo[2.2.1]heptan-2-ol, 1,7,7-trimethyl-, acetate, (1S-endo)-",34.502 
Anethole,34.502 
"Hexanoic acid, 3-methyl-2-butenyl ester",34.502 
Bornyl acetate,34.570 
Isopulegol acetate,34.570 
"Tricyclo[2.2.1.0(2,6)]heptane-3-methanol, 2,3-dimethyl-",34.638 
Isobornyl acetate,34.638 
n-Propyl benzoate,34.638 
Safrole,34.706 
"Hexanoic acid, pentyl ester",34.706 
"Benzenemethanol, 2-methyl-, acetate",34.706 
"5-Thiazoleethanol, 4-methyl-",34.774 
10-Undecenal,34.774 
"2H-Pyran-2-one, tetrahydro-6-propyl-",34.774 
trans-3-Methyl-4-octanolide,34.774 
"1,4-p-Menthadien-7-al",34.774 
p-Cymen-7-ol,34.842 
"4-Hexen-1-ol, 5-methyl-2-(1-methylethenyl)-, acetate, (R)-",34.842 
"Benzenemethanol, 4-methoxy-",34.910 
Thymol,34.978 
1-Tridecene,35.046 
"Acetic acid, non-3-enyl ester, cis-",35.046 
2-Undecanone,35.183 
"Cyclohexanol, 5-methyl-2-(1-methylethyl)-, acetate",35.183 
"7-Oxabicyclo[4.1.0]heptane, 1-methyl-4-(2-methyloxiranyl)-",35.183 
Indole,35.251 
"2,4-Decadienal, (E,Z)-",35.251 
"3-Cyclohexene-1-ethanol, beta,4-dimethyl-",35.251 
"p-Mentha-1,8-dien-7-ol",35.319 
"Nonanoic acid, ethyl ester",35.319 
"Butanoic acid, heptyl ester",35.319 
"2-Tridecene, (E)-",35.387 
Geranyl formate,35.451 
Tridecane,35.451 
Hexyl n-valerate,35.455 
"Phenol, 2-methyl-5-(1-methylethyl)-",35.523 
"2(3H)-Furanone, 5-acetyldihydro-",35.523 
"p-Menthane-3,8-diol, cis-1,3,trans-1,4-",35.656 
4-Terpinenyl acetate,35.656 
Methyl cis-cinnamate,35.722 
"2(3H)-Furanone, 5-butyldihydro-4-methyl-",35.722 
"1-Oxaspiro[4.5]dec-6-ene, 2,6,10,10-tetramethyl-",35.722 
"2-Tridecene, (Z)-",35.722 
"Benzene, (2-nitroethyl)-",35.852 
"Quinoxaline, 2-methyl-",35.852 
"Propanoic acid, 2-methyl-, phenylmethyl ester",35.917 
Dihydrocarvyl acetate,35.983 
Undecanal,36.048 
2-Undecanol,36.048 
6-Tridecene,36.048 
"1,2-Ethanediol, 1-phenyl-",36.113 
"Acetic acid, nonyl ester",36.113 
"Ethanone, 1-(2-aminophenyl)-",36.113 
"2-Propen-1-ol, 3-phenyl-, (E)-",36.244 
"2-Propen-1-ol, 3-phenyl-",36.374 
"1,2,3-Trimethoxybenzene",36.440 
"2H-1-Benzopyran, 3,5,6,8a-tetrahydro-2,5,5,8a-tetramethyl-, trans-",36.505 
"6-Octenoic acid, 3,7-dimethyl-",36.505 
"2,4-Decadienal, (E,E)-",36.701 
"2,4-Decadienal",36.701 
2-Methoxy-4-vinylphenol,36.701 
"2,4,6-Trimethyl-1,3-phenylenediamine",36.766 
Azulene,36.832 
"Benzoic acid, 2-methylpropyl ester",36.962 
"2,6-Octadienoic acid, 3,7-dimethyl-, methyl ester",37.093 
trans-Geranic acid methyl ester,37.158 
"Decanoic acid, methyl ester",37.223 
"1-Oxaspiro[2.5]oct-5-ene, 8,8-dimethyl-4-methylene-",37.223 
"Dodecane, 4,6-dimethyl-",37.223 
Myrtenyl acetate,37.354 
"Trisulfide, dipropyl",37.419 
Hexyl tiglate,37.550 
Piperonal,37.550 
Cyclododecane,37.550 
"1,4-Cyclohexadiene-1-methanol, 4-(1-methylethyl)-",37.550 
"3-Buten-2-one, 4-phenyl-, (E)-",37.550 
"Butanoic acid, 2-methyl-, heptyl ester",37.746 
"2-Cyclohexen-1-ol, 2-methyl-5-(1-methylethenyl)-, acetate",37.941 
"1,6-Octadien-3-ol, 3,7-dimethyl-, propanoate",37.941 
"Phenol, 5-ethenyl-2-methoxy-",38.007 
"Cyclohexene, 4-ethenyl-4-methyl-3-(1-methylethenyl)-1-(1-methylethyl)-, (3R-trans)-",38.072 
"Benzene, 1,3,5-trichloro-2-methoxy-",38.072 
"2(3H)-Furanone, 5-butyldihydro-4-methyl-, cis-",38.203 
"2-Cyclohexen-1-one, 3-methyl-6-(1-methylethylidene)-",38.203 
"Phenol, 2,3,5,6-tetramethyl-",38.203 
"Benzoic acid, 2-methoxy-, methyl ester",38.333 
Methyl anthranilate,38.398 
"Butanoic acid, phenylmethyl ester",38.529 
"Propanoic acid, 2-methyl-, octyl ester",38.594 
4-Acetylanisole,38.725 
n-Caprylic acid isobutyl ester,38.725 
alpha-Terpinyl acetate,38.856 
alpha-Cubebene,38.921 
"1,2,4-Trithiolane, 3,5-diethyl-",38.986 
"Benzenepropanoic acid, ethyl ester",39.051 
"Tricyclo[5.4.0.0(2,8)]undec-9-ene, 2,6,6,9-tetramethyl-, (1R,2S,7R,8R)-",39.051 
"Naphthalene, 1,2-dihydro-1,1,6-trimethyl-",39.117 
"6-Octen-1-ol, 3,7-dimethyl-, acetate",39.117 
"Phenol, 2,6-dimethoxy-",39.182 
Geranic acid,39.182 
(+)-Diethyl L-tartrate,39.182 
"1,3,5-Trithiane, 2,4,6-trimethyl-",39.247 
Eugenol,39.313 
Hydrocinnamic acid,39.443 
"Tridecane, 4-methyl-",39.443 
"Pyridine, 3-(1-methyl-2-pyrrolidinyl)-, (S)-",39.574 
"2,7-Octadiene-1,6-diol, 2,6-dimethyl-",39.574 
"2(3H)-Furanone, dihydro-5-pentyl-",39.704 
"2,6-Octadien-1-ol, 3,7-dimethyl-, acetate, (Z)-",39.770 
"Benzene, (isothiocyanatomethyl)-",39.770 
"2-Undecenal, E-",39.835 
"Undecanal, 2-methyl-",39.835 
2-Undecenal,39.965 
"1,2,4-Metheno-1H-indene, octahydro-1,7a-dimethyl-5-(1-methylethyl)-, [1S-(1alpha,2alpha,3abeta,4alpha,5alpha,7abeta,8S*)]-",40.031 
"Benzene, 1-methoxy-2-nitro-",40.031 
"2(1H)-Naphthalenone, octahydro-8a-methyl-, trans-",40.031 
1-Undecanol,40.227 
Ylangene,40.292 
Hexanedioic acid,40.292 
"1,2,4-Trimethoxybenzene",40.292 
"Phenol, 2-methoxy-4-propyl-",40.357 
"Benzoic acid, 4-methoxy-, methyl ester",40.357 
n-Decanoic acid,40.357 
"3-Phenyl-1-propanol, acetate",40.357 
Ethyl (Z)-cinnamate,40.422 
"1,2,4-Methenoazulene, decahydro-1,5,5,8a-tetramethyl-, [1S-(1alpha,2alpha,3abeta,4alpha,8abeta,9R*)]-",40.422 
Linalyl isobutyrate,40.422 
2-(4-Methoxyphenyl)ethanol,40.422 
Copaene,40.553 
Butyl benzoate,40.553 
"4-Tetradecene, (Z)-",40.684 
"1,2-Cyclohexanediol, 1-methyl-4-(1-methylethyl)-",40.684 
"Thiophene, 2-heptyl-",40.749 
"2-Propenoic acid, 3-phenyl-, methyl ester, (E)-",40.749 
"2-Propenoic acid, 3-phenyl-, methyl ester",40.814 
"Hexanoic acid, 3-hexenyl ester, (Z)-",40.814 
"4,7-Methanoazulene, 1,2,3,4,5,6,7,8-octahydro-1,4,9,9-tetramethyl-, [1S-(1alpha,4alpha,7alpha)]-",40.879 
Geranyl acetate,40.945 
"Benzeneacetaldehyde, alpha-(2-methylpropylidene)-",41.010 
"Hexanoic acid, hexyl ester",41.075 
(-)-beta-Bourbonene,41.075 
Isobornyl propionate,41.206 
"2-Buten-1-one, 1-(2,6,6-trimethyl-1,3-cyclohexadien-1-yl)-, (E)-",41.206 
"Hexanoic acid, 3-hexenyl ester",41.206 
"2,4-Decadienoic acid, methyl ester, (E,Z)-",41.206 
"4-Decenoic acid, 3-methyl-, (E)-",41.337 
"1H-Cyclopenta[1,3]cyclopropa[1,2]benzene, octahydro-7-methyl-3-methylene-4-(1-methylethyl)-, [3aS-(3aalpha,3bbeta,4beta,7alpha,7aS*)]-",41.402 
cis-3-Hexenyl cis-3-hexenoate,41.402 
Butyl caprylate,41.402 
"2H-2,4a-Methanonaphthalene, 1,3,4,5,6,7-hexahydro-1,1,5,5-tetramethyl-, (2S)-",41.467 
"Indole, 3-methyl-",41.532 
"Cyclohexane, 1-ethenyl-1-methyl-2,4-bis(1-methylethenyl)-, [1S-(1alpha,2beta,4beta)]-",41.532 
"Hexanoic acid, 2-hexenyl ester, (E)-",41.532 
"Butanoic acid, 2-methyl-, phenylmethyl ester",41.598 
1-Tetradecene,41.598 
"Benzene, 1,3,5-trimethoxy-",41.598 
"Butanoic acid, octyl ester",41.663 
"Benzeneacetic acid, 2-methylpropyl ester",41.663 
"2-Cyclopenten-1-one, 3-methyl-2-(2-pentenyl)-, (Z)-",41.728 
"(1R,3aR,4aR,8aR)-1,4,4,6-Tetramethyl-1,2,3,3a,4,4a,7,8-octahydrocyclopenta[1,4]cyclobuta[1,2]benzene",41.794 
"Butanoic acid, 3-methyl-, phenylmethyl ester",41.794 
"1,4-Methano-1H-indene, octahydro-4-methyl-8-methylene-7-(1-methylethyl)-, [1S-(1alpha,3abeta,4alpha,7alpha,7abeta)]-",41.859 
"Decanoic acid, ethyl ester",41.859 
2-Dodecanone,41.859 
"Propanoic acid, 2-methyl-, 2-phenylethyl ester",41.859 
"Pentanoic acid, phenylmethyl ester",41.859 
Tetradecane,41.919 
Di-epi-alpha-cedrene,41.919 
cis-Dodec-5-enal,41.924 
"1H-Cyclopropa[a]naphthalene, 1a,2,3,3a,4,5,6,7b-octahydro-1,1,3a,7-tetramethyl-, [1aR-(1aalpha,3aalpha,7balpha)]-",41.989 
9-Decen-1-yl acetate,42.055 
"3H-3a,7-Methanoazulene, 2,4,5,6,7,8-hexahydro-1,4,9,9-tetramethyl-, [3aR-(3aalpha,4beta,7alpha)]-",42.055 
"Propanoic acid, nonyl ester",42.181 
"Naphthalene, 2,6-dimethyl-",42.181 
Benzeneacetamide,42.243 
"(1R,5R)-2-Methyl-5-((R)-6-methylhept-5-en-2-yl)bicyclo[3.1.0]hex-2-ene",42.243 
Methyleugenol,42.243 
"(1R,3aS,4aS,8aS)-1,4,4,6-Tetramethyl-1,2,3,3a,4,4a,7,8-octahydrocyclopenta[1,4]cyclobuta[1,2]benzene",42.304 
Diphenyl ether,42.365 
Vanillin,42.365 
delta-Nonalactone,42.365 
Longifolene,42.426 
"Bicyclo[7.2.0]undec-4-ene, 4,11,11-trimethyl-8-methylene-,[1R-(1R*,4Z,9S*)]-",42.488 
"2-Butanone, 4-(2,6,6-trimethyl-2-cyclohexen-1-yl)-",42.488 
"Benzenemethanol, alpha-ethyl-4-methoxy-",42.488 
"Benzene, 1,2,3-trimethoxy-5-methyl-",42.549 
"Phenol, 2-methoxy-4-(1-propenyl)-, (Z)-",42.610 
"Benzoic acid, 2-(methylamino)-, methyl ester",42.610 
"Acetic acid, decyl ester",42.610 
Dodecanal,42.671 
"1H-Cycloprop[e]azulene, 1a,2,3,4,4a,5,6,7b-octahydro-1,1,4,7-tetramethyl-, [1aR-(1aalpha,4alpha,4abeta,7balpha)]-",42.671 
"1H-3a,7-Methanoazulene, 2,3,4,7,8,8a-hexahydro-3,6,8,8-tetramethyl-, [3R-(3alpha,3abeta,7beta,8aalpha)]-",42.794 
"Benzoic acid, 2-methoxy-, ethyl ester",42.855 
"Benzoic acid, 2-amino-, ethyl ester",42.916 
"1,5-Dimethyl-1-vinyl-4-hexenyl butyrate",43.223 
Caryophyllene,43.284 
"Tricyclo[2.2.1.0(2,6)]heptane, 1,7-dimethyl-7-(4-methyl-3-pentenyl)-, (-)-",43.345 
"1H-3a,7-Methanoazulene, octahydro-3,8,8-trimethyl-6-methylene-, [3R-(3alpha,3abeta,7beta,8aalpha)]-",43.406 
"Benzenemethanol, 4-methoxy-, acetate",43.590 
Ionone,43.713 
alpha-Ionone,43.713 
"10-Undecenoic acid, methyl ester",43.774 
"Undecanoic acid, methyl ester",43.835 
"3-Buten-2-ol, 4-(2,6,6-trimethyl-1-cyclohexen-1-yl)-",43.835 
cis-Thujopsene,43.897 
"4a(2H)-Naphthalenol, octahydro-4,8a-dimethyl-,(4alpha,4aalpha,8abeta)-",44.019 
"(1R,2S,6S,7S,8S)-8-Isopropyl-1-methyl-3-methylenetricyclo[4.4.0.02,7]decane-rel-",44.080 
"1H-Cyclopropa[a]naphthalene, 1a,2,3,5,6,7,7a,7b-octahydro-1,1,7,7a-tetramethyl-, [1aR-(1aalpha,7alpha,7aalpha,7balpha)]-",44.080 
"2-Butanone, 4-(2,6,6-trimethyl-1-cyclohexen-1-yl)-",44.142 
"2-Undecanol, acetate",44.142 
gamma-Elemene,44.203 
"5,9-Undecadien-2-one, 6,10-dimethyl-, (Z)-",44.264 
"Bicyclo[3.1.1]hept-2-ene, 2,6-dimethyl-6-(4-methyl-3-pentenyl)-",44.264 
"2-Propenoic acid, 3-phenyl-",44.264 
"p-Mentha-1,8-dien-7-yl acetate",44.325 
"(3aR,4R,8R,8aS)-3a,4,7,8a-Tetramethyl-1,2,3,3a,4,5,8,8a-octahydro-4,8-methanoazulene",44.325 
Erucin,44.387 
alpha-Guaiene,44.509 
"1-Butanol, 3-methyl-, benzoate",44.509 
Aromandendrene,44.570 
beta-Humulene,44.570 
"3a,7-Methano-3aH-cyclopentacyclooctene, 1,4,5,6,7,8,9,9a-octahydro-1,1,7-trimethyl-, [3aR-(3aalpha,7alpha,9abeta)]-",44.570 
Coumarin,44.632 
"Benzeneethanol, 4-hydroxy-",44.815 
cis-beta-Farnesene,44.815 
"6-Octen-1-ol, 3,7-dimethyl-, propanoate",44.877 
Benzyl angelate,44.938 
beta-Phenylethyl butyrate,44.999 
"Octanedioic acid, dimethyl ester",45.060 
"Bicyclo[2.2.1]heptane, 2-methyl-3-methylene-2-(4-methyl-3-pentenyl)-, (1S-endo)-",45.060 
"2,6-Dodecadien-1-al",45.122 
"1H-Benzocycloheptene, 2,4a,5,6,7,8,9,9a-octahydro-3,5,5-trimethyl-9-methylene-, (4aS-cis)-",45.122 
"Phenol, 2-methoxy-4-(1-propenyl)-",45.183 
trans-Cinnamic acid,45.244 
"Benzoic acid, pentyl ester",45.306 
"1-Cyclohexene-1-propanol, alpha,2,6,6-tetramethyl-",45.306 
"2H-Pyran-2-one, 6-pentyl-",45.367 
(-)-Aristolene,45.367 
"5,9-Undecadien-2-one, 6,10-dimethyl-, (E)-",45.367 
"Benzoic acid, 4-methoxy-, ethyl ester",45.367 
Humulene,45.428 
Dimethyl phthalate,45.428 
trans-Isoeugenol,45.428 
"Acetophenone, 4'-hydroxy-",45.489 
"2,6-Octadien-1-ol, 3,7-dimethyl-, propanoate, (Z)-",45.489 
"Benzene, 1,2-dimethoxy-4-propenyl-, (Z)-",45.551 
"5,9-Undecadien-2-one, 6,10-dimethyl-",45.551 
(E)-beta-Famesene,45.612 
"1(2H)-Naphthalenone, 3,4-dihydro-",45.673 
"5,9-Undecadien-2-ol, 6,10-dimethyl-",45.734 
"Ethanone, 1,1'-(1,4-phenylene)bis-",45.857 
Alloaromadendrene,45.857 
"Cyclohexane, 1-(1,5-dimethylhexyl)-4-methyl-",45.857 
"Cyclohexene, 6-ethenyl-6-methyl-1-(1-methylethyl)-3-(1-methylethylidene)-, (S)-",45.918 
"Bicyclo[2.2.1]heptane, 2-methyl-3-methylene-2-(4-methyl-3-pentenyl)-, (1S-exo)-",45.918 
cis-7-Dodecen-1-ol,45.979 
"Tetradecane, 2-methyl-",45.979 
Methylparaben,45.979 
"2-Propenoic acid, 3-phenyl-, ethyl ester, (E)-",45.979 
"2-Propenoic acid, 3-phenyl-, ethyl ester",46.041 
2-Dodecenal,46.102 
"Benzene, (2-isothiocyanatoethyl)-",46.102 
"2-Dodecenal, (E)-",46.286 
Pentyl octanoate,46.408 
"2(3H)-Furanone, 5-hexyldihydro-",46.408 
2-Dodecen-1-ol,46.531 
1-Dodecanol,46.592 
"Azulene, 1,2,3,3a,4,5,6,7-octahydro-1,4-dimethyl-7-(1-methylethenyl)-, [1R-(1alpha,3abeta,4alpha,7beta)]-",46.592 
"3-Buten-2-one, 4-(2,2,6-trimethyl-7-oxabicyclo[4.1.0]hept-1-yl)-",46.592 
"7,8-Epoxy-alpha-ionone",46.653 
Undecanoic acid,46.715 
Geranyl propionate,46.715 
"(1R,4S,5S)-1,8-Dimethyl-4-(prop-1-en-2-yl)spiro[4.5]dec-7-ene",46.715 
"Spiro[5.5]undec-2-ene, 3,7,7-trimethyl-11-methylene-, (-)-",46.776 
gamma-Muurolene,46.837 
"Naphthalene, decahydro-4a-methyl-1-methylene-7-(1-methylethylidene)-, (4aR-trans)-",46.960 
"2,4-Decadienoic acid, ethyl ester, (E,Z)-",46.960 
Thymyl isobutyrate,47.021 
"1-Methyl-4-(6-methylhept-5-en-2-yl)cyclohexa-1,3-diene",47.021 
Germacrene D,47.082 
"(1R,4aS,8aR)-1-Isopropyl-4,7-dimethyl-1,2,4a,5,6,8a-hexahydronaphthalene",47.143 
"Benzene, 1-(1,5-dimethyl-4-hexenyl)-4-methyl-",47.205 
Citronellyl isobutyrate,47.205 
Undecylenic acid,47.266 
Bornyl isovalerate,47.266 
"2,4,5,7-Tetrathiaoctane",47.266 
"4-(2,6,6-Trimethylcyclohexa-1,3-dienyl)but-3-en-2-one",47.327 
5-Methyl-2-phenyl-2-hexenal,47.388 
"Naphthalene, decahydro-4a-methyl-1-methylene-7-(1-methylethenyl)-, [4aR-(4aalpha,7alpha,8abeta)]-",47.388 
trans-beta-Ionone,47.388 
Aristolochene,47.450 
"Formamide, N-(2-phenylethyl)-",47.450 
"Propanoic acid, 2-methyl-, 3,7-dimethyl-2,6-octadienyl ester, (Z)-",47.450 
"Butanoic acid, 2-methyl-, 2-phenylethyl ester",47.511 
Bicyclosesquiphellandrene,47.572 
Apocynin,47.572 
"Butanoic acid, 3-methyl-, 2-phenylethyl ester",47.633 
"Acetic acid, phenyl-, isopentyl ester",47.633 
beta-Guaiene,47.633 
"1,3,6,10-Dodecatetraene, 3,7,11-trimethyl-, (Z,E)-",47.695 
1-Pentadecene,47.756 
"Benzene, 1,2-dimethoxy-4-(1-propenyl)-",47.756 
"Naphthalene, 1,2,3,5,6,7,8,8a-octahydro-1,8a-dimethyl-7-(1-methylethenyl)-, [1R-(1alpha,7beta,8aalpha)]-",47.756 
"1H-Cycloprop[e]azulene, 1a,2,3,5,6,7,7a,7b-octahydro-1,1,4,7-tetramethyl-, [1aR-(1aalpha,7alpha,7abeta,7balpha)]-",47.817 
"Undecanoic acid, ethyl ester",47.878 
"Naphthalene, 1,2,3,4,4a,5,6,8a-octahydro-4a,8-dimethyl-2-(1-methylethenyl)-, [2R-(2alpha,4aalpha,8abeta)]-",47.878 
"(1S,2E,6E,10R)-3,7,11,11-Tetramethylbicyclo[8.1.0]undeca-2,6-diene",47.940 
"1,3-Cyclohexadiene, 5-(1,5-dimethyl-4-hexenyl)-2-methyl-, [S-(R*,S*)]-",47.940 
"Benzaldehyde, 3,4-dimethoxy-",47.940 
"2H-Pyran-2-one, tetrahydro-6-pentyl-",48.001 
Pentadecane,48.045 
"1H-Benzocycloheptene, 2,4a,5,6,7,8-hexahydro-3,5,5,9-tetramethyl-, (R)-",48.045 
"Benzene, 1,2-dimethoxy-4-(1-propenyl)-, (E)-",48.045 
"(E,Z)-alpha-Farnesene",48.062 
2-Tridecanone,48.062 
3-Tridecanone,48.123 
Benzyl tiglate,48.123 
Bicyclogermacrene,48.185 
alpha-Muurolene,48.185 
"Propanoic acid, decyl ester",48.303 
"(Z,Z)-alpha-Farnesene",48.303 
cis-alpha-Bisabolene,48.475 
"Benzene, 1-methyl-4-(1,2,2-trimethylcyclopentyl)-, (R)-",48.532 
"Azulene, 1,2,3,5,6,7,8,8a-octahydro-1,4-dimethyl-7-(1-methylethenyl)-, [1S-(1alpha,7alpha,8abeta)]-",48.532 
o-Hydroxybiphenyl,48.647 
"Naphthalene, decahydro-1,6-dimethyl-4-(1-methylethyl)-",48.704 
alpha-Farnesene,48.704 
beta-Bisabolene,48.761 
alpha-Cuprenene,48.761 
"Phenol, 4-(ethoxymethyl)-2-methoxy-",48.818 
"Pentanoic acid, 1-ethenyl-1,5-dimethyl-4-hexenyl ester",48.818 
2-Tridecanol,48.818 
Tridecanal,48.933 
"Cyclohexene, 4-[(1E)-1,5-dimethyl-1,4-hexadien-1-yl]-1-methyl-",48.933 
"Naphthalene, 1,2,3,4,4a,5,6,8a-octahydro-7-methyl-4-methylene-1-(1-methylethyl)-, (1alpha,4abeta,8aalpha)-",48.990 
Butylated Hydroxytoluene,48.990 
"1-Undecanol, acetate",48.990 
Dibenzofuran,49.047 
(Z)-1-Methyl-4-(6-methylhept-5-en-2-ylidene)cyclohex-1-ene,49.105 
"(3S,3aR,3bR,4S,7R,7aR)-4-Isopropyl-3,7-dimethyloctahydro-1H-cyclopenta[1,3]cyclopropa[1,2]benzen-3-ol",49.105 
Sesquicineole,49.162 
"(2S,4aR,8aR)-4a,8-Dimethyl-2-(prop-1-en-2-yl)-1,2,3,4,4a,5,6,8a-octahydronaphthalene",49.219 
"Naphthalene, 1,2,4a,5,8,8a-hexahydro-4,7-dimethyl-1-(1-methylethyl)-, [1S-(1alpha,4abeta,8aalpha)]-",49.276 
"2H-Pyran-2-one, tetrahydro-6-(2-pentenyl)-, (Z)-",49.276 
"2,4-Di-tert-butylphenol",49.334 
"1,3-Benzodioxole, 4-methoxy-6-(2-propenyl)-",49.334 
"Benzoic acid, 4-hydroxy-3-methoxy-, methyl ester",49.505 
"Naphthalene, 1,2,3,4-tetrahydro-1,6-dimethyl-4-(1-methylethyl)-, (1S-cis)-",49.563 
"Phenol, 2-methoxy-4-(2-propenyl)-, acetate",49.620 
"2,4-Dodecadienal, (E,E)-",49.620 
"Cyclohexene, 3-(1,5-dimethyl-4-hexenyl)-6-methylene-, [S-(R*,S*)]-",49.620 
"Naphthalene, 1,2,3,5,6,8a-hexahydro-4,7-dimethyl-1-(1-methylethyl)-, (1S-cis)-",49.620 
"Dodecanoic acid, methyl ester",49.734 
(-)-alpha-Panasinsen,49.791 
Citronellyl butyrate,49.963 
"2(4H)-Benzofuranone, 5,6,7,7a-tetrahydro-4,4,7a-trimethyl-, (R)-",50.078 
Cubenene,50.078 
Homovanillyl alcohol,50.192 
"3,5,9-Undecatrien-2-one, 6,10-dimethyl-, (E,Z)-",50.249 
Mandelamide,50.307 
"2-Propanone, 1-(4-hydroxy-3-methoxyphenyl)-",50.307 
Isoamyl salicylate,50.421 
"Naphthalene, 1,2,4a,5,6,8a-hexahydro-4,7-dimethyl-1-(1-methylethyl)-, [1S-(1alpha,4abeta,8aalpha)]-",50.421 
"2(4H)-Benzofuranone, 5,6,7,7a-tetrahydro-4,4,7a-trimethyl-",50.421 
"Tetradecane, 2,6,10-trimethyl-",50.478 
"Furan, 3,3'-dithiobis[2-methyl-",50.536 
alpha-Calacorene,50.650 
Berteroin,50.765 
Nerolidol,50.765 
n-Capric acid isobutyl ester,50.879 
"Pentadecane, 6-methyl-",50.936 
"Hexanoic acid, phenylmethyl ester",50.936 
"Cyclohexanemethanol, 4-ethenyl-alpha,alpha,4-trimethyl-3-(1-methylethenyl)-, [1R-(1alpha,3alpha,4beta)]-",51.051 
"Benzene, 1,2,3-trimethoxy-5-(2-propenyl)-",51.337 
"1,5-Cyclodecadiene, 1,5-dimethyl-8-(1-methylethylidene)-, (E,E)-",51.509 
"1-Propanone, 1-(4-hydroxy-3-methoxyphenyl)-",51.680 
"2-Butanone, 4-(4-hydroxyphenyl)-",51.680 
"Butanoic acid, 3,7-dimethyl-2,6-octadienyl ester, (E)-",51.795 
"Phenol, 4-ethenyl-2,6-dimethoxy-",51.852 
"1,6,10-Dodecatrien-3-ol, 3,7,11-trimethyl-, (E)-",51.909 
"Benzoic acid, 2-(formylamino)-, methyl ester",51.909 
"1,6,10-Dodecatrien-3-ol, 3,7,11-trimethyl-",51.909 
Ledol,51.967 
"Bicyclo[3.1.0]hexan-2-one, 1,5-bis(1,1-dimethylethyl)-3,3-dimethyl-",51.967 
"4,8-Methanoazulen-9-ol, decahydro-2,2,4,8-tetramethyl-, stereoisomer",52.024 
4-Methoxycinnamaldehyde,52.024 
"4aH-Cycloprop[e]azulen-4a-ol, decahydro-1,1,4,7-tetramethyl-, [1aR-(1aalpha,4beta,4abeta,7alpha,7abeta,7balpha)]-",52.138 
Dodecanoic acid,52.138 
"2-Tridecen-1-ol, (E)-",52.253 
"3-Hexen-1-ol, benzoate, (Z)-",52.253 
"2-Tridecenal, (E)-",52.310 
"(2E,4S,7E)-4-Isopropyl-1,7-dimethylcyclodeca-2,7-dienol",52.482 
"Furan, 3-(4,8-dimethyl-3,7-nonadienyl)-, (E)-",52.482 
"2(3H)-Furanone, 5-heptyldihydro-",52.596 
"Butanoic acid, 2-methyl-, 3,7-dimethyl-2,6-octadienyl ester, (Z)-",52.596 
"1H-Cycloprop[e]azulen-7-ol, decahydro-1,1,7-trimethyl-4-methylene-, [1ar-(1aalpha,4aalpha,7beta,7abeta,7balpha)]-",52.596 
(-)-Spathulenol,52.653 
"(3E,7E)-4,8,12-Trimethyltrideca-1,3,7,11-tetraene",52.653 
n-Tridecan-1-ol,52.653 
"Benzoic acid, 4-hydroxy-3-methoxy-, ethyl ester",52.768 
(-)-Globulol,52.825 
"Benzoic acid, hexyl ester",52.825 
Caryophyllene oxide,52.882 
"Octanoic acid, hexyl ester",52.882 
trans-Sesquisabinene hydrate,52.882 
"Butanoic acid, 3-phenyl-2-propenyl ester",52.940 
"Benzoic acid, 2-hydroxy-, pentyl ester",52.997 
"(1aR,4S,4aR,7R,7aS,7bS)-1,1,4,7-Tetramethyldecahydro-1H-cyclopropa[e]azulen-4-ol",53.111 
3-Hexen-1-ol benzoate,53.111 
2-Phenylethyl tiglate,53.340 
"3,5,9-Undecatrien-2-one, 6,10-dimethyl-, (E,E)-",53.340 
Butyl caprate,53.398 
"1H-Cycloprop[e]azulen-4-ol, decahydro-1,1,4,7-tetramethyl-, [1aR-(1aalpha,4beta,4abeta,7alpha,7abeta,7balpha)]-",53.455 
Cetene,53.512 
Carotol,53.627 
Diethyl Phthalate,53.627 
"Dodecanoic acid, ethyl ester",53.684 
Guaiol,53.741 
Hexadecane,53.796 
2-Tetradecanone,53.798 
Cedrol,53.856 
Humulene epoxide I,54.185 
"(1R,3E,7E,11R)-1,5,5,8-Tetramethyl-12-oxabicyclo[9.1.0]dodeca-3,7-diene",54.293 
beta-Oplopenone,54.293 
Geranyl isovalerate,54.293 
2-(Methylmercapto)benzothiazole,54.346 
Lauryl acetate,54.346 
"Phenol, 2,6-dimethoxy-4-(2-propenyl)-",54.400 
"1H-3a,7-Methanoazulen-5-ol, octahydro-3,8,8-trimethyl-6-methylene-",54.508 
Tetradecanal,54.669 
"Benzaldehyde, 3,4,5-trimethoxy-",54.776 
"(1R,4R)-1-methyl-4-(6-Methylhept-5-en-2-yl)cyclohex-2-enol",54.830 
3-Hydroxy-beta-damascone,54.938 
"Dodecanoic acid, 1-methylethyl ester",54.938 
10-epi-gamma-Eudesmol,54.991 
"1,3-Benzodioxole, 4,5-dimethoxy-6-(2-propenyl)-",55.153 
Citronellyl valerate,55.314 
"4a(2H)-Naphthalenol, 1,3,4,5,6,8a-hexahydro-4,7-dimethyl-1-(1-methylethyl)-, (1S,4R,4aS,8aR)-",55.422 
beta-Asarone,55.475 
"2-Naphthalenemethanol, 1,2,3,4,4a,5,6,7-octahydro-alpha,alpha,4a,8-tetramethyl-, (2R-cis)-",55.637 
Benzophenone,55.852 
p-Coumaric acid,55.852 
Methyl jasmonate,56.013 
tau-Cadinol,56.120 
Cubenol,56.228 
tau-Muurolol,56.228 
"1-Naphthalenol, 1,2,3,4,4a,7,8,8a-octahydro-1,6-dimethyl-4-(1-methylethyl)-, [1R-(1alpha,4beta,4abeta,8abeta)]-",56.389 
Isoelemicin,56.389 
"Pentadecanoic acid, 3-methylbutyl ester",56.443 
"2-Cyclohexen-1-one, 4-(3-hydroxy-1-butenyl)-3,5,5-trimethyl-",56.497 
"2-Butanone, 4-(4-hydroxy-3-methoxyphenyl)-",56.550 
Longiverbenone,56.604 
"2-Naphthalenemethanol, decahydro-alpha,alpha,4a-trimethyl-8-methylene-, [2R-(2alpha,4aalpha,8abeta)]-",56.604 
"Hexanoic acid, 2-phenylethyl ester",56.658 
"Benzenepropanol, 4-hydroxy-3-methoxy-",56.712 
alpha-Cadinol,56.819 
"2-Naphthalenemethanol, 1,2,3,4,4a,5,6,8a-octahydro-alpha,alpha,4a,8-tetramethyl-, [2R-(2alpha,4aalpha,8abeta)]-",56.819 
"Benzene, 1,2,3-trimethoxy-5-(1-propenyl)-, (E)-",56.873 
"1,4-Dimethyl-7-(prop-1-en-2-yl)decahydroazulen-4-ol",56.927 
"2-Furanmethanol, tetrahydro-alpha,alpha,5-trimethyl-5-(4-methyl-3-cyclohexen-1-yl)-, [2S-[2alpha,5beta(R*)]]-",56.927 
"Benzoic acid, cyclohexyl ester",57.034 
"Pentanoic acid, 3,7-dimethyl-2,6-octadienyl ester, (E)-",57.142 
cis-7-Tetradecen-1-ol,57.196 
"2-Cyclohexen-1-one, 2,4,4-trimethyl-3-(3-oxo-1-butenyl)-",57.249 
"2-((2R,8R,8aS)-8,8a-Dimethyl-1,2,3,4,6,7,8,8a-octahydronaphthalen-2-yl)propan-2-ol",57.249 
"2(3H)-Furanone, dihydro-5-(2-octenyl)-, (Z)-",57.249 
"Benzaldehyde, 4-hydroxy-3,5-dimethoxy-",57.357 
Tridecanoic acid,57.518 
"5-Azulenemethanol, 1,2,3,3a,4,5,6,7-octahydro-alpha,alpha,3,8-tetramethyl-, [3S-(3alpha,3abeta,5alpha)]-",57.572 
"3-Cyclohexen-1-ol, 1-(1,5-dimethyl-4-hexenyl)-4-methyl-",57.787 
Azelaic acid,57.841 
Cyclotetradecane,57.894 
"Naphthalene, 1,6-dimethyl-4-(1-methylethyl)-",57.948 
1-Tetradecanol,58.056 
gamma-Dodecalactone,58.163 
"2-Propenoic acid, 3-(4-methoxyphenyl)-, methyl ester",58.271 
alpha-Santalol,58.325 
n-Hexyl salicylate,58.432 
alpha-Bisabolol,58.486 
"Decanoic acid, pentyl ester",58.540 
Nerolidyl acetate,58.647 
"3-Buten-2-one, 4-(4-hydroxy-2,2,6-trimethyl-7-oxabicyclo[4.1.0]hept-1-yl)-",58.808 
"Bergamotol, Z-alpha-trans-",58.863 
Heptadecane,58.863 
1-Heptadecene,58.916 
"1-Naphthalenol, decahydro-1,4a-dimethyl-7-(1-methylethylidene)-, [1R-(1alpha,4abeta,8aalpha)]-",58.916 
"3,7-Cyclodecadien-1-one, 3,7-dimethyl-10-(1-methylethylidene)-, (E,E)-",58.970 
"Hexanedioic acid, bis(2-methylpropyl) ester",59.077 
"2,6,11-Dodecatrienal, 2,6-dimethyl-10-methylene-",59.077 
"6,10-Dodecadien-1-ol, 3,7,11-trimethyl-",59.131 
"2,6,10-Dodecatrien-1-ol, 3,7,11-trimethyl-, (Z,E)-",59.185 
2-Pentadecanone,59.238 
Geranyl tiglate,59.434 
"2-Cyclohexen-1-one, 4-(3-hydroxybutyl)-3,5,5-trimethyl-",59.831 
"2,6,10-Dodecatrien-1-ol, 3,7,11-trimethyl-",59.919 
Pentadecanal-,60.008 
beta-Santalol,60.008 
delta-Dodecalactone,60.184 
"Phenol, 4-(3-hydroxy-1-propenyl)-2-methoxy-",60.228 
"2H-1-Benzopyran-2-one, 7-methoxy-",60.272 
"Hexanoic acid, 3,7-dimethyl-6-octenyl ester",60.272 
trans-Farnesol,60.316 
Methyl tetradecanoate,60.448 
"2,6,10-Dodecatrienal, 3,7,11-trimethyl-, (Z,E)-",60.537 
"1-((1S,3aR,4R,7S,7aS)-4-Hydroxy-7-isopropyl-4-methyloctahydro-1H-inden-1-yl)ethanone",60.669 
"Hexanoic acid, 3,7-dimethyl-2,6-octadienyl ester, (Z)-",60.757 
"2,6,10-Dodecatrienal, 3,7,11-trimethyl-, (E,E)-",60.890 
"Heptanoic acid, 2-phenylethyl ester",61.110 
"2H-Pyran-3-ol, tetrahydro-2,2,6-trimethyl-6-(4-methyl-3-cyclohexen-1-yl)-, [3S-[3alpha,6alpha(R*)]]-",61.331 
"2,6,9,11-Dodecatetraenal, 2,6,10-trimethyl-, (E,E,E)-",61.639 
"Hexanoic acid, 3,7-dimethyl-2,6-octadienyl ester, (E)-",61.771 
Benzyl Benzoate,62.080 
"1H-3a,7-Methanoazulen-6-ol, octahydro-3,6,8,8-tetramethyl-, acetate, [3R-(3alpha,3abeta,6alpha,7beta,8aalpha)]-",62.080 
"9-Tetradecen-1-ol, acetate, (Z)-",62.090 
Octadecane,62.090 
"Heptadecane, 2-methyl-",62.213 
"2-Propenoic acid, 3-(4-methoxyphenyl)-, methyl ester, (E)-",62.345 
Tetradecanoic acid,62.345 
n-Pentadecanol,62.786 
"Octanoic acid, octyl ester",62.830 
cis-9-Hexadecenal,62.874 
n-Butyl laurate,63.139 
"Benzoic acid, octyl ester",63.403 
1-Octadecene,63.447 
"Tetradecanoic acid, ethyl ester",63.491 
"Benzenesulfonamide, N-butyl-",63.580 
Nootkatone,63.842 
1-Tetradecyl acetate,63.864 
Hexadecanal,63.939 
"Pentadecanoic acid, methyl ester",63.972 
Isopropyl myristate,64.047 
Caffeine,64.134 
Neophytadiene,64.155 
"2,6,10-Dodecatrien-1-ol, 3,7,11-trimethyl-, acetate, (E,E)-",64.220 
"2-Pentadecanone, 6,10,14-trimethyl-",64.231 
"Cyclopentadecanone, 2-hydroxy-",64.252 
"Benzoic acid, 2-phenylethyl ester",64.360 
"9-Hexadecen-1-ol, (Z)-",64.436 
Pentadecanoic acid,64.479 
Hexobarbital,64.490 
"Benzoic acid, 2-hydroxy-, phenylmethyl ester",64.501 
"1,2-Benzenedicarboxylic acid, bis(2-methylpropyl) ester",64.511 
(E)-Hexadec-2-enal,64.598 
Nonadecane,64.617 
1-Hexadecanol,64.619 
"Pentadecanoic acid, 14-methyl-, methyl ester",64.652 
"8,11-Heptadecadienal, (8Z,11Z)-",64.684 
1-Nonadecene,64.749 
"Pentadecanoic acid, ethyl ester",64.770 
"Tetradecanoic acid, propyl ester",64.792 
2-Heptadecanone,64.861 
"Hexadecanoic acid, methyl ester",65.002 
"1,3,6,10-Cyclotetradecatetraene, 3,7,11-trimethyl-14-(1-methylethyl)-, [S-(E,Z,E,E)]-",65.086 
9-Hexadecenoic acid,65.105 
Isophytol,65.144 
Palmitoleic acid,65.163 
"Phenanthrene, 7-ethenyl-1,2,3,4,4a,4b,5,6,7,9,10,10a-dodecahydro-1,1,4a,7-tetramethyl-, [4aS-(4aalpha,4bbeta,7beta,10abeta)]-",65.221 
Dibutyl phthalate,65.253 
2-Dodecen-1-yl(-)succinic anhydride,65.259 
n-Hexadecanoic acid,65.272 
"Dodecanoic acid, hexyl ester",65.369 
"2H-1-Benzopyran-2-one, 5,7-dimethoxy-",65.375 
Eicosane,65.394 
Phenylethyl salicylate,65.394 
"1H-Naphtho[2,1-b]pyran, 3-ethenyldodecahydro-3,4a,7,7,10a-pentamethyl-, [3R-(3alpha,4abeta,6aalpha,10abeta,10balpha)]-",65.427 
"Hexadecanoic acid, ethyl ester",65.433 
1-Eicosene,65.439 
Methyl n-hexadecyl ketone,65.497 
"1-Hexadecanol, acetate",65.521 
"9-Octadecenal, (Z)-",65.526 
"2H-Furo[2,3-h]-1-benzopyran-2-one, 5-methoxy-",65.554 
Octadecanal,65.578 
Isopropyl palmitate,65.587 
"1,6,10,14-Hexadecatetraen-3-ol, 3,7,11,15-tetramethyl-, (E,E)-",65.640 
Kaur-16-ene,65.673 
"9,12-Octadecadien-1-ol, (Z,Z)-",65.715 
"Phenanthrene, 1,2,3,4,4a,9,10,10a-octahydro-1,1,4a-trimethyl-7-(1-methylethyl)-, (4aS-trans)-",65.735 
"7H-Furo[3,2-g][1]benzopyran-7-one, 4-methoxy-",65.773 
Heptadecanoic acid,65.815 
1-Octadecanol,65.868 
Henicos-1-ene,65.901 
Heneicosane,65.910 
"9-Octadecenoic acid (Z)-, methyl ester",65.910 
"Hexadecanoic acid, propyl ester",65.910 
"9,12-Octadecadienoic acid (Z,Z)-, methyl ester",65.915 
"9,12,15-Octadecatrienoic acid, methyl ester, (Z,Z,Z)-",65.944 
2-Nonadecanone,65.969 
Phytol,66.007 
Methyl stearate,66.062 
"9,12-Octadecadienoic acid (Z,Z)-",66.081 
"9,12,15-Octadecatrienoic acid, (Z,Z,Z)-",66.104 
Oleic Acid,66.112 
Osthole,66.124 
Linoleic acid ethyl ester,66.194 
"9,12,15-Octadecatrienoic acid, ethyl ester, (Z,Z,Z)-",66.221 
Octadecanoic acid,66.232 
Docosane,66.314 
"Octadecanoic acid, ethyl ester",66.322 
Acetic acid n-octadecyl ester,66.368 
"7H-Furo[3,2-g][1]benzopyran-7-one, 4,9-dimethoxy-",66.458 
"Octadecane, 1-iodo-",66.474 
Isoauraptene,66.501 
"(S)-8-((3,3-Dimethyloxiran-2-yl)methyl)-7-methoxy-2H-chromen-2-one",66.534 
1-Tricosene,66.644 
Tricosane,66.659 
Eicosanoic acid,66.871 
"9-Octadecenamide, (Z)-",66.935 
"Hexanedioic acid, bis(2-ethylhexyl) ester",66.971 
Tetracosane,66.980 
"8-(2,3-Dihydroxy-3-methylbutyl)-7-methoxy-2H-chromen-2-one",67.097 
"Hexadecanoic acid, 2-hydroxy-1-(hydroxymethyl)ethyl ester",67.279 
Oxypeucedanin,67.288 
Pentacosane,67.295 
"Octanoic acid, hexadecyl ester",67.534 
1-Hexacosene,67.590 
Hexacosane,67.626 
"2H-1-Benzopyran-2-one, 7-[(3,7-dimethyl-2,6-octadienyl)oxy]-, (E)-",67.733 
"(R)-9-((3,3-Dimethyl-2-oxiranyl)methoxy)-4-methoxyfuro(3,2-g)chromen-7-one",67.868 
"Tetracosanoic acid, methyl ester",68.080 
"4-(2,3-Dihydroxy-3-methylbutoxy)furo(3,2-g)chromen-7-one",68.230 
Epoxyaurapten,68.266 
Squalene,68.500 
"(R)-9-(2,3-Dihydroxy-3-methylbutoxy)-4-methoxy-7H-furo(3,2-g)(1)benzopyran-7-one",68.840 
Campesterol,69.708 
"4',5,6,7,8-Pentamethoxyflavone",69.951 
beta-Sitosterol,69.987 
"4H-1-Benzopyran-4-one, 5,6,7-trimethoxy-2-(4-methoxyphenyl)-",70.185 
"2-(3,4-Dimethoxyphenyl)-5-hydroxy-6,7,8-trimethoxy-4H-chromen-4-one",70.613 
"3',4',5,6,7,8-Hexamethoxyflavone",70.738 
