Name,RT
Ethanol,1.57
Acetic acid,2.193
Sabinen,13.509
beta-Myrcene,14.75
alpha-Phellandrene,15.358
alpha-Terpinen,16.172
gamma-Terpinene,19.007
cis-Linalool oxide,20.013
1-Octanol,20.371
Ethyl 2-(5-methyl-5-vinyltetrahydrofuran-2-yl)propan-2-yl carbonate,21.111
Linalool,22.382
"1,5,7-Octatrien-3-ol, 3,7-dimethyl-",22.495
Isopulegol,24.908
"p-Mentha-1,5-dien-8-ol",26.512
Terpinen-4-ol,27.061
"3,7-Octadiene-2,6-diol, 2,6-dimethyl-",28.469
Estragole,28.621
Levoverbenone,29.234
Berbenone,29.352
Citronellol,30.946
"Benzaldehyde, 4-(1-methylethyl)-",31.324
cis-Anethole,32.363
Geraniol,32.677
Methyl citronellate,33.084
alpha-Citral,33.658
Myrtenyl acetate,37.043
trans-Geranic acid methyl ester,37.2
Citronellol acetate,39.108
Eugenol,39.25
Nerol acetate,39.834
Geranyl acetate,41.197
alpha-Bergamotene,43.88
"Phenol, 2,5-di-tert-butyl-",48.927
