Name,RT
3-Thujene,10.799
alpha-Pinene,11.084
"2,3-Dehydro-1,8-cineole",14.576
beta-Myrcene,14.763
alpha-Phellandrene,15.376
alpha-Terpinene,16.175
beta-Phellandrene,16.926
Eucalyptol,17.068
Benzyl alcohol,17.97
gamma-Terpinene,19.064
p-Cymenene,21.08
Linalool,22.066
"p-Mentha-1,5,8-triene",22.566
Cosmene,24.102
"1,4-Dimethyl-delta-3-tetrahydroacetophenone",25.2
Pinocarvone,25.931
Terpinen-4-ol,27.04
Crypton,27.682
alpha-Terpineol,28.075
Estragole,28.653
"Benzaldehyde, 4-(1-methylethyl)-",31.611
Carvenone,32.783
Phellandral,33.72
"2-Propenal, 3-phenyl-",34.147
alpha-Terpinen-7-al,34.382
"1,4-p-Menthadien-7-al",35.035
"p-Mentha-1,8-dien-7-ol",35.785
Carvacrol,36.045
"p-Mentha-1,4-dien-7-ol",37.521
Eugenol,39.243
Daucene,40.356
Caryophyllene,42.666
Cuminyl acetate,43.383
alpha-Bergamotene,43.917
(E)-beta-Famesene,45.443
"cis-Muurola-4(15),5-diene",45.776
Acoradien,46.046
alpha-Curcumene,46.836
beta-Eudesmene,46.434
beta-Bisabolene,48.371
Carotol,53.084
"alpha-Phellandrene, dimer",63.473
"Hexadecanoic acid, methyl ester",65.067
