Name,RT
Ethanol,1.565
Ethanethiol,1.683
"Acetic acid, methyl ester",1.756
Acetic acid ethenyl ester,2.031
Ethylvinyl sulfide,3.1
Acetoin,3.448
"Butanoic acid, methyl ester",3.62
"Isobutyric acid, ethyl ester",4.463
S-Ethyl ethanethioate,4.655
"Butanoic acid, 2-methyl-, methyl ester",4.954
"Butanoic acid, ethyl ester",5.749
"Propanoic acid, propyl ester",6.042
"Acetic acid, butyl ester",6.204
"2-Butenoic acid, ethyl ester, (E)-",7.44
"Butanoic acid, 2-methyl-, ethyl ester",7.818
"Butanoic acid, 3-methyl-, ethyl ester",7.886
p-Xylene,8.147
"Ethanethioic acid, S-propyl ester",8.216
"1-Butanol, 3-methyl-, acetate",8.706
"1-Butanol, 2-methyl-, acetate",9.029
Styrene,9.402
"Butanoic acid, propyl ester",10
"Pentanoic acid, ethyl ester",10.147
"Propanoic acid, butyl ester",10.575
Diethyl disulfide,11.02
Methyl caproate,11.452
"Butanoic acid, 3-hydroxy-, ethyl ester",12.016
Ethyl tiglate,12.33
"Butanoic acid, 2-methyl-, propyl ester",12.722
Ethyl (methylthio)acetate,14.998
"Butanoic acid, butyl ester",15.929
"Hexanoic acid, ethyl ester",16.395
"1-Hexanol, 2-ethyl-",17.745
"2-Butenoic acid, 2-methyl-, propyl ester, (E)-",18.167
"2-Hexenoic acid, ethyl ester",19.083
"Butanoic acid, 3-methylbutyl ester",19.892
"Butanoic acid, 2-methylbutyl ester",20.059
"Hexanoic acid, propyl ester",22.678
"Heptanoic acid, ethyl ester",22.869
"Octanoic acid, methyl ester",24.644
"Trisulfide, diethyl",25.086
"Hexanoic acid, butyl ester",29.254
"Octanoic acid, ethyl ester",29.794
"3-Octenoic acid, ethyl ester",30
Propyl octanoate,36.067
"Decanoic acid, ethyl ester",42.717
