Name,RT
Ethanol,1.57
Acetonitrile,1.648
"1,4-Pentadiene",1.683
"3-Buten-2-ol, 2-methyl-",2.129
"1-Butanol, 3-methyl-",3.689
"2-Pentanone, 3-methyl-",4.091
Toluene,4.39
Prenol,4.773
"3-Penten-2-one, 4-methyl-",5.337
"Butanoic acid, 3-methyl-, ethyl ester",7.426
"Butanoic acid, 3-methyl-",8.221
"1-Butanol, 3-methyl-, acetate",8.466
1R-alpha-Pinene,11.1
beta-Myrcene,14.764
alpha-Phellandrene,15.461
alpha-Terpinen,16.192
Eucalyptol,17.325
trans-beta-Ocimene,18.531
gamma-Terpinene,19.022
cis-Linalool oxide,20.012
p-Cymenene,21.077
"2-Nonanone, 3-(hydroxymethyl)-",21.165
Linalool,22.063
Phenylethyl Alcohol,22.975
cis-2-p-Menthen-1-ol,23.245
(E)-p-2-Menthen-1-ol,24.53
Terpinen-4-ol,27.115
p-Cymen-8-ol,27.792
Estragole,28.616
"p-Menth-6-en-2-one, (S)-(+)-",31.804
Thymoquinone,32.088
Piperitone,32.245
Phellandral,33.579
p-Cymen-7-ol,35.021
Carvacrol,35.389
alpha-Terpinyl acetate,38.69
Eugenol,39.338
isoledene,40.216
Geranyl acetate,41.138
beta-Panasinsene,41.29
alpha-Gurjunene,42.384
Aromandendrene,44.463
Humulene,44.915
gamma-Gurjunene,46.043
gamma-Muurolene,46.381
5-Hydroxy-6-methoxy-8-[(4-amino-1-methylbutyl)amino]quinoline trihydrobromide,46.994
alpha-Muurolene,47.847
beta-Vetispirene,48.009
gamma-Cadinene,48.583
(+)-Cycloisolongifol-5-ol,48.289
alpha-Cadinene,49.878
alpha-Calacorene,50.158
(-)-Globulol,52.757
Viridiflorol,53.037
Rosifoliol,53.566
"Di-epi-1,10-cubenol",54.999
alpha-epi-Cadinol,55.72
Cubenol,55.984
Agarospirol,56.367
alpha-Cadinol,56.455
"alpha-Phellandrene, dimer",63.822
