Name,RT
"Butanoic acid, 3-methyl-",7.807
3-Thujene,10.799
1R-alpha-Pinene,11.074
Sabinen,13.448
beta-Myrcene,14.758
alpha-Phellandrene,15.356
alpha-Terpinene,16.175
Eucalyptol,17.083
gamma-Terpinene,19.015
cis-Linalool oxide,20.055
p-Cymenene,21.119
Linalool,22.096
Fenchol,22.875
"(E)-p-2,8-Menthadien-1-ol",23.192
"2,4,6-Octatriene, 2,6-dimethyl-",23.999
"Benzene, 1-ethenyl-4-methoxy-",25.686
Terpinen-4-ol,27.069
Estragole,28.835
trans-Carveol,30.233
"Benzaldehyde, 4-(1-methylethyl)-",31.425
"Benzene, 1-methoxy-4-(1-propenyl)-, (Z)-",32.347
"Benzaldehyde, 4-methoxy-",32.494
Eugenol,39.268
beta-Cubebene,41.009
Methyleugenol,42.431
gamma-Cadinene,48.454
"Cadina-3,9-diene",49.097
trans-Sedanolide,61.452
Octadecane,63.773
"Hexadecanoic acid, methyl ester",65.072
