Name,RT
Ethanol,1.57
"1,4-Pentadiene",1.683
"3-Buten-2-ol, 2-methyl-",2.139
Acetic acid,2.153
1-Pentanol,4.498
Hexanal,5.312
Benzaldehyde,12.881
1-Octen-3-ol,14.185
"5-Hepten-2-one, 6-methyl-",14.671
alpha-Phellandrene,15.353
D-sylvestrene,16.942
Eucalyptol,17.065
"1-Hexanol, 2-ethyl-",17.403
Linalool,22.043
Nonanal,22.357
alpha-Cyclocitral,22.823
Isophorone,23.127
"2,6,6-Trimethyl-2-cyclohexene-1,4-dione",24.859
Terpinen-4-ol,27.056
Safranal,28.542
Estragole,28.68
Citronellol,30.951
"Benzaldehyde, 4-(1-methylethyl)-",31.333
Eugenol,39.328
Tetradecane,41.967
Cembrene A,65.276
