Name,RT
2-Propen-1-ol,1.825
Benzene,2.634
Hexanal,5.489
Diallyl sulfide,7.667
Propyl allyl sulfide,8.314
(Z)-Allyl(prop-1-en-1-yl)sulfane,9.011
(E)-Allyl(prop-1-en-1-yl)sulfane,9.187
(Z)-1-Methyl-2-(prop-1-en-1-yl)disulfane,11.218
"Disulfide, methyl propyl",11.291
(E)-1-Methyl-2-(prop-1-en-1-yl)disulfane,11.772
"3H-1,2-Dithiole",12.635
Dimethyl trisulfide,13.371
"1,2-Dithiolane",13.984
"1-Hexanol, 2-ethyl-",17.741
"3-Methyl-3H-1,2-dithiole",19.414
Diallyl disulphide,21.999
Unknown S,22.376
(Z)-1-Allyl-2-(prop-1-en-1-yl)disulfane,23.161
(Z)-1-(Prop-1-en-1-yl)-2-propyldisulfane,23.352
"Trisulfide, methyl 2-propenyl",25
"4-Methyl-1,2,3-trithiolane",25.584
(Z)-1-Methyl-3-(prop-1-en-1-yl)trisulfane,26.285
(E)-1-Methyl-3-(prop-1-en-1-yl)trisulfane,26.668
"3-Vinyl-1,2-dithiacyclohex-4-ene",28.384
"2-Vinyl-4H-1,3-dithiine",30.072
"Trisulfide, di-2-propenyl",36.021
1-Allyl-3-propyltrisulfane,36.531
(Z)-1-Allyl-3-(prop-1-en-1-yl)trisulfane,37.237
(E)-1-Allyl-3-(prop-1-en-1-yl)trisulfane,37.684
"5-Methyl-1,2,3,4-tetrathiane",39.337
p-Eugenol,39.641
"Tetrasulfide, di-2-propenyl",50.45
1-Allyl-3-(2-(allylthio)propyl)trisulfane,63.987
