Name,RT
Ethanol,1.579
Acetone,1.658
1-Butanol,2.698
Toluene,4.41
2-Heptanone,9.128
2-Heptanol,9.609
Dehydrosabinene,12.243
Sabinen,13.518
"5-Hepten-2-one, 6-methyl-",14.592
beta-Myrcene,14.754
alpha-Phellandrene,15.353
Octanal,15.583
alpha-Terpinen,16.177
beta-Terpinen,16.937
Eucalyptol,17.148
"2-Heptanol, acetate",18.33
trans-beta-Ocimene,18.521
gamma-Terpinene,19.022
cis-Sabinene hydrate,19.61
cis-Linalool oxide,20.042
p-Cymenene,21.092
3-Methyl-2-(2-methyl-2-butenyl)-furan,21.837
Linalool,22.087
2-Nonanol,22.259
Fenchol,22.651
Chrysanthenone,23.49
Camphene hydrate,24.858
"6-Octenal, 7-methyl-3-methylene-",25.118
Isoborneol,25.521
Isoneral,26.507
Terpinen-4-ol,27.046
Rose furan oxide,27.228
"3,6-Octadienal, 3,7-dimethyl-",27.777
Myrtenal,28.267
Myrtenol,28.454
Estragole,28.645
Citronellol,31.225
Neral,31.892
Geraniol,33.01
Citral,34.075
Anethole,34.59
2-Undecanone,35.286
2-Undecanol,35.826
Myrtenyl acetate,37.081
delta-EIemene,37.709
alpha-Cubebene,38.455
alpha-Terpinyl acetate,38.631
Citronellol acetate,39.151
Eugenol,39.235
Cyclosativene,39.735
Nerol acetate,39.848
Geranyl acetate,41.197
Sesquithujene,42.202
Methyleugenol,42.423
alpha-Santalene,42.894
gamma-Elemene,43.742
beta-Copaene,44.385
"Guaia-6,9-diene",44.586
alpha-Himachalene,44.718
(E)-beta-Famesene,45.459
alpha-Curcumene,47.014
beta-Eudesmene,47.166
Bicyclosesquiphellandrene,47.489
Zingiberene,47.872
beta-Sesquiphellandrene,49.618
trans-gamma-Bisabolene,49.873
alpha-Calacorene,50.3
beta-Vatirenene,50.393
Elemol,50.712
E-Nerolidol,51.732
trans-Sesquisabinene hydrate,53.051
Hinesol,55.563
Agarospirol,56.284
aR-Turmerone,57.255
(-)-Xanthorrhizol,62.081
"Lanceol, cis",62.356
"7-Hexadecenal, (Z)-",63.768
"Ethane, 1,2-diphenoxy-",63.866
all-trans-Farnesyl acetate,64.327
