Name,RT
"3-Buten-2-ol, 2-methyl-",2.163
Isobutyl acetate,4.778
2-Methyl-2-heptene,5.553
"3-Hexen-1-ol, (Z)-",7.696
1-Hexanol,8.353
2-Heptanone,9.305
2-Heptanol,9.84
1R-alpha-Pinene,11.385
Camphene,12.179
"Cyclohexene, 4-ethenyl-1,4-dimethyl-",12.778
(+)-Sabinene,13.866
"1,7-Octadiene, 2-methyl-6-methylene-",14.303
"5-Hepten-2-one, 6-methyl-",14.946
beta-Myrcene,15.181
alpha-Terpinene,16.549
beta-Phellandrene,17.339
Eucalyptol,17.545
cis-beta-Ocimene,18.256
"2-Heptanol, acetate",18.712
alpha-Ocimene,18.938
gamma-Terpinene,19.419
"2-Octenal, (E)-",19.507
"3,8-p-Menthadiene",20.164
cis-Linalool oxide,20.395
1-Octanol,20.606
Isoterpinolene,21.165
"p-Mentha-1,4(8)-diene",21.4
p-Cymenene,21.523
2-Nonanone,21.94
Linalool,22.519
2-Nonanol,22.622
Fenchol,23.068
alpha-Campholenal,23.97
Allo-Ocimene,24.382
Cosmene,24.515
(+)-2-Bornanone,25.03
"(4E,6E)-Allocimene",25.177
Camphene hydrate,25.28
"6-Octenal, 7-methyl-3-methylene-",25.52
Isoborneol,25.957
endo-Borneol,26.766
"p-Mentha-1,5-dien-8-ol",26.987
Terpinen-4-ol,27.517
"3,6-Octadienal, 3,7-dimethyl-",28.213
alpha-Terpineol,28.635
Decanal,29.729
Citronellol,31.98
Neral,32.461
Citral,35.055
2-Undecanone,35.879
2-Undecanol,36.355
Myrtenyl acetate,37.635
delta-EIemene,38.253
alpha-Cubebene,38.989
"6-Octen-1-ol, 3,7-dimethyl-, acetate",39.671
(+)-Cyclosativene,39.931
Ylangene,40.578
Geranyl acetate,41.897
Sesquithujene,42.746
alpha-Gurjunene,43.207
gamma-Elemene,44.286
trans-alpha-Bergamotene,44.443
"Guaia-6,9-diene",45.134
"(-)-Amorpha-4,11-diene",45.855
(E)-beta-Famesene,46.002
gamma-Muurolene,47.042
gamma-Curcumene,47.346
alpha-Curcumene,47.724
gamma-Amorphene,48.239
(-)-Zingiberene,48.818
beta-Bisabolene,49.465
alpha-Farnesene,49.779
beta-Sesquiphellandrene,50.623
trans-gamma-Bisabolene,50.78
alpha-Cadinene,50.951
"Selina-3,7(11)-diene",51.084
Elemol,51.427
"Germacra-1(10),4,7(11)-triene",51.716
trans-Nerolidol,52.329
Dodecanoic acid,52.756
10-epi-gamma-Eudesmol,54.993
gamma-Eudesmol,55.738
Hinesol,56.116
Eudesm-4(14)-en-11-ol,56.685
alpha-Eudesmol,56.856
alpha-Cadinol,57.004
beta-Bisabolol,57.96
alpha-Bisabolol,58.808
(-)-Xanthorrhizol,62.418
"Lanceol, cis",62.815
all-trans-Farnesyl acetate,64.434
