Name,RT
Ethanol,1.585
Ethyl Acetate,2.217
1-Penten-3-ol,2.919
Pentanal,3.125
1-Pentanol,4.655
Hexanal,5.587
2-Hexenal,7.314
"2-Hexenal, (E)-",7.7
p-Xylene,8.27
1-Hexanol,8.52
o-Xylene,9.354
Heptanal,9.957
"2,4-Hexadienal, (E,E)-",10.546
"2-Heptanone, 4-methyl-",12.062
1-Octen-3-ol,14.588
"5-Hepten-2-one, 6-methyl-",15.068
Octanal,16.025
"1-Hexanol, 2-ethyl-",17.825
"2-Octenal, (E)-",19.674
Nonanal,22.887
Isophorone,23.725
Decanal,29.876
"Benzaldehyde, 2,5-dimethyl-",30.121
5-Hydroxymethylfurfural,32.167
"Formamide, N,N-dibutyl-",36.331
