Name,RT
Ethylene oxide,1.486
Ethanol,1.565
Acetone,1.648
Methacrolein,1.913
Methyl vinyl ketone,2.031
Acetic acid,2.144
"1-Propanol, 2-methyl-",2.256
1-Penten-3-ol,2.865
1-Ethyl-5-methylcyclopentene,3.816
1-Hexanol,8.245
3-Thujene,10.786
1R-alpha-Pinene,11.806
Sabinen,13.509
beta-Myrcene,14.808
alpha-Phellandrene,15.363
"(2R,5S)-2-Methyl-5-(prop-1-en-2-yl)-2-vinyltetrahydrofuran",15.74
alpha-Terpinene,16.201
gamma-Terpinene,19.085
Linalool oxide,20.047
Terpinolen,20.763
p-Cymenene,21.111
Linalool,22.18
Phenylethyl Alcohol,23.515
Isopulegol,25.123
Pinocarvone,26.158
Methyl alpha-toluate,27.546
Crypton,27.831
p-Cymen-8-ol,27.978
Myrtenal,28.415
Myrtenol,28.557
Estragole,28.753
trans-Piperitol,29.366
Nerol,30.887
Cumaldehyde,31.343
Trifluoroacetyl-lavandulol,32.103
Piperitone,32.304
Linalyl acetate,32.804
"1,7-Octadiene-3,6-diol, 2,6-dimethyl-",34.124
Isoascaridol,35.693
Myrtenyl acetate,37.072
alpha-Cubebene,38.455
alpha-Terpinyl acetate,38.622
Citronellol acetate,39.146
Eugenol,39.249
beta-Cubebene,40.995
beta-Elemen,41.177
Tetradecane,42.011
alpha-Gurjunene,42.084
Caryophyllene,42.751
beta-Gurjunene,43.521
alpha-Guaiene,43.983
beta-Copaene,44.218
(E)-beta-Famesene,45.474
Alloaromadendrene,45.719
beta-Eudesmene,46.783
Germacrene D,47.058
Bicyclogermacren,47.431
alpha-Muurolene,47.74
Pentadecane,48.063
gamma-Cadinene,48.49
Elemol,50.629
E-Nerolidol,51.865
Hexadecane,53.817
Agarospirol,56.264
alpha-epi-Muurolol,56.441
"Hexadecane, 2-methyl-",57.289
"7-Hexadecenal, (Z)-",63.769
all-trans-Farnesyl acetate,64.338
"Hexadecanoic acid, methyl ester",65.063
m-Camphorene,65.225
