Name,RT
"2-Pentenal, (E)-",4.197
1-Pentanol,4.521
"2-Penten-1-ol, (Z)-",4.624
Hexanal,5.458
2-Hexenal,7.115
"2-Hexenal, (E)-",7.542
"3-Hexen-1-ol, (Z)-",7.724
"2-Hexen-1-ol, (E)-",8.136
1-Hexanol,8.297
"2,4-Hexadienal, (E,E)-",10.255
"2-Heptenal, (Z)-",12.795
Benzaldehyde,12.903
"2(5H)-Furanone, 5-ethyl-",13.237
(+)-Sylvestrene,17.121
Eucalyptol,17.244
"1-Hexanol, 2-ethyl-",17.519
"2-Octenal, (E)-",19.363
Terpinolene,21.173
Nonanal,22.546
alpha-Terpineol,28.26
Ylangene,40.238
Isocaryophyllene,42.852
gamma-Gurjunene,46.29
gamma-Muurolene,46.496
"Phenol, 2,5-bis(1,1-dimethylethyl)-",49.047
"Cadina-3,9-diene",49.312
(-)-Globulol,52.622
Kodaflex txib,53.78
"Di-epi-1,10-cubenol",55.188
delta-Cadinol,56.242
Octadecane,63.845
Isopropyl myristate,64.222
