Name,RT
Ethanol,1.57
"Acetic acid, methyl ester",1.766
Acetic acid,2.168
Trichloromethane,2.188
Eucalyptol,17.085
"1-Hexanol, 2-ethyl-",17.413
gamma-Terpinene,19.017
p-Cymenene,21.166
Linalool,22.073
Isopulegol,24.874
Terpinen-4-ol,27.037
Estragole,28.759
Citronellol,30.991
"Benzaldehyde, 4-(1-methylethyl)-",31.349
Piperitone,32.305
Safrole,34.586
p-Cymen-7-ol,35.081
Eugenol,39.167
"Propanoic acid, 2-methyl-, 2-ethyl-3-hydroxyhexyl ester",40.035
"2,5-di-tert-Butyl-1,4-benzoquinone",45.71
1-Dodecanol,46.681
"Phenol, 2,5-bis(1,1-dimethylethyl)-",48.874
Hexadecane,53.794
Heptadecane,59.277
"3,5-di-tert-Butyl-4-hydroxybenzaldehyde",62.348
Octadecane,63.77
"Ethane, 1,2-diphenoxy-",63.991
Nonadecane,64.854
