Name,RT
Ethanol,1.589
Acetone,1.673
Acetic acid,2.134
"Propanoic acid, ethenyl ester",2.874
Pentanal,3.051
1-Pentanol,4.488
Hexanal,5.327
2-Heptanone,9.251
Pentanoic acid,10.016
1-Octen-3-ol,14.215
alpha-Phellandrene,15.363
"1-Hexanol, 2-ethyl-",17.438
"2-Octenal, (E)-",19.228
cis-Linalool oxide,20.037
"3,5-Octadien-2-one, (E,E)-",20.297
Linalool,22.053
Isophorone,23.314
Terpinen-4-ol,27.047
Estragole,28.695
"Benzaldehyde, 4-(1-methylethyl)-",31.348
Piperitone,32.339
p-Cymen-7-ol,35.101
"2-Octenal, 2-butyl-",40.265
"Phenol, 2,5-bis(1,1-dimethylethyl)-",48.918
Octadecane,63.78
