Name,RT
1-Penten-3-ol,2.855
2-Pentanone,2.914
3-Pentanone,3.071
"Furan, 2-ethyl-",3.124
Prenal,4.204
Hexanal,5.454
"3-Hexen-1-ol, (Z)-",7.877
1-Hexanol,8.559
Sorbaldehyde,10.237
alpha-Pinene,11.394
beta-Myrcene,15.053
Alcanfor,24.966
Isopinocamphon,27.065
Methyl myrtenate,35.585
Copaene,40.426
Dodecanal,43.04
L-Caryophyllene,43.3
Humulene,45.385
(E)-beta-Famesene,46.115
Aristolochene,47.136
trans-beta-Ionone,47.415
Isodaucene,47.93
"(Z,E)-alpha-Farnesene",48.175
beta-Cadinene,49.539
Caryophyllene oxide,52.712
Tetradecanal,54.865
Pentadecanal,60.408
