Name,RT
Ethanol,1.565
Acetidin,2.173
"Butanal, 3-methyl-",2.531
n-Propyl acetate,3.37
"1-Butanol, 3-methyl-",3.767
Isobutyl acetate,4.743
Methyl isovalerate,4.802
"Acetic acid, butyl ester",6.082
"Butanoic acid, 3-methyl-, ethyl ester",7.666
Isoamyl acetate,8.779
"Butanoic acid, 3-methyl-, propyl ester",12.737
Benzaldehyde,13.046
"Butanoic acid, butyl ester",15.592
Isobutyl isovalerate,16.298
"Butanoic acid, 3-methyl-, butyl ester",19.039
"Butanoic acid, 3-methylbutyl ester",19.594
"Butanoic acid, 2-methylbutyl ester",19.755
"Butanoic acid, 3-methyl-, 3-methylbutyl ester",23.189
"Butanoic acid, 3-methyl-, 2-methylbutyl ester",23.493
Benzenepropanal,26.597
"1-Butanol, 3-methyl-, benzoate",44.552
