Name,RT
Toluene,4.383
"Butanoic acid, 3-methyl-",7.743
Tricyclene,10.392
3-Thujene,11.074
Benzaldehyde,12.771
"1,3,5-Cycloheptatriene, 3,7,7-trimethyl-",13.222
Sabinen,13.517
1-Heptanol,13.762
"2,3-Dehydro-1,8-cineole",14.552
beta-Myrcene,14.767
3-Carene,15.594
Eucalyptol,17.078
Benzyl alcohol,17.902
gamma-Terpinene,19.02
"Benzene, 1-methyl-3-(1-methylethenyl)-",20.624
"Benzene, 2-ethenyl-1,3-dimethyl-",21.065
Linalool,22.071
alpha-Campholenal,23.56
"Benzene, 1-ethenyl-4-methoxy-",25.436
"p-Mentha-1,5-dien-8-ol",26.466
Terpinen-4-ol,27.004
p-Cymen-8-ol,27.672
2-Pinen-10-ol,28.457
Levoverbenone,29.178
2-Hydroxycineol,30.267
cis-Carveol,30.865
"Benzaldehyde, 4-(1-methylethyl)-",31.258
Carvone,31.611
"Benzaldehyde, 4-methoxy-",32.391
"1,4-p-Menthadien-7-al",34.681
Tridecane,35.594
Car-3-en-5-one,36.109
"3-Carene-2,5-dione",36.849
Eugenol,39.204
Cyclosativene,39.719
Ethyl (Z)-cinnamate,40.435
beta-Elemen,41.141
Tetradecane,42.004
Methyleugenol,42.406
"2-Cyclohexen-1-one, 4-hydroxy-3-methyl-6-(1-methylethyl)-, trans-",43.539
gamma-Elemene,43.716
alpha-Guaiene,43.971
Chamigren,46.708
gamma-Amorphene,47.537
Pentadecane,48.263
alpha-Cadinene,50.117
alpha-Calacorene,50.367
Germacrene B,51
beta-Calacorene,51.431
Caryophyllene oxide,52.402
Viridiflorol,53.516
Hexadecane,53.839
alpha-epi-Cadinol,55.718
Cubenol,56.042
"6,9-Heptadecadiene",57.601
Cyperenone,58.435
Heptadecane,59.47
2-Hexadecanol,59.602
Oplopanone,60.927
Ethyl p-methoxycinnamate,62.516
Octadecane,63.786
Nonadecane,64.855
1-Pentadecanol acetate,64.939
Sandaracopimaradiene,65.287
