Name,RT
Ethanol,1.565
Ethyl Acetate,2.173
1-Penten-3-ol,2.85
1-Penten-3-one,2.919
Pentanal,3.046
"Propanoic acid, ethyl ester",3.296
"Butanoic acid, methyl ester",3.497
"1-Butanol, 3-methyl-",3.743
"2-Pentenal, (E)-",4.238
"Propanoic acid, 2-methyl-, ethyl ester",4.302
1-Pentanol,4.557
Diethyl carbonate,5.062
Hexanal,5.405
"Butanoic acid, ethyl ester",5.489
2-Hexenal,7.166
"2-Hexenal, (E)-",7.632
"3-Hexen-1-ol, (Z)-",7.784
"2-Hexen-1-ol, (E)-",8.172
1-Hexanol,8.27
Styrene,9.05
Heptanal,9.732
"Pentanoic acid, ethyl ester",9.805
"2-Heptenal, (Z)-",12.817
"Hexanoic acid, ethyl ester",15.627
"1-Hexanol, 2-ethyl-",17.526
"2-Octenal, (E)-",19.375
"p-Mentha-2,4(8)-diene",21.16
"Benzoic acid, methyl ester",21.832
Nonanal,22.529
"Benzoic acid, ethyl ester",26.968
"Naphthalene, 1,2,4a,5,6,8a-hexahydro-4,7-dimethyl-1-(1-methylethyl)-",47.931
"Phenol, 2,5-bis(1,1-dimethylethyl)-",49.015
Octadecane,63.843
Isopropyl myristate,64.221
