Name,RT
Ethanol,1.575
"1,4-Pentadiene",1.781
"3-Buten-2-ol, 2-methyl-",2.119
1-Penten-3-ol,2.781
"Furan, 2-ethyl-",3.041
2-Vinylfuran,3.458
"1-Butanol, 3-methyl-",3.674
"3-Pentanol, 3-methyl-",3.998
"2-Pentenal, (E)-",4.076
1-Pentanol,4.424
"2-Penten-1-ol, (Z)-",4.542
"4-Pentenal, 2-methyl-",5.244
Hexanal,5.298
"2-Hexenal, (E)-",6.946
2-Hexenal,7.382
"3-Hexen-1-ol, (Z)-",7.5
1-Hexanol,8.035
"2,4-Hexadienal, (E,E)-",10.036
Benzaldehyde,12.645
4-Oxohex-2-enal,13.082
alpha-Methylstyrene,13.911
"5-Hepten-2-one, 6-methyl-",14.504
D-sylvestrene,16.8
"1-Hexanol, 2-ethyl-",17.227
Benzeneacetaldehyde,17.933
trans-Linalool oxide (furanoid),20.964
Linalool,21.901
beta-Cyclocitral,29.793
beta-Damascenone,40.585
trans-beta-Ionone,46.829
Pentadecane,47.864
"Phthalic acid, diisobutyl ester",64.561
Dibutyl phthalate,65.296
