Name,RT
1-Penten-3-ol,2.865
Acetoin,3.306
Isoamylol,3.767
"1-Butanol, 2-methyl-",3.841
1-Pentanol,4.576
"2-Penten-1-ol, (Z)-",4.679
3-Hexanol,5.371
Hexanal,5.445
2-Hexenal,7.465
"3-Hexen-1-ol, (E)-",7.652
"2-Hexen-1-ol, (E)-",8.255
1-Hexanol,8.397
Anol,8.898
2-Heptanol,9.815
Sorbaldehyde,10.217
alpha-Thujene,11.046
1R-(+)-alpha-Pinene,11.345
Hexacose,11.791
Camphene,12.13
Dehydrosabinene,12.512
Benzaldehyde,12.969
Sabinene,13.744
1-Octen-3-ol,14.676
3-Octanone,14.877
beta-Myrcene,15.078
3-Octanol,15.603
alpha-Phellandrene,15.681
3-Carene,16.039
alpha-Terpinene,16.505
Sylvestrene,17.255
beta-Phellandrene,17.319
D-Limonene,17.334
Eucalyptol,17.535
Ethylhexanol,17.677
Hyacinthin,18.388
beta-Ocimene,18.845
gamma-Terpinene,19.389
trans-Sabinene hydrate,19.909
Linalool,22.371
endo-Borneol,26.555
"2-Nonenal, (E)-",26.584
L-Borneol,26.653
"trans,cis-2,6-Nonadien-1-ol",27.153
"2-Nonen-1-ol, (E)-",27.364
Terpinen-4-ol,27.438
p-Cymen-8-ol,28.208
Betula oil,28.698
"2,4-Nonadienal, (E,E)-",30.111
beta-Cyclocitral,30.342
delta-EIemene,38.116
alpha-Cubebene,38.915
Eugenol,39.572
(+)-Cyclosativene,39.803
Ylangene,40.18
Copaene,40.622
(-)-beta-Bourbonene,40.995
beta-Cubebene,41.451
(-)-beta-Elemene,41.711
Tetradecane,42.466
beta-Maaliene,42.549
Caryophyllene,43.388
beta-Copaene,43.888
(+)-Maaliene,43.991
(-)-gamma-Elemene,44.33
"Selina-5,11-diene",44.585
Humulene,45.453
"cis-Muurola-4(15),5-diene",45.85
gamma-Muurolene,46.983
Germacrene D,47.008
beta-Eudesmene,47.307
Bicyclosesquiphellandrene,47.586
alpha-Muurolene,48.307
gamma-Cadinene,49.014
Tridecanal,49.166
beta-Cadinene,49.749
alpha-Cadinene,50.397
"Selina-3,7(11)-diene",50.519
alpha-Calacorene,50.618
Germacrene B,51.368
beta-Calacorene,51.746
Caryophyllene oxide,52.731
Cadinol T,56.116
delta-Cadinol,56.43
Muurolol T,56.851
Pentadecanal-,60.417
