Name,RT
Toluene,4.379
Hexanal,5.365
"2-Hexenal, (E)-",7.401
"3-Hexen-1-ol, (Z)-",7.533
Methyl 2-hydroxy-3-methylbutanoate,9.152
3-Thujene,10.795
1R-alpha-Pinene,11.128
Benzaldehyde,12.914
Sabinen,13.586
"2,3-Dehydro-1,8-cineole",14.562
beta-Myrcene,14.788
alpha-Phellandrene,15.376
3-Carene,15.719
alpha-Terpinene,16.22
Eucalyptol,17.314
beta-cis-Ocimene,17.956
trans-beta-Ocimene,18.569
gamma-Terpinene,19.114
cis-Sabinene hydrate,19.629
cis-Linalool oxide,20.046
p-Cymenene,21.1
Linalool,22.263
"1,5,7-Octatrien-3-ol, 3,7-dimethyl-",22.439
"p-Mentha-1,5,8-triene",22.581
cis-2-p-Menthen-1-ol,23.283
alpha-Campholenal,23.577
Cosmene,24.017
(E)-p-2-Menthen-1-ol,24.568
Isopulegol,24.862
Sabina ketone,25.716
delta-Terpineol,26.554
"p-Mentha-1,5-dien-8-ol",26.608
Terpinen-4-ol,27.266
alpha-Thujenal,27.589
p-Cymen-8-ol,27.923
alpha-Terpineol,28.217
2-Pinen-10-ol,28.472
Estragole,28.639
2-Hydroxycineol,30.326
cis-Geraniol,30.88
Citronellol,31.037
"Benzaldehyde, 4-(1-methylethyl)-",31.292
Carvone,31.626
Piperitone,32.268
Linalyl acetate,32.739
"2,6-Octadien-1-ol, 3,7-dimethyl-",32.852
Citral,33.681
4-Thujen-2-alpha-yl acetate,33.892
(Z)-Undec-6-en-2-one,34.113
Anethole,34.476
trans-Sabinyl acetate,35.059
2-Undecanone,35.324
Isoascaridol,35.766
"delta-Terpineol, acetate",36.658
"p-Mentha-1,4-dien-7-ol",37.934
alpha-Terpinyl acetate,38.875
Eugenol,39.665
cis-Carvyl acetate,39.817
Nerol acetate,39.994
(-)-beta-Bourbonene,40.719
Geranyl acetate,41.156
beta-Elemen,41.382
Methyleugenol,42.657
Isocaryophyllene,42.843
alpha-Guaiene,44.074
"Guaia-6,9-diene",44.324
beta-Eudesmene,46.787
"4a,8-Dimethyl-2-(prop-1-en-2-yl)-1,2,3,4,4a,5,6,7-octahydronaphthalene",47.346
Bicyclogermacren,47.464
alpha-Muurolene,47.782
2-Tridecanone,47.88
trans-Methylisoeugenol,47.983
gamma-Cadinene,48.543
"Cadina-3,9-diene",49.165
Sobrerol 8-acetate,49.391
alpha-Cadinene,49.857
alpha-Calacorene,50.141
Elemol,50.647
beta-Calacorene,51.309
Elemicin,51.485
8-Acetoxycarvotanacetone,51.799
Caryophyllene oxide,52.349
Epiglobulol,52.854
Viridiflorol,53.477
beta-Eudesmol,56.115
Isoelemicin,56.758
2-Pentadecanone,59.23
"10-epi-Acora-3,11-dien-15-al",60.593
gamma-Eudesmol acetate,63.316
Hexadecanal,64.017
Dehydrosaussurea lactone,64.135
Verrucarol,65.071
