Name,RT
Isovaleral,2.536
1-Penten-3-ol,2.874
Hexanal,5.459
2-Hexenal,7.456
"3-Hexen-1-ol, (E)-",7.642
alpha-Thujene,11.051
beta-Myrcene,15.088
alpha-Phellandrene,15.676
Octanal,15.853
alpha-Terpinene,16.505
Melonal,19.193
gamma-Terpinene,19.355
"3,8-p-Menthadiene",20.105
Terpinolene,21.331
Linalool,22.465
Citronellal,27.516
Terpinen-4-ol,28.031
"3,6-Octadienal, 3,7-dimethyl-",28.429
Betula,28.919
"4-Decenal, (E)-",29.076
Decanal,29.841
beta-Cyclocitral,30.523
cis-Geraniol,31.303
Citronellol,31.8
Piperitone,33.034
Geraniol,34.2
Citronellyl formate,34.834
Geranyl formate,36.35
Cephreine,39.773
p-Eugenol,40.303
Copaene,40.612
(-)-beta-Bourbonene,41.098
beta-Cubebene,41.926
beta-Ylangene,43.893
beta-Copaene,44.33
"cis-Muurola-4(15),5-diene",45.948
9-epi-(E)-Caryophyllene,46.081
"(4R,4aS,6S)-4,4a-Dimethyl-6-(prop-1-en-2-yl)-1,2,3,4,4a,5,6,7-octahydronaphthalene",46.262
gamma-Muurolene,47.135
D-Germacrene,47.307
beta-Selinene,47.439
Bicyclosesquiphellandrene,47.694
Epizonarene,48.18
alpha-Muurolene,48.356
beta-Cadinene,48.675
gamma-Cadinene,49.2
delta-Cadinene,49.867
alpha-Cadinene,50.485
alpha-Calacorene,50.686
Elemol,51.348
beta-Calacorene,51.824
Germacrene D-4-ol,52.54
"1,10-Di-epi-Cubenol",54.693
Machilol,55.645
Hinesol,56.027
T-Cadinol,56.233
T-MuuroloI,56.312
beta-Eudesmol,56.655
alpha-Eudesmol,56.866
alpha-Cadinol,57.008
Farnesol,60.79
Neophytadiene,64.385
Geranyl caprylate,65.277
