Name,RT
Ethanol,1.57
Acetone,1.653
Acetic acid,2.129
"2H-Pyran, 3,4-dihydro-",2.928
1-Pentanol,4.537
"2-Butenal, 3-methyl-",5.033
Hexanal,5.347
Pentanoic acid,10.051
Benzaldehyde,13.008
beta-Terpinen,16.927
"1-Hexanol, 2-ethyl-",17.393
Benzeneacetaldehyde,18.159
cis-Linalool oxide,20.032
p-Cymenene,21.092
"Phenol, 2-methoxy-",21.332
Linalool,22.043
Phenylethyl Alcohol,23.024
Isopulegol,24.878
L-Borneol,26.213
Terpinen-4-ol,27.037
Naphthalene,27.11
Estragole,28.591
Citronellol,30.99
"Benzaldehyde, 4-(1-methylethyl)-",31.245
Piperitone,32.285
"Benzaldehyde, 4-methoxy-",32.81
alpha-Terpinen-7-al,34.193
p-Cymen-7-ol,35.017
alpha-Terpinyl acetate,38.602
Eugenol,39.166
"2-Octenal, 2-butyl-",40.26
Methyleugenol,42.492
Ethyl cinnamate,46.122
Pentadecane,48.034
"Phenol, 2,5-bis(1,1-dimethylethyl)-",48.903
Octadecane,63.77
Nonadecane,64.854
"Hexadecanoic acid, methyl ester",65.064
