Name,RT
2-Pentanone,2.938
2-Pentanol,3.115
"1-Butanol, 3-methyl-",3.782
2-Hexenal,7.5
"3-Hexen-1-ol, (E)-",7.691
"2-Hexen-1-ol, (E)-",8.201
1-Hexanol,8.289
Styrene,9.138
alpha-Thujene,11.08
alpha-Pinene,11.399
Camphene,12.13
beta-Myrcene,15.092
alpha-Phellandrene,15.676
p-Cymene,17.035
Limonene,17.295
"1-Hexanol, 2-ethyl-",17.672
alpha-Pinene,18.168
trans-beta-Ocimene,18.84
gamma-Terpinene,19.34
Isoterpinolene,21.322
Linalool,22.425
Nonanal,23.67
"(E)-4,8-Dimethylnona-1,3,7-triene",24.02
Decanal,29.66
beta-Cyclocitral,30.337
Methylthymol,31.538
Anethole,34.884
alpha-Cubebene,38.847
isoledene,40.244
Copaene,40.426
"1H-Indene, 2,3,3a,4-tetrahydro-3,3a,6-trimethyl-1-(1-methylethyl)-",40.627
"cis-(-)-2,4a,5,6,9a-Hexahydro-3,5,5,9-tetramethyl(1H)benzocycloheptene",40.784
"beta-Elemene, (-)-",41.603
Isocaryophyllene,42.339
beta-Maaliene,42.545
Caryophyllene,43.275
beta-Gurjunene,43.81
alpha-Maaliene,43.967
Aromandendrene,44.296
"Selina-5,11-diene",44.566
Humulene,45.188
Alloaromadendrene,45.6
"cis-Muurola-4(15),5-diene",45.757
gamma-Gurjunene,46.34
gamma-Muurolene,46.665
beta-Eudesmene,47.09
Leden,47.724
beta-Maaliene,48.04
gamma-Cadinene,48.89
"Cadina-1,3,5-triene",49.362
"Cadina-3,9-diene",49.514
alpha-Cadinene,50.255
E-Nerolidol,52.1
Spathulenol,52.46
Caryophylene oxide,52.7
Globulol,52.84
"1,10-Diepicubenol",54.61
alpha-epi-Cadinol,56.1
Pentadecanal-,60.39
