Name,RT
Ethanol,1.589
Trimethylene oxide,1.663
Butanal,2.031
1-Penten-3-ol,2.796
1-Penten-3-one,2.855
3-Pentanone,3.002
"Furan, 2-ethyl-",3.051
2-Vinylfuran,3.478
"2-Pentenal, (E)-",4.096
"2-Penten-1-ol, (Z)-",4.532
3-Hexenal,5.278
Hexanal,5.312
2-Hexenal,7.721
"3-Hexen-1-ol, (Z)-",7.887
"2-Hexen-1-ol, (E)-",8.142
"2,4-Hexadienal, (E,E)-",10.06
Benzaldehyde,12.665
4-Oxohex-2-enal,13.263
beta-Myrcene,14.666
"3-Hexen-1-ol, acetate, (Z)-",15.838
"2,4-Heptadienal, (E,E)-",15.941
alpha-Terpinene,16.054
"m-Mentha-6,8-diene, (R)-(+)-",16.829
"2-Cyclohexen-1-one, 3-methyl-",17.202
cis-Linalool oxide,19.919
p-Cymenene,20.969
trans-Linalool oxide (furanoid),20.94
Linalool,21.975
"Benzaldehyde, 3-ethyl-",25.962
beta-Cyclocitral,29.793
alpha-Ionene,32.829
beta-Damascenone,40.579
"1,3-Diethyladamantane",41.354
trans-beta-Ionone,46.803
"Phenol, 2,5-bis(1,1-dimethylethyl)-",48.721
alpha-Calacorene,50.458
Heptadecane,59.105
Neophytadiene,64.245
"Phthalic acid, diisobutyl ester",64.545
Dibutyl phthalate,65.28
