Name,RT
Toluene,4.443
Isobutyl acetate,4.698
3-Hexenal,5.331
"Acetic acid, butyl ester",5.993
"2-Hexenal, (E)-",7.381
"3-Hexen-1-ol, (Z)-",7.582
Ethylbenzene,7.66
p-Xylene,8.028
1-Hexanol,8.254
"1-Butanol, 3-methyl-, acetate",8.583
o-Xylene,9.122
3-Thujene,10.932
alpha-Pinene,11.212
Sabinen,13.684
beta-Myrcene,14.934
2-Carene,15.302
alpha-Phellandrene,15.562
3-Carene,16.077
alpha-Terpinene,16.411
D-sylvestrene,17.171
"1-Hexanol, 2-ethyl-",17.509
beta-cis-Ocimene,18.039
trans-beta-Ocimene,18.701
gamma-Terpinene,19.216
Acetophenone,19.849
cis-Linalool oxide,20.217
Terpinolene,21.507
Linalool,22.267
Nonanal,22.566
"p-Mentha-1,5,8-triene",22.792
Cosmene,24.312
"2,6-Nonadienal, (E,Z)-",25.858
Menthol,27.005
"Benzaldehyde, 2-ethyl-",27.25
p-Cymen-8-ol,27.922
alpha-Terpineol,28.217
Dodecane,29.114
Decanal,29.497
Isoxylaldehyde,29.865
"2(3H)-Furanone, 5-butyldihydro-",32.857
"Ethanone, 1-(4-ethylphenyl)-",34.299
3-Undecanone,35.064
Tridecane,35.8
Ylangene,40.238
beta-Damascenone,40.954
Isocaryophyllene,42.857
Aromandendrene,44.849
beta-Eudesmene,47.164
(+)-Valencene,48.047
"Cadina-3,9-diene",49.332
Diethyl Phthalate,53.638
Hexadecane,54.03
Heptadecane,59.509
Phenanthrene,62.491
