Name,RT
Ethanol,1.575
1-Propanol,1.869
Allyl mercaptan,2.05
"1-Propanol, 2-methyl-",2.291
1-Penten-3-ol,2.874
Acetoin,3.272
"1-Butanol, 3-methyl-",3.757
"1-Butanol, 2-methyl-",3.826
"2-Butenal, 2-methyl-",3.953
1-Pentanol,4.571
"2-Buten-1-ol, 2-methyl-",4.709
"Butanoic acid, ethyl ester",5.562
"Butanoic acid, 2-methyl-, ethyl ester",7.426
Diallyl sulfide,7.617
Methyl tiglate,8.142
1-Hexanol,8.304
"1-Butanol, 2-methyl-, acetate",8.79
Styrene,9.162
"Disulfide, methyl 2-propenyl",10.394
Ethyl tiglate,12.017
Camphene,12.135
"3H-1,2-Dithiole",12.527
1-Octen-3-ol,14.425
3-Octanone,14.823
"Furan, 2-pentyl-",15.063
"5-Hepten-2-ol, 6-methyl-",15.343
3-Octanol,15.46
Eucalyptol,17.393
Benzyl alcohol,17.981
trans-beta-Ocimene,18.835
Diallyl disulphide,21.086
"Benzoic acid, methyl ester",21.915
Linalool,22.406
Nonanal,22.71
2-Methylbutyl 2-methylbutanoate,22.744
"Butanoic acid, 3-methyl-, 2-methylbutyl ester",23.078
Phenylethyl Alcohol,23.269
n-Butyl tiglate,24.863
"Butanoic acid, 2-methyl-, pentyl ester",25.162
3-Methylbut-2-en-1-yl pivalate,25.559
"3-Nonen-1-ol, (Z)-",26.158
"3,6-Nonadien-1-ol, (E,Z)-",26.354
"Benzoic acid, ethyl ester",27.09
"2-Nonen-1-ol, (E)-",27.237
"3-Vinyl-1,2-dithiacyclohex-4-ene",27.718
Methyl salicylate,28.556
"2-Vinyl-4H-1,3-dithiine",29.473
"Butanoic acid, 2-methyl-, hexyl ester",31.843
"Benzoic acid, 2-hydroxy-, ethyl ester",33.731
"Trisulfide, di-2-propenyl",35.472
(E)-Hex-3-enyl (E)-2-methylbut-2-enoate,37.576
Hexyl tiglate,38.008
"2(3H)-Furanone, dihydro-5-pentyl-",39.867
Butyl benzoate,40.49
beta-Elemen,41.545
"1-Butanol, 3-methyl-, benzoate",44.438
Geranyl acetone,45.566
"Benzoic acid, pentyl ester",46.768
Benzyl tiglate,48.259
"Tetrasulfide, di-2-propenyl",50.157
"3-Hexen-1-ol, benzoate, (Z)-",52.325
"Benzoic acid, hexyl ester",52.762
Benzyl Benzoate,62.723
Octadecane,63.9
"2-Pentadecanone, 6,10,14-trimethyl-",64.445
"Hexadecanoic acid, methyl ester",65.117
"Hexadecanoic acid, ethyl ester",65.529
