Name,RT
2-Butanol,2.09
1-Penten-3-ol,2.87
2-Pentanone,2.95
"3-Buten-1-ol, 3-methyl-",3.7
"1-Butanol, 2-methyl-",3.85
1-Pentanol,4.567
"2-Penten-1-ol, (Z)-",4.67
"Butanoic acid, 2-methyl-, methyl ester",4.83
Hexanal,5.498
"2-Hexenal, (E)-",7.476
"3-Hexen-1-ol, (Z)-",7.691
"2-Hexen-1-ol, (E)-",8.201
1-Hexanol,8.289
Cyclohexanol,8.84
Styrene,9.138
2-Heptanone,9.27
2-Heptanol,9.83
"Ethanol, 2-butoxy-",10.1
alpha-Thujene,11.08
alpha-Pinene,11.399
Benzaldehyde,12.95
Sabinen,13.837
beta-Myrcene,15.058
6-Methyl-5-hepten-2-ol,15.328
2-Carene,15.44
alpha-Phellandrene,15.676
alpha-Terpinene,16.54
"Acetic acid, hexyl ester",16.7
Limonene,17.295
Eucalyptol,17.43
"1-Hexanol, 2-ethyl-",17.672
Benzyl alcohol,17.84
trans-beta-Ocimene,18.8
gamma-Terpinene,19.34
"Benzenemethanol, alpha-methyl-",19.669
Terpinolene,21.34
Methyl benzoate,21.87
Nonanal,22.68
"1,3,8-p-Menthatriene",22.93
Phenylethyl Alcohol,23.13
Cosmene,24.87
Isopulegol,25.201
Citronellal,26
p-Cymen-8-ol,28.01
alpha-Terpineol,28.62
Methyl salicylate,28.58
Estragole,28.98
Decanal,29.65
Nerol,31.146
Citronellol,31.3
Neral,31.93
"2,6-Octadien-1-ol, 3,7-dimethyl-",33.1
Methyl citronellate,33.4
Citral,33.98
Methyl nerolate,34.66
3-Undecanone,35.595
Methyl cis-cinnamate,36.2
trans-Geranic acid methyl ester,37.54
delta-EIemene,38.02
alpha-Cubebene,38.86
Eugenol,39.509
Ylangene,40.156
Copaene,40.426
(E)-Methyl cinnamate,41.2
beta-Cubebene,41.426
"beta-Elemene, (-)-",41.603
beta-Maaliene,42.51
Methyleugenol,43.1
beta-Copaene,43.73
Aromandendrene,44.61
"cis-muurola-3,5-diene",44.92
Humulene,45.54
Alloaromadendrene,45.6
"cis-Muurola-4(15),5-diene",45.733
"Cadina-1(6),4-diene",46.55
Germacrene D,46.91
Bicyclosesquiphellandrene,47.54
Leden,47.724
alpha-Muurolene,48.2
gamma-Cadinene,48.94
"Cadina-3,9-diene",49.514
Cubenene,49.941
alpha-Cadinene,50.27
alpha-Calacorene,50.54
"Benzene, 1,2,3-trimethoxy-5-(2-propenyl)-",51.85
Espatulenol,52.47
Globulol,52.77
Viridiflorol,53.87
T-Cadinol,56.2
delta-Cadinol,56.43
alpha-Cadinol,56.84
