Name,RT
"Acetic acid, methyl ester",1.747
Ethyl Acetate,2.713
"Propanoic acid, ethyl ester",3.277
n-Propyl acetate,3.321
"1-Butanol, 2-methyl-",3.777
"Disulfide, dimethyl",3.9
"Propanoic acid, 2-methyl-, ethyl ester",4.292
1-Pentanol,4.498
Isobutyl acetate,4.655
"Butanoic acid, 2-methyl-, methyl ester",4.748
"Butanoic acid, ethyl ester",5.464
"Acetic acid, butyl ester",5.965
"Butanoic acid, 2-methyl-, ethyl ester",7.318
"3-Hexen-1-ol, (Z)-",7.618
1-Hexanol,8.216
"1-Butanol, 3-methyl-, acetate",8.545
"1-Butanol, 2-methyl-, acetate",8.697
"3-Methyl-3-buten-1-ol, acetate",8.962
2-Acetoxy-3-butanone,9.369
"Acetic acid, pentyl ester",10.643
S-Methyl 3-methylbutanethioate,11.645
Benzaldehyde,12.866
Dimethyl trisulfide,13.175
1-Octen-3-ol,14.293
Ethyl (methylthio)acetate,14.47
"3-Hexen-1-ol, acetate, (Z)-",16.084
"Acetic acid, hexyl ester",16.628
"4-Hexen-1-ol, acetate",17.06
"1-Hexanol, 2-ethyl-",17.516
Benzyl alcohol,17.977
"Butanoic acid, 3-methylbutyl ester",19.331
"Formic acid, phenylmethyl ester",20.704
"2,3-Butanediol, diacetate",21.185
"6-Nonenal, (Z)-",22.445
Nonanal,22.563
3-(Methylthio)propyl acetate,24.079
"1,3-Butanediol, diacetate",24.432
"3-Nonen-1-ol, (Z)-",26.011
"3,6-Nonadien-1-ol, (E,Z)-",26.217
"Acetic acid, phenylmethyl ester",26.629
"Acetic acid, octyl ester",30.058
"Acetic acid, 2-phenylethyl ester",32.868
(3Z)-3-Nonenyl acetate,35.531
"3-Phenyl-1-propanol, acetate",40.22
trans-beta-Ionone,47.19
"Phenol, 2,5-bis(1,1-dimethylethyl)-",49.025
Heptadecane,59.506
Octadecane,63.842
