Name,RT
2-Hexenal,7.186
"2-Hexenal, (E)-",7.573
"3-Hexen-1-ol, (Z)-",7.691
"2-Hexen-1-ol, (E)-",8.461
1-Hexanol,8.535
Styrene,9.153
alpha-Thujene,11.036
alpha-Pinene,11.331
Camphene,12.719
(+)-Sabinene,13.729
"2,3-Octanedione",14.744
"5-Hepten-2-one, 6-methyl-",14.892
beta-Myrcene,15.053
3-Carene,16.005
alpha-Terpinene,16.476
"2-Hexen-1-ol, acetate",16.893
D-sylvestrene,17.27
Eucalyptol,17.393
beta-cis-Ocimene,18.271
alpha-Ocimene,18.963
gamma-Terpinene,19.375
cis-Sabinene hydrate,19.914
cis-Linalool oxide,20.346
Linalool,22.548
Allo-Ocimene,24.726
"(4E,6E)-Allocimene",25.442
Camphene hydrate,25.917
"Benzaldehyde, 3-ethyl-",26.835
(-)-Borneol,26.992
alpha-Terpineol,28.654
Methyl salicylate,28.826
"Hexanoic acid, butyl ester",28.988
Estragole,29.174
beta-Cyclocitral,30.528
cis-Geraniol,31.259
trans-2-Hexenyl isovalerate,32.49
"Acetic acid, 2-phenylethyl ester",33.093
Linalyl acetate,33.172
(Z)-Undec-6-en-2-one,34.521
Anethole,34.869
Safrole,34.972
"2H-Pyran-3-ol, 6-ethenyltetrahydro-2,2,6-trimethyl-, acetate, trans-",35.186
"Hexanoic acid, pentyl ester",35.359
2-Undecanone,35.634
alpha-Cubebene,39.013
(+)-Cyclosativene,39.852
Ylangene,40.588
(-)-beta-Elemene,42.128
Caryophyllene,43.944
beta-Copaene,44.472
gamma-Elemene,44.565
alpha-Guaiene,44.825
"Guaia-6,9-diene",45.017
Humulene,45.953
Alloaromadendrene,46.086
"cis-Muurola-4(15),5-diene",46.174
gamma-Muurolene,47.292
beta-Eudesmene,47.822
Bicyclosesquiphellandrene,47.935
alpha-Selinene,48.317
alpha-Bulnesene,48.798
beta-Bisabolene,49.048
gamma-Cadinene,49.22
"Cadina-3,9-diene",49.921
alpha-Cadinene,50.49
"Selina-3,7(11)-diene",50.627
alpha-Calacorene,50.73
Elemol,51.138
Germacrene B,51.388
trans-Nerolidol,52.481
Caryophyllene oxide,52.908
Humulene epoxide II,54.345
alpha-Corocalene,55.208
"Caryophylla-4(12),8(13)-dien-5alpha-ol",55.625
alpha-epi-Muurolol,56.253
"6-Isopropenyl-4,8a-dimethyl-1,2,3,5,6,7,8,8a-octahydro-naphthalen-2-ol",59.76
Dehydrosaussurea lactone,64.233
