Name,RT
Ethanol,1.579
Ethanethiol,1.722
"Propanal, 2-methyl-",1.849
"Butanal, 3-methyl-",2.492
"Butanal, 2-methyl-",2.59
1-Penten-3-ol,2.835
"Furan, 2-ethyl-",3.071
"Butanoic acid, 2-methyl-, methyl ester",4.66
Hexanal,5.263
"2-Hexenal, (E)-",6.96
2-Hexenal,7.304
1-Hepten-3-ol,8.515
"Furan, 2,5-diethyltetrahydro-",9.163
"2,4-Hexadienal, (E,E)-",9.957
2-Thujene,13.386
1-Octen-3-ol,14.088
beta-Myrcene,14.622
3-Octanol,15.044
D-sylvestrene,16.829
Eucalyptol,16.986
"1-Hexanol, 2-ethyl-",17.251
beta-cis-Ocimene,17.717
Benzeneacetaldehyde,17.967
gamma-Terpinene,18.87
cis-Linalool oxide,19.851
1-Nonen-3-ol,20.68
Terpinolene,20.827
p-Cymenene,20.95
3-Nonanol,21.754
Linalool,21.906
"2,2,6-Trimethyl-3-keto-6-vinyltetrahydropyran",22.186
Terpinen-4-ol,26.885
cis-Dihydrocarvone,28.297
Neodihydrocarveol,30.102
"p-Mentha-1,8-dien-3-one",34.07
Perilla aldehyde,34.144
Dihydroedulan,34.654
"Phenol, 2-ethyl-4,5-dimethyl-",35.974
Car-3-en-5-one,36.567
Dihydroedulan II,37.013
"(-)-8-p-Menthen-2-yl, acetate, trans",37.367
Piperitenone,37.98
alpha-Cubebene,38.426
Eugenol,39.137
cis-Carvyl acetate,39.505
Ylangene,39.956
"Benzoic acid, 4-methoxy-, methyl ester",40.246
beta-Damascenone,40.702
cis-Jasmone,41.712
Caryophyllene,42.566
beta-Ylangene,43.179
beta-Gurjunene,44.086
(E)-beta-Famesene,45.317
Lavandulyl butyrate,45.911
gamma-Muurolene,46.151
"Isovaleric acid, phenethyl ester",46.995
Valencen,47.211
"Cadina-1(6),4-diene",47.485
gamma-Cadinene,48.309
"Cadina-3,9-diene",48.947
Epiglobulol,52.645
Hexadecane,53.636
alpha-Eudesmol,56.26
5-Hydroxycalamenene,63.765
"Phthalic acid, diisobutyl ester",64.55
"Hexadecanoic acid, methyl ester",65.03
Dibutyl phthalate,65.285
