Name,RT
Hexanal,5.474
Tetrachloroethylene,5.714
"2-Hexenal, (E)-",7.46
"3-Hexen-1-ol, (Z)-",7.686
Ethylbenzene,7.745
p-Xylene,8.113
"2-Hexen-1-ol, (E)-",8.186
1-Hexanol,8.284
o-Xylene,9.202
"Bicyclo[3.1.0]hex-2-ene, 2-methyl-5-(1-methylethyl)-",11.345
"R(-)3,7-Dimethyl-1,6-octadiene",12.199
Benzaldehyde,13.057
o-Cymene,17.025
"Cyclohexene, 1-methyl-5-(1-methylethenyl)-, (R)-",17.251
"1-Hexanol, 2-ethyl-",17.687
"1,3,6-Octatriene, 3,7-dimethyl-, (Z)-",19.168
Benzeneacetaldehyde,18.403
trans-beta-Ocimene,18.825
trans-Linalool oxide (furanoid),21.145
2-Nonanone,21.864
Linalool,22.325
Phenylethyl Alcohol,23.225
Naphthalene,27.128
"1,3,5,8-Undecatetraene",27.624
Methyl salicylate,28.61
Decanal,29.625
4-Methyleneisophorone,30.2
"1-Cyclohexene-1-carboxaldehyde, 2,6,6-trimethyl-",30.35
"Benzofuran, 2,3-dihydro-",31.75
(Z)-Undec-6-en-2-one,34.437
2-Undecanone,35.58
"Decanoic acid, methyl ester",37.655
isoledene,40.235
Copaene,40.421
"1H-Indene, 2,3,3a,4-tetrahydro-3,3a,6-trimethyl-1-(1-methylethyl)-",40.632
n-Decanoic acid,41.319
"(1S,5S)-2-Methyl-5-((R)-6-methylhept-5-en-2-yl)bicyclo[3.1.0]hex-2-ene",41.57
"2,4-Decadienoic acid, methyl ester, (E,Z)-",42.1
"(1R,5R)-2-Methyl-5-((R)-6-methylhept-5-en-2-yl)bicyclo[3.1.0]hex-2-ene",42.6
cis-alpha-Bergamotene,43
trans-alpha-Bergamotene,44.497
"Bicyclo[2.2.1]heptane, 2-methyl-3-methylene-2-(4-methyl-3-pentenyl)-, (1S-endo)-",45.027
Humulene,45.198
(E)-beta-Famesene,45.929
"1-Methyl-4-(6-methylhept-5-en-2-yl)cyclohexa-1,3-diene",47
"Benzene, 1-(1,5-dimethyl-4-hexenyl)-4-methyl-",47.376
"1,3-Cyclohexadiene, 5-(1,5-dimethyl-4-hexenyl)-2-methyl-, [S-(R*,S*)]-",48.239
beta-Bisabolene,48.951
"1H-3a,7-Methanoazulene, octahydro-3,8,8-trimethyl-6-methylene-, [3R-(3alpha,3abeta,7beta,8aalpha)]-",49.779
(E)-1-Methyl-4-(6-methylhept-5-en-2-ylidene)cyclohex-1-ene,50.128
"1,6,10-Dodecatrien-3-ol, 3,7,11-trimethyl-, (E)-",52.153
"1H-Cycloprop[e]azulen-7-ol, decahydro-1,1,7-trimethyl-4-methylene-, [1ar-(1aalpha,4aalpha,7beta,7abeta,7balpha)]-",52.595
(-)-Globulol,53.276
trans-Sesquisabinene hydrate,53.429
alpha-Bisabolol,58.569
Pentadecanal-,60.398
"Phenol, 5-(1,5-dimethyl-4-hexenyl)-2-methyl-, (R)-",62.335
