Name,RT
Hexanal,5.459
2-Hexenal,7.456
"3-Hexen-1-ol, (E)-",7.652
"2-Hexen-1-ol, (E)-",8.172
1-Hexanol,8.299
Styrene,9.123
o-Xylene,9.202
"2-Butenoic acid, 2-methyl-, (Z)-",10.197
"Acetic acid, hexyl ester",16.696
"Benzene, 1,2,3-trimethyl-",16.775
"2-Hexen-1-ol, acetate, (E)-",16.987
"Cyclohexene, 1-methyl-5-(1-methylethenyl)-, (R)-",17.26
Indane,17.545
"1-Hexanol, 2-ethyl-",17.687
Benzeneacetaldehyde,18.384
"Benzene, 2-ethyl-1,4-dimethyl-",21.067
"Benzene, 1,2,4,5-tetramethyl-",23.382
"Benzene, 1,2,3,4-tetramethyl-",25.5
Naphthalene,27.423
"Butanoic acid, 3-hexenyl ester, (E)-",28.439
Methyl salicylate,28.165
"1-Cyclohexene-1-carboxaldehyde, 2,6,6-trimethyl-",30.342
cis-3-Hexenyl isovalerate,31.784
isoledene,40.245
Copaene,40.421
"1H-Indene, 2,3,3a,4-tetrahydro-3,3a,6-trimethyl-1-(1-methylethyl)-",40.76
"Hexanoic acid, 3-hexenyl ester, (Z)-",41.294
"(1S,5S)-2-Methyl-5-((R)-6-methylhept-5-en-2-yl)bicyclo[3.1.0]hex-2-ene",41.588
"2-Cyclopenten-1-one, 3-methyl-2-(2-pentenyl)-, (Z)-",42.118
"1H-Cyclopropa[a]naphthalene, 1a,2,3,3a,4,5,6,7b-octahydro-1,1,3a,7-tetramethyl-, [1aR-(1aalpha,3aalpha,7balpha)]-",42.506
"(1R,5R)-2-Methyl-5-((R)-6-methylhept-5-en-2-yl)bicyclo[3.1.0]hex-2-ene",42.688
Caryophyllene,43.158
trans-alpha-Bergamotene,44.62
"Bicyclo[2.2.1]heptane, 2-methyl-3-methylene-2-(4-methyl-3-pentenyl)-, (1S-endo)-",45.1
(E)-beta-Famesene,46.022
"Azulene, 1,2,3,3a,4,5,6,7-octahydro-1,4-dimethyl-7-(1-methylethenyl)-, [1R-(1alpha,3abeta,4alpha,7beta)]-",46.405
"1-Methyl-4-(6-methylhept-5-en-2-yl)cyclohexa-1,3-diene",47.146
"Benzene, 1-(1,5-dimethyl-4-hexenyl)-4-methyl-",47.479
"(1S,2E,6E,10R)-3,7,11,11-Tetramethylbicyclo[8.1.0]undeca-2,6-diene",48.04
"1,3-Cyclohexadiene, 5-(1,5-dimethyl-4-hexenyl)-2-methyl-, [S-(R*,S*)]-",48.455
"(5R,10R)-10-Methyl-6-methylene-2-(propan-2-ylidene)spiro[4.5]dec-7-ene",48.607
"(1S,7S,8aR)-1,8a-Dimethyl-7-(prop-1-en-2-yl)-1,2,3,7,8,8a-hexahydronaphthalene",48.73
beta-Bisabolene,49.093
"(R)-1-Methyl-4-(6-methylhept-5-en-2-yl)cyclohexa-1,4-diene",49.205
"Cyclohexene, 3-(1,5-dimethyl-4-hexenyl)-6-methylene-, [S-(R*,S*)]-",49.915
(E)-1-Methyl-4-(6-methylhept-5-en-2-ylidene)cyclohex-1-ene,50.196
"Naphthalene, 1,2,4a,5,6,8a-hexahydro-4,7-dimethyl-1-(1-methylethyl)-, [1S-(1alpha,4abeta,8aalpha)]-",50.397
"Cyclohexanemethanol, 4-ethenyl-alpha,alpha,4-trimethyl-3-(1-methylethenyl)-, [1R-(1alpha,3alpha,4beta)]-",51.064
"1,6,10-Dodecatrien-3-ol, 3,7,11-trimethyl-, (E)-",52.124
(-)-Globulol,52.83
alpha-Cadinol,56.874
"Bergamotol, Z-alpha-trans-",60
Pentadecanal-,60.413
"Phenol, 5-(1,5-dimethyl-4-hexenyl)-2-methyl-, (R)-",62.35
