Name,RT
Ethanol,1.57
Acetonitrile,1.678
Acetic acid,2.173
3-Thujene,11.09
beta-Myrcene,14.789
p-Cymenene,21.126
"1R,4R-p-Mentha-2,8-dien-1-ol",23.329
Dill ether,27.596
"Benzenemethanol, alpha,alpha,4-trimethyl-",28.234
cis-Dihydrocarvone,28.582
trans-Dihydrocarvone,29.224
Neodihydrocarveol,30.151
cis-Carveol,30.563
Isopiperitenon,33.536
alpha-Terpinen-7-al,34.232
"1,4-p-Menthadien-7-al",34.801
p-Cymen-7-ol,35.076
Piperitenone,38.014
Eugenol,39.191
Pentadecane,48.04
Myristicin,49.148
Elemicin,51.478
Apiol,58.325
Heptadecane,59.296
