Name,RT
Ethanol,1.57
Acetic acid,2.212
Hexanal,5.386
"Butanoic acid, 3-methyl-",7.76
3-Thujene,11.08
Benzaldehyde,12.974
Sabinen,13.514
"1-Hexanol, 2-ethyl-",17.418
Benzeneacetaldehyde,18.183
gamma-Terpinene,19.017
p-Cymenene,21.092
"Phenol, 2-methoxy-",21.298
Phenylethyl Alcohol,22.916
Cosmene,24.51
Terpinen-4-ol,27.027
2-Methoxy-5-methylphenol,28.43
Estragole,28.655
"Benzaldehyde, 2,5-dimethyl-",29.818
Citronellol,31.01
"Benzaldehyde, 4-(1-methylethyl)-",31.319
"Styrene, o-isopropyl-alpha-methyl-",33.158
"Cinnamaldehyde, (E)-",33.388
Anethole,34.438
p-Cymen-7-ol,35.046
Eugenol,39.171
beta-Elemen,41.128
alpha-Ionone,43.468
trans-alpha-Bergamotene,43.87
"beta-Ionone, dihydro-",44.086
Epi-beta-Santalene,44.522
"Naphthalene, 1,2,4a,5,6,8a-hexahydro-4,7-dimethyl-1-(1-methylethyl)-",46.813
trans-beta-Ionone,46.99
"4a,8-Dimethyl-2-(prop-1-en-2-yl)-1,2,3,4,4a,5,6,7-octahydronaphthalene",47.23
"Propanoic acid, 2-methyl-, 3,7-dimethyl-2,6-octadienyl ester, (Z)-",47.554
Geranyl isobutyrate,48.917
"Butanoic acid, 2-methyl-, 3,7-dimethyl-2,6-octadienyl ester, (Z)-",52.552
Agarospirol,56.238
"1,8,11-Heptadecatriene, (Z,Z)-",57.143
beta-Santalol,60.414
"7-Hexadecenal, (Z)-",63.769
Bohlmann k2631,64.917
