Name,RT
Ethanol,1.579
Thiirane,2.153
3-Thujene,10.801
Sabinen,13.523
beta-Myrcene,14.764
alpha-Phellandrene,15.368
3-Carene,15.716
alpha-Terpinen,16.226
Eucalyptol,17.128
gamma-Terpinene,19.13
cis-Sabinene hydrate,19.61
p-Cymenene,21.097
Linalool,22.068
cis-2-p-Menthen-1-ol,23.26
Cosmene,24.128
(E)-p-2-Menthen-1-ol,24.555
Sabina ketone,25.747
Terpinen-4-ol,27.272
Crypton,27.728
p-Cymen-8-ol,27.826
cis-Piperitol,28.361
2-Pinen-10-ol,28.493
trans-Piperitol,29.303
"Benzaldehyde, 4-(1-methylethyl)-",31.387
Piperitone,32.285
"2H-Pyran-2-one, 5,6-dihydro-6-propyl-",33.496
Safrole,34.752
"p-Mentha-1,4-dien-7-ol",37.42
Isosafrole,37.852
Eugenol,39.245
"Phenol, 2-methoxy-4-propyl-",39.775
beta-Isosafrole,40.152
Methyleugenol,42.418
(E)-beta-Famesene,45.415
alpha-Farnesene,48.5
"Phenol, 2,5-di-tert-butyl-",48.922
Elemicin,51.468
Methoxyeugenol,54.092
Methyl tetradecanoate,60.699
Tetradecanoic acid,63.073
Octadecane,63.769
Diisobutyl phthalate,64.578
Nonadecane,64.848
"Hexadecanoic acid, methyl ester",65.054
Eicosane,65.491
