Name,RT
"2-Butenal, 3-methyl-",5.031
3-Thujene,10.799
alpha-Pinene,11.079
Sabinen,13.433
beta-Myrcene,14.753
Pseudolimonen,15.307
3-Carene,15.699
alpha-Terpinene,16.17
Eucalyptol,17.087
trans-beta-Ocimene,18.505
gamma-Terpinene,19.015
cis-Linalool oxide,20.035
"Benzoic acid, methyl ester",21.713
Linalool,22.287
"1,5,7-Octatrien-3-ol, 3,7-dimethyl-",22.434
L-Pinocarveol,24.347
Terpinen-4-ol,27.054
Crypton,27.746
Estragole,28.688
trans-Carveol,30.135
cis-Anethole,32.303
Anethole,34.652
delta-EIemene,38.105
"Phenol, 4-(2-propenyl)-, acetate",38.968
Nerol acetate,40.062
"Benzoic acid, 4-methoxy-, methyl ester",40.43
"2-Propanone, 1-(4-methoxyphenyl)-",41.092
Geranyl acetate,41.264
beta-Elemen,41.386
"Benzenemethanol, alpha-ethyl-4-methoxy-",42.254
Sesquithujene,42.357
cis-alpha-Bergamotene,42.843
trans-alpha-Bergamotene,44.104
(E)-beta-Famesene,45.511
gamma-Muurolene,46.37
Germacrene D,46.536
Bicyclogermacren,47.473
alpha-Muurolene,47.821
trans-Methylisoeugenol,48.072
Pentadecane,48.121
beta-Bisabolene,48.464
alpha-Farnesene,48.611
alpha-Calacorene,50.181
Elemol,50.666
(6E)-Nerolidol,51.736
alpha-Cadinol,56.469
1-(3-Methyl-2-butenoxy)-4-(1-propenyl)benzene,58.386
Heptadecane,59.309
