Name,RT
Ethanol,1.579
Propanal,1.663
Carbon disulfide,1.815
1-Propanol,1.879
"Cyclopentene, 3-methyl-",1.996
2-Thiapentane,3.355
"1-Propene, 1-(methylthio)-, (Z)-",3.522
"Disulfide, dimethyl",3.983
Toluene,4.513
"Propanethial, S-oxide",4.576
Isobutyl acetate,4.768
"Thiophene, 3-methyl-",4.841
Hexanal,5.503
Butyl acetate,6.087
"2-Pentenal, 2-methyl-",6.666
Propyldisulfane,7.647
"Thiophene, 3,4-dimethyl-",8.196
S-Propyl thioacetate,8.25
1-Hexanol,8.329
"Thiophene, 2,4-dimethyl-",8.53
Propyl sulfide,9.202
"Thiophene, 3,4-dimethyl-",9.829
(Z)-1-Methyl-2-(prop-1-en-1-yl)disulfane,11.742
Camphene,12.194
"1,2-Dithiole",12.571
(E)-1-Methyl-2-(prop-1-en-1-yl)disulfane,12.591
Benzaldehyde,13.062
Dimethyl trisulfide,13.371
1-Octen-3-ol,14.514
Phenol,14.916
alpha-Phellandrene,15.735
Octanal,15.926
alpha-Terpinene,16.554
beta-Terpinen,17.3
Zineol,17.476
Ethylhexanol,17.726
beta-Ocimene,18.241
"2-Octenal, (E)-",19.561
Hypnon,19.904
1-Octanol,20.654
"Styrene, 3,4-dimethyl-",21.493
o-Guaiacol,21.567
"Disulfide, (1E)-1-propen-1-yl propyl",23.269
"Trisulfide, methyl 2-propenyl",24.554
"4-Methyl-1,2,3-trithiolane",25.28
"Trisulfide, methyl propyl",25.461
(Z)-Prop-1-en-1-yl propanedithioate,26.349
"Benzaldehyde, 2,4-dimethyl-",27.874
alpha-Methylbenzyl acetate,28.948
Neral,31.999
"2-Decenal, (E)-",33.436
(E)-Citral,34.04
Nonanoic acid,34.952
3-Undecanone,35.305
"Naphthalene, 2-methyl-",35.972
"Trisulfide, dipropyl",37.331
Cephreine,39.553
Ylangene,40.499
Geranyl acetate,41.505
"Amorpha-4,11-diene",45.747
(E)-beta-Famesene,45.884
gamma-Curcumene,47.086
alpha-Curcumene,47.312
(-)-Bicyclosesquiphellandrene,47.856
alpha-Zingiberene,48.141
beta-Bisabolene,48.862
alpha-Farnesene,48.989
(E)-gamma-Bisabolene,50.161
alpha-Calacorene,50.617
"Disulfide, 1-(1-propenylthio)propyl propyl",53.717
Cetane,54.281
Benzophenone,55.296
"3,4-Dimethyl-2-(propyldisulfanyl)thiophene",56.861
"(E)-3,4-Dimethyl-2-(prop-1-en-1-yldisulfanyl)thiophene",57.194
