Name,RT
Alcohol,1.594
Isopentyl alcohol,3.812
"1-Butanol, 2-methyl-",3.895
Hexanal,5.558
p-Xylene,8.246
"Butanoic acid, 2-methyl-",8.457
o-Xylene,9.354
alpha-Thujene,11.218
(R)-alpha-Pinene,11.517
beta-Myrcene,15.279
alpha-Phellandrene,15.927
Octanal,16.049
D-Limonene,17.81
beta-cis-Ocimene,18.517
Benzeneacetaldehyde,18.693
gamma-Terpinene,19.762
1-Octanol,20.812
Linalool,22.852
Nonanal,23
Fenchol,23.343
"(E)-p-Mentha-2,8-dien-1-ol",23.833
Cosmene,24.726
beta-Terpinol,25.467
Isopulegol,26.144
Isoborneol,26.801
4-Terpineol,27.723
alpha-Terpineol,28.787
Decanal,29.92
"Benzaldehyde, 2,5-dimethyl-",30.146
"Acetic acid, octyl ester",30.465
trans-Carveol,30.612
Nerol,31.382
Citronellol,31.529
(Z)-iso-Geraniol,31.784
Neral,32.181
Piperitone,32.863
Geraniol,33.251
Perillaldehyde,34.192
1-Decanol,34.448
"p-Mentha-1(7),8(10)-dien-9-ol",35.37
(+)-p-Menta-1-en-9-ol,35.713
Perilla alcohol,35.904
Undecanal,36.66
delta-EIemene,38.371
alpha-Cubebene,39.112
Nerol acetate,40.441
Geranyl acetate,41.682
beta-Elemene,41.849
Dodecanal,43.134
cis-Caryophyllene,43.325
gamma-Elemene,44.39
Perilla acetate,44.679
cis-beta-Copaene,45.062
Humulene,45.405
"cis-Muurola-4(15),5-diene",46.013
beta-Selinene,47.387
gamma-Gurjunene,47.539
alpha-Bulnesene,48.681
alpha-Farnesene,49.201
alpha-Calacorene,50.805
Elemol,51.271
