Name,RT
Ethanol,1.57
1-Penten-3-ol,2.855
3-Pentanone,3.075
3-Pentanol,3.1
Acetoin,3.291
"1-Butanol, 3-methyl-",3.777
"1-Butanol, 2-methyl-",3.85
"2-Penten-1-ol, (Z)-",4.665
3-Hexenal,5.4
"2-Hexenal, (E)-",7.48
"3-Hexen-1-ol, (Z)-",7.966
"2-Hexen-1-ol, (E)-",8.265
1-Hexanol,8.387
Styrene,9.172
2-Heptanone,9.305
2-Heptanol,9.888
Tricyclene,10.663
alpha-Thujene,11.08
alpha-Pinene,11.458
Camphene,12.203
"2,4(10)-Thujadiene",12.547
(+)-Sabinene,14.195
"2,3-Dehydro-1,8-cineole",14.896
beta-Myrcene,15.156
2-Carene,15.485
alpha-Phellandrene,15.71
3-Carene,16.054
alpha-Terpinene,16.544
D-sylvestrene,17.486
Eucalyptol,14.579
"2-Heptanol, acetate",18.653
trans-beta-Ocimene,18.869
gamma-Terpinene,19.516
cis-Sabinene hydrate,19.938
1-Octanol,20.669
Terpinolene,21.478
Linalool,22.474
"p-Mentha-1,5,8-triene",22.916
Fenchol,23.122
Cosmene,24.47
(+)-2-Bornanone,25.226
Camphene hydrate,25.329
Isoborneol,25.912
trans-3-Pinanone,26.158
Pinocarvone,26.31
"3-Pinanone, cis",27.06
Terpinen-4-ol,27.614
p-Cymen-8-ol,28.149
alpha-Terpineol,28.478
Myrtenal,28.654
2-Pinen-10-ol,28.791
3-Phenylpropanol,31.244
Piperitone,32.588
"p-Mentha-1,8-dien-7-ol",35.688
Isoascaridol,36.026
alpha-Cubebene,38.895
(+)-Cyclosativene,39.768
Ylangene,40.578
beta-Cubebene,41.411
(-)-beta-Elemene,41.568
cis-3-Hexenyl cis-3-hexenoate,41.593
beta-Longipinene,42.324
beta-Ylangene,43.697
alpha-Ionone,43.834
Humulene,45.164
Alloaromadendrene,45.605
(E)-beta-Famesene,45.836
gamma-Muurolene,46.733
beta-Eudesmene,47.199
Bicyclosesquiphellandrene,47.483
alpha-Muurolene,48.151
Pentadecane,48.494
alpha-Farnesene,48.984
L-calamenene,49.509
alpha-Cadinene,50.274
alpha-Calacorene,50.549
E-Nerolidol,52.069
cis-3-Hexenyl benzoate,52.329
Caryophyllene oxide,52.702
Viridiflorol,53.869
Humulene epoxide II,54.198
"Di-epi-1,10-cubenol",55.365
Epicubenol,56.145
delta-Cadinol,56.42
gamma-Gurjunene,57.906
Heptadecane,59.696
Anthracene,62.678
Hexadecanal,64.115
