Name,RT
"3-Penten-2-one, 4-methyl-",5.42
"2-Hexenal, (E)-",7.23
"3-Hexen-1-ol, (E)-",7.686
1-Hexanol,8.432
Benzaldehyde,13.042
1-Octen-3-ol,14.47
"5-Hepten-2-one, 6-methyl-",14.9
beta-Myrcene,15.088
"Cyclohexene, 1-methyl-5-(1-methylethenyl)-, (R)-",17.26
Benzyl alcohol,17.967
Benzeneacetaldehyde,18.369
"2-Furanmethanol, 5-ethenyltetrahydro-alpha,alpha,5-trimethyl-, cis-",20.314
trans-Linalool oxide (furanoid),21.415
Linalool,22.366
"1,5,7-Octatrien-3-ol, 3,7-dimethyl-",22.685
Phenylethyl Alcohol,23.156
"(E)-2,6-Dimethylocta-3,7-diene-2,6-diol",28.699
"1-Cyclohexene-1-carboxaldehyde, 2,6,6-trimethyl-",30.342
"2,6-Octadien-1-ol, 3,7-dimethyl-, (Z)-",31.141
"(Z)-2,6-Dimethylocta-2,5,7-trien-4-one",31.308
cis-3-Hexenyl isovalerate,31.509
Neral,31.946
"1-Cyclohexene-1-acetaldehyde, 2,6,6-trimethyl-",32.755
Geraniol,33.034
"2,6-Octadienal, 3,7-dimethyl-, (E)-",33.971
"1-Cyclohexene-1-ethanol, 2,6,6-trimethyl-",37.871
2-(4-Methoxyphenyl)ethanol,40.107
"2-Cyclopenten-1-one, 3-methyl-2-(2-pentenyl)-, (Z)-",42.054
"2-Butanone, 4-(2,6,6-trimethyl-1-cyclohexen-1-yl)-",44.58
"5,9-Undecadien-2-one, 6,10-dimethyl-, (E)-",45.556
"2(3H)-Furanone, 5-hexyldihydro-",46.513
trans-beta-Ionone,47.514
"Naphthalene, 1,2,4a,5,8,8a-hexahydro-4,7-dimethyl-1-(1-methylethyl)-, [1S-(1alpha,4abeta,8aalpha)]-",49.51
alpha-Calacorene,50.535
