Name,RT
Dimethyl sulfide,1.741
2-Butanol,2.104
Acetic acid,2.237
"Butanal, 3-methyl-",2.551
1-Penten-3-ol,2.874
3-Pentanone,3.095
"Furan, 2-ethyl-",3.144
"3-Buten-1-ol, 3-methyl-",3.718
"1-Butanol, 3-methyl-",3.796
"Disulfide, dimethyl",3.953
"2-Pentenal, (E)-",4.253
1-Pentanol,4.601
"2-Penten-1-ol, (Z)-",4.709
Hexanal,5.454
2-Hexenal,7.6
"2-Hexenal, (E)-",7.681
"3-Hexen-1-ol, (Z)-",7.9
"2-Hexen-1-ol, (E)-",8.3
1-Hexanol,8.579
Cyclohexanol,8.986
Styrene,9.192
"Ethanol, 2-butoxy-",10.138
"2,4-Hexadienal, (E,E)-",10.256
"3-Hexen-1-ol, formate, (Z)-",11.271
alpha-Thujene,11.365
Benzaldehyde,13.047
Dimethyl trisulfide,13.336
1-Heptanol,13.945
1-Octen-3-ol,14.45
3-Octanone,14.862
beta-Myrcene,15.068
"5-Hepten-2-ol, 6-methyl-",15.313
trans-2-(2-Pentenyl)furan,15.701
"3-Hexen-1-ol, acetate, (Z)-",16.24
"Acetic acid, hexyl ester",16.691
"4-Hexen-1-ol, acetate",16.888
D-sylvestrene,17.27
"1-Hexanol, 2-ethyl-",17.663
Benzyl alcohol,17.962
Benzeneacetaldehyde,18.379
trans-beta-Ocimene,18.84
"Benzenemethanol, alpha-methyl-",19.678
"2-Octen-1-ol, (Z)-",20.345
Benzyl formate,20.713
Linalool,22.45
Phenylethyl Alcohol,23.161
"3-Nonen-1-ol, (Z)-",26.172
"Acetic acid, phenylmethyl ester",26.756
1-Nonanol,27.497
Methyl salicylate,28.669
beta-Cyclocitral,30.337
"2,6-Octadien-1-ol, 3,7-dimethyl-",33.039
Caryophyllene,43.03
trans-beta-Ionone,47.376
Pentadecane,48.44
Heptadecane,59.697
Octadecane,63.9
"2-Pentadecanone, 6,10,14-trimethyl-",64.45
"Hexadecanoic acid, methyl ester",65.122
