Name,RT
Ethanol,1.584
Acetic acid,2.139
Benzaldehyde,12.68
Eucalyptol,17.055
"1-Hexanol, 2-ethyl-",17.443
Benzyl alcohol,17.977
Linalool,22.048
Isopulegol,24.888
L-Borneol,26.218
Terpinen-4-ol,27.047
Estragole,28.808
Citronellol,31.049
"Benzaldehyde, 4-(1-methylethyl)-",31.397
Piperitone,32.373
Anethole,34.728
Eugenol,39.339
trans-alpha-Bergamotene,43.881
alpha-Guaiene,43.944
Aromandendrene,44.479
beta-Eudesmene,47.241
"Phenol, 2,5-bis(1,1-dimethylethyl)-",48.884
"Cadina-3,9-diene",49.165
(-)-alpha-Panasinsen,49.924
Octadecane,63.775
Nonadecane,64.854
