Name,RT
Ethyl Chloride,1.555
Ethanol,1.575
Trimethylene oxide,1.653
Butanal,2.026
"3-Buten-2-ol, 2-methyl-",2.119
1-Penten-3-ol,2.786
1-Penten-3-one,2.845
"Furan, 2-ethyl-",3.041
2-Vinylfuran,3.453
"1-Butanol, 3-methyl-",3.664
"2-Pentenal, (E)-",4.081
"2-Penten-1-ol, (Z)-",4.518
3-Hexenal,5.293
Hexanal,5.337
2-Hexenal,7.647
"3-Hexen-1-ol, (Z)-",7.74
"2-Hexen-1-ol, (E)-",8.054
1-Hexanol,8.133
Styrene,8.903
"2,4-Hexadienal, (E,E)-",10.011
Benzaldehyde,12.645
4-Oxohex-2-enal,13.219
1-Octen-3-ol,14.097
"5-Hepten-2-one, 6-methyl-",14.509
beta-Myrcene,14.642
cis-2-(2-Pentenyl)furan,15.279
"m-Mentha-6,8-diene, (R)-(+)-",16.815
"1-Hexanol, 2-ethyl-",17.256
Benzeneacetaldehyde,17.957
Terpinolene,20.827
p-Cymenene,20.954
Linalool,21.93
"1,5,7-Octatrien-3-ol, 3,7-dimethyl-",22.23
Phenylethyl Alcohol,22.75
cis-Ocimenol,25.594
"Benzaldehyde, 3-ethyl-",25.992
Methyl salicylate,28.135
Decanal,29.141
beta-Cyclocitral,29.788
"2,6-Octadien-1-ol, 3,7-dimethyl-",32.618
alpha-Cubebene,38.279
Ylangene,39.912
(-)-beta-Bourbonene,40.349
beta-Damascenone,40.579
beta-Cubebene,40.8
alpha-Guaiene,43.782
beta-Gurjunene,44.032
Alloaromadendrene,45.71
"cis-Muurola-4(15),5-diene",45.877
gamma-Muurolene,46.083
gamma-Gurjunene,46.627
Bicyclosesquiphellandrene,46.823
alpha-Muurolene,47.544
"Cadina-1,3,5-triene",48.898
"Cadina-3,9-diene",48.991
Palustrol,51.223
Viridiflorol,53.259
"Di-epi-1,10-cubenol",54.769
Epicubenol,55.53
delta-Cadinol,55.834
5-Hydroxycalamenene,63.755
"Phthalic acid, diisobutyl ester",64.55
Dibutyl phthalate,65.286
