Name,RT
Ethanol,1.584
2-Pentanone,2.972
2-Pentanol,3.144
n-Propyl acetate,3.433
"Butanoic acid, methyl ester",3.59
"1-Butanol, 3-methyl-",3.845
Isobutyl acetate,4.831
Cyclopentanone,5.253
"Butanoic acid, ethyl ester",5.675
"2-Butenoic acid, ethyl ester, (E)-",7.294
"2-Pentanol, acetate",7.558
Ethylbenzene,7.887
1-Hexanol,8.51
"1-Butanol, 3-methyl-, acetate",8.809
Styrene,9.275
2-Heptanone,9.412
2-Heptanol,10.016
"Hexanoic acid, methyl ester",11.32
"alpha-Pinene, (D)-",11.536
"Butanoic acid, 3-hydroxy-, ethyl ester",11.87
Benzaldehyde,13.214
1-Heptanol,14.244
"5-Hepten-2-one, 6-methyl-",15.132
beta-Myrcene,15.289
"Hexanoic acid, ethyl ester",15.8
"Acetic acid, hexyl ester",17.108
beta-cis-Ocimene,18.428
"2-Hexenoic acid, ethyl ester",19.006
"3-Octen-1-ol, (Z)-",19.242
gamma-Terpinene,19.629
"Butanoic acid, 3-methylbutyl ester",19.732
1-Octanol,20.959
trans-Linalool oxide (furanoid),21.743
"Hexanoic acid, propyl ester",22.445
Linalool,22.719
2-Nonanol,22.881
"Acetic acid, heptyl ester",23.691
"(E)-4,8-Dimethylnona-1,3,7-triene",23.794
3-Mercaptohexanol,24.245
"Octanoic acid, methyl ester",24.456
"Hexanoic acid, 3-hydroxy-, ethyl ester",24.711
"Propanoic acid, 2-methyl-, hexyl ester",26.123
"Hexanoic acid, 2-methylpropyl ester",26.27
"Acetic acid, phenylmethyl ester",27.026
"Benzoic acid, ethyl ester",27.359
"7-Octenoic acid, ethyl ester",29.002
"Butanoic acid, hexyl ester",29.321
"Octanoic acid, ethyl ester",29.738
"3-Octenoic acid, ethyl ester",29.88
Decanal,30.032
"Acetic acid, octyl ester",30.562
cis-Geraniol,31.425
"Butanoic acid, 2-methyl-, hexyl ester",32.167
"2-Nonanol, acetate",32.24
"2-Octenoic acid, ethyl ester",32.814
Isopentyl hexanoate,33.024
"Benzoic acid, 2-hydroxy-, ethyl ester",34.005
1-Decanol,34.506
"1-Oxaspiro[4.5]dec-6-ene, 2,6,10,10-tetramethyl-",36.845
beta-Citronellyl acetate,39.754
"Hexanoic acid, 3-hexenyl ester, (Z)-",41.618
"Hexanoic acid, hexyl ester",42.299
"Butanoic acid, octyl ester",42.398
"Decanoic acid, ethyl ester",42.658
"beta-Ionone, dihydro-",44.825
"Octanoic acid, 3-methylbutyl ester",45.571
Ethyl cinnamate,46.444
trans-beta-Ionone,47.66
"Hexanoic acid, heptyl ester",47.852
Pentadecane,48.725
Citronellyl butyrate,50.392
"Octanoic acid, 3-hexenyl ester, (Z)-",53.311
"Octanoic acid, hexyl ester",53.664
2-Pentadecanone,59.873
Citronellyl hexanoate,61.041
"Decanoic acid, hexyl ester",63.67
"Tetradecanoic acid, ethyl ester",63.92
"7-Hexadecenal, (Z)-",63.989
