Name,RT
Ethanol,1.57
Acetonitrile,1.653
Methyl vinyl ketone,2.041
2-Butanone,2.09
2-Butanol,2.104
Ethyl Acetate,2.193
1-Butanol,2.668
1-Penten-3-ol,2.889
"Disulfide, dimethyl",3.988
1-Pentanol,4.64
Isobutyl acetate,4.773
Hexanal,5.479
"Butanoic acid, ethyl ester",5.597
"Acetic acid, butyl ester",6.102
2-Hexenal,7.24
"2-Hexenal, (E)-",7.24
"3-Hexen-1-ol, (Z)-",7.681
"2-Hexen-1-ol, (E)-",8.216
1-Hexanol,8.329
2-Heptanone,9.364
3-Hepten-2-one,11.914
"2-Heptenal, (Z)-",13.008
"2,2,6-Trimethyl-6-vinyltetrahydropyran",13.739
Phenol,15.009
beta-Myrcene,15.102
apha-Phellandrene,15.72
Octanal,15.931
(+)-4-Carene,16.54
"1-Hexanol, 2-ethyl-",17.702
beta-cis-Ocimene,18.222
"Furan, tetrahydro-2,2-dimethyl-5-(1-methyl-1-propenyl)-",18.757
gamma-Terpinene,19.404
Acetophenone,19.953
cis-Linaloloxide,20.385
trans-Linalool oxide (furanoid),21.484
Linalool,22.435
"1,5,7-Octatrien-3-ol, 3,7-dimethyl-",22.729
"7-Octen-2-ol, 2-methyl-6-methylene-",23.912
cis-Ocimenol,26.84
Terpinen-4-ol,27.453
Dill ether,28.022
apha-Terpineol,28.488
Methyl salicylate,28.625
Decanal,29.714
"Benzaldehyde, 2,5-dimethyl-",29.949
Geraniol,33.108
4-Methylpentyl 4-methylpentanoate,37.042
"2,3-Dimethyldodecane",40.117
beta-Damascenone,41.211
Tetradecane,42.422
Pentadecane,48.495
Isopentyl 8-methylnon-6-enoate,53.841
Hexadecane,54.263
4-Methylpentyl 8-methylnon-6-enoate,59.334
Heptadecane,59.746
Octadecane,63.915
