Name,RT
Ethanol,1.585
Dimethyl sulfide,1.727
Trichloromethane,2.183
"Butanal, 3-methyl-",2.497
1-Penten-3-ol,2.816
1-Penten-3-one,2.889
"Furan, 2-ethyl-",3.061
"2-Pentenal, (E)-",4.145
Toluene,4.341
"2-Penten-1-ol, (Z)-",4.552
3-Hexenal,5.219
Hexanal,5.254
"2-Hexenal, (E)-",6.946
2-Hexenal,7.368
"3-Hexen-1-ol, (Z)-",7.451
1-Hexanol,8.064
"2,4-Hexadienal, (E,E)-",9.972
Benzaldehyde,12.651
4-Oxohex-2-enal,12.965
2-Thujene,13.372
1-Octen-3-one,13.872
1-Octen-3-ol,14.446
beta-Myrcene,14.662
3-Octanol,15.157
alpha-Terpinene,16.045
"m-Mentha-6,8-diene, (R)-(+)-",16.889
Eucalyptol,16.967
"1-Hexanol, 2-ethyl-",17.261
Benzeneacetaldehyde,17.899
trans-beta-Ocimene,18.36
gamma-Terpinene,18.86
p-Cymenene,20.94
Linalool,21.985
"1,5,7-Octatrien-3-ol, 3,7-dimethyl-",22.206
Terpinen-4-ol,26.86
beta-Cyclocitral,29.789
cis-Geraniol,30.765
"Benzaldehyde, 4-(1-methylethyl)-",31.353
Neral,31.447
Perilla aldehyde,34.296
alpha-Terpinen-7-al,34.581
Shisool,34.625
"p-Mentha-1,8-dien-7-ol",35.356
delta-EIemene,37.519
alpha-Cubebene,38.323
beta-Damascenone,40.634
beta-Elemen,41.006
Methyl 4-(prop-1-en-2-yl)cyclohex-1-enecarboxylate,41.384
Caryophyllene,42.654
(E)-beta-Famesene,45.328
gamma-Muurolene,46.112
trans-beta-Ionone,46.828
Bicyclogermacren,47.206
"(Z,E)-alpha-Farnesene",47.706
alpha-Farnesene,48.344
"2,4-Di-tert-butylphenol",48.717
"Cadina-3,9-diene",48.938
(6E)-Nerolidol,51.508
"Phthalic acid, diisobutyl ester",64.555
"Hexadecanoic acid, methyl ester",65.036
Dibutyl phthalate,65.291
