Name,RT
Methyl propionate,2.32
"Butanoic acid, methyl ester",3.512
"Butanoic acid, 2-methyl-, methyl ester",4.817
Hexanal,5.489
"Butanoic acid, ethyl ester",5.592
"Butanoic acid, 2-methyl-, ethyl ester",7.451
"1-Butanol, 3-methyl-, acetate",8.707
"Pentanoic acid, ethyl ester",9.943
"5-Hexenoic acid, methyl ester",10.487
"Hexanoic acid, methyl ester",11.257
"Propanedioic acid, dimethyl ester",11.552
1-Octen-3-ol,14.504
"Benzene, 1,2,4-trimethyl-",15.005
Phenol,15.098
"Hexanoic acid, ethyl ester",15.794
"3-Hexenoic acid, ethyl ester",16.545
"Acetic acid, hexyl ester",16.751
"2,4-Hexadienoic acid, methyl ester",16.81
3-(Methylthio)propanoic acid methyl ester,17.506
"1-Hexanol, 2-ethyl-",17.727
Furaneol,20.263
1-Octanol,20.616
"2H-Pyran-2-one, tetrahydro-6-methyl-",21.817
Ethyl 3-(methylthio)propionate,22.485
Nonanal,22.725
"Octanoic acid, methyl ester",24.255
"4-Octenoic acid, methyl ester",24.677
1-Nonanol,27.522
"Benzeneacetic acid, methyl ester",27.757
"7-Octenoic acid, ethyl ester",28.689
"Octanoic acid, ethyl ester",29.293
"3-Octenoic acid, ethyl ester",29.601
Decanal,29.7
"Benzaldehyde, 2,5-dimethyl-",29.925
"Decanoic acid, methyl ester",37.719
"Carbamodithioic acid, diethyl-, methyl ester",40.696
"Acetic acid, decyl ester",43.202
"2-Pentadecanone, 6,10,14-trimethyl-",64.466
