Name,RT
Ethanol,1.584
Acetone,1.673
Acetic acid,2.178
Toluene,4.415
Styrene,9.07
Benzaldehyde,12.881
Sabinen,13.523
"5-Hepten-2-one, 6-methyl-",14.686
beta-Myrcene,14.764
alpha-Phellandrene,15.363
alpha-Terpinene,16.177
Eucalyptol,17.075
Benzyl alcohol,17.673
beta-cis-Ocimene,17.859
gamma-Terpinene,19.022
"Benzenemethanol, alpha-methyl-",19.4
Acetophenone,19.522
Linalool,22.053
Isoborneol,25.516
Terpinen-4-ol,27.022
3-Phenylpropanol,31.245
Cumaldehyde,31.402
"Benzenepropanoic acid, methyl ester",33.835
Safrole,34.556
"3-Tridecene, (E)-",34.713
Tridecane,35.64
Piperonal,37.499
delta-EIemene,37.685
alpha-Cubebene,38.436
Ethyl dihydrocinnamate,38.627
Eugenol,39.157
Hydrocinnamic acid,39.599
Ylangene,39.726
alpha-Bourbonene,40.515
beta-Cubebene,40.991
beta-Elemen,41.202
1-Tetradecene,41.55
Tetradecane,42.07
Sesquithujene,42.306
Methyleugenol,42.433
Caryophyllene,42.884
beta-Copaene,43.782
trans-alpha-Bergamotene,43.978
Humulene,44.895
(E)-beta-Famesene,45.641
Germacrene D,46.72
Bicyclosesquiphellandrene,47.161
"4a,8-Dimethyl-2-(prop-1-en-2-yl)-1,2,3,4,4a,5,6,7-octahydronaphthalene",47.446
1-Pentadecene,47.519
Zingiberene,47.868
Pentadecane,48.579
7-epi-alpha-Selinene,48.804
beta-Sesquiphellandrene,49.413
Cubenene,49.726
trans-gamma-Bisabolene,49.849
alpha-Cadinene,50.021
alpha-Calacorene,50.261
Humulene oxide II,53.817
Muurolol T,56.47
cis-9-Tetradecen-1-ol,57.834
1-Tetradecanol,58.31
cis-11-Tetradecen-1-ol,58.418
"3-Heptadecene, (Z)-",59.153
Heptadecane,59.654
"7-Isopropenyl-1,4a-dimethyl-4,4a,5,6,7,8-hexahydro-3H-naphthalen-2-one",61.537
"7-Hexadecenal, (Z)-",63.774
1-Hexadecanol,64.666
Nonadecane,64.853
"Hexadecanoic acid, methyl ester",65.059
