Name,RT
1-Penten-3-ol,2.884
"Furan, 2-ethyl-",3.144
"1-Butanol, 3-methyl-",3.801
"1-Butanol, 2-methyl-",3.865
Hexanal,5.459
"2-Hexenal, (E)-",7.47
"3-Hexen-1-ol, (Z)-",7.767
"2-Hexen-1-ol, (E)-",8.186
1-Hexanol,8.304
"2,4-Hexadienal, (E,E)-",10.413
alpha-Thujene,11.056
Camphene,12.145
(+)-Sabinene,13.749
1-Octen-3-ol,14.838
3-Octanone,14.965
beta-Myrcene,15.102
3-Octanol,15.637
alpha-Phellandrene,15.701
alpha-Terpinene,16.525
"Acetic acid, hexyl ester",16.917
beta-Phellandrene,17.417
Eucalyptol,17.516
"1-Hexanol, 2-ethyl-",17.736
gamma-Terpinene,19.384
trans-Sabinene hydrate,19.924
1-Octanol,20.571
alpha- Terpinolen,21.336
p-Cymenene,21.425
Linalool,22.381
(+)-2-Bornanone,24.971
trans-Borneol,26.54
Terpinen-4-ol,27.443
p-Cymen-8-ol,28.115
alpha-Terpineol,28.39
Decanal,29.66
beta-Cyclocitral,30.347
p-Cumic aldehyde,31.681
Thymoquinone,32.647
Thymol,35.281
Carvacrol,36.448
Isoascaridol,37.017
Eugenol,39.68
Ylangene,40.475
Isocaryophyllene,42.417
Caryophyllene,43.594
trans-alpha-Bergamotene,44.737
Humulene,45.561
(E)-beta-Famesene,45.875
Alloaromadendrene,46.562
gamma-Curcumene,47.057
trans-beta-Ionone,47.415
(-)-Zingiberene,48.043
alpha-Muurolene,48.22
alpha-Bulnesene,48.484
beta-Bisabolene,48.852
cis-gamma-Bisabolene,49.151
(-)-beta-Cadinene,49.558
beta-Sesquiphellandrene,49.666
"p-Cymene-2,5-diol",51.869
Caryophyllene oxide,52.766
Humulene epoxide 2,54.223
"11,11-Dimethyl-4,8-dimethylenebicyclo[7.2.0]undecan-3-ol",57.337
