Name,RT
Butanal,1.854
"1-Propanol, 2-methyl-",2.262
"Butanal, 3-methyl-",2.497
"Butanal, 2-methyl-",2.6
"Ethenamine, N-methylene-",3.478
"Butanenitrile, 2-methyl-",3.478
"Butanenitrile, 3-methyl-",3.595
"1-Butanol, 3-methyl-",3.684
"1-Butanol, 2-methyl-",3.758
Hexanal,5.376
2-Hexenal,7.368
"3-Hexen-1-ol, (E)-",7.481
"2-Hexen-1-ol, (E)-",8.005
1-Hexanol,8.157
3-Thujene,11.071
Benzaldehyde,12.822
2-Thujene,13.445
1-Octen-3-ol,14.191
beta-Myrcene,14.745
alpha-Phellandrene,15.358
alpha-Terpinene,16.182
D-sylvestrene,16.942
Eucalyptol,17.065
"1-Hexanol, 2-ethyl-",17.423
Benzyl alcohol,17.776
beta-cis-Ocimene,17.845
Benzeneacetaldehyde,18.139
trans-beta-Ocimene,18.512
gamma-Terpinene,19.022
1-Octanol,20.332
Terpinolene,20.974
Ethyl 2-(5-methyl-5-vinyltetrahydrofuran-2-yl)propan-2-yl carbonate,21.141
"Benzoic acid, methyl ester",21.553
Rosefuran,21.852
Linalool,22.048
"2,2,6-Trimethyl-3-keto-6-vinyltetrahydropyran",22.387
Rose oxide,22.71
Phenylethyl Alcohol,23.044
"(E)-4,8-Dimethylnona-1,3,7-triene",23.176
trans-Rose oxide,23.794
Benzyl nitrile,24.653
"Benzoic acid, ethyl ester",26.782
1-Nonanol,27.189
alpha-Terpineol,28.047
Methyl salicylate,28.209
cis-Geraniol,30.833
Citronellol,30.99
Neral,31.638
Geraniol,32.839
"2,6-Octadien-1-ol, 3,7-dimethyl-",32.908
"Salicylic acid, ethyl ester",33.423
alpha-Citral,33.649
"Benzene, (2-nitroethyl)-",35.385
E-Methylgeranate,37.205
"Benzoic acid, 2-methylpropyl ester",37.254
Ylangene,40.025
Benzyl isovalerate,41.516
trans-alpha-Bergamotene,43.9
"1-Butanol, 3-methyl-, benzoate",44.057
trans-Geranylacetone,45.244
(E)-beta-Famesene,45.43
"2(3H)-Furanone, 5-hexyldihydro-",46.141
Acoradien,46.603
"(Z,E)-alpha-Farnesene",47.77
Benzyl tiglate,47.932
cis-alpha-Bisabolene,48.373
alpha-Farnesene,48.521
Tridecanal,48.668
cis-gamma-Bisabolene,48.692
"Cadina-3,9-diene",49.104
"Dodecanoic acid, methyl ester",49.614
trans-gamma-Bisabolene,49.683
E-Nerolidol,51.714
"3-Hexen-1-ol, benzoate, (Z)-",51.969
Denderalasin,52.214
"Benzoic acid, hexyl ester",52.41
"(3E,7E)-4,8,12-Trimethyltrideca-1,3,7,11-tetraene",52.685
E-2-Hexenyl benzoate,52.896
Tetradecanal,54.514
alpha-epi-Cadinol,55.711
alpha-epi-Muurolol,56.486
Methyl isomyristate,58.742
Heptadecane,59.301
Pentadecanal-,60.031
trans-Farnesol,60.425
Methyl tetradecanoate,60.714
"trans,trans-Farnesal",61.435
Benzyl Benzoate,62.347
Octadecane,63.775
"Benzoic acid, 2-phenylethyl ester",64.417
"Salicylic acid, benzyl ester",64.565
"Phthalic acid, diisobutyl ester",64.584
Eicosane,64.854
Nonadecane,64.854
"Hexadecanoic acid, methyl ester",65.06
