Name,RT
1-Butanol,2.639
Hexanal,5.504
"Butanoic acid, ethyl ester",5.612
"Acetic acid, butyl ester",6.083
"3-Hexen-1-ol, (Z)-",7.745
Ethylbenzene,7.814
p-Xylene,8.177
1-Hexanol,8.393
1-Methoxy-2-propyl acetate,8.52
o-Xylene,9.281
"2-Heptenal, (Z)-",12.989
Benzaldehyde,13.048
alpha-Methylstyrene,14.436
"5-Hepten-2-one, 6-methyl-",14.98
Phenol,15.024
"Butanoic acid, butyl ester",15.613
"Hexanoic acid, ethyl ester",15.868
Octanal,15.951
"1-Hexanol, 2-ethyl-",17.776
Benzeneacetaldehyde,18.458
Acetophenone,19.924
cis-Linalool oxide,20.454
trans-Linalool oxide (furanoid),21.553
Linalool,22.494
Nonanal,22.799
"Benzaldehyde, 4-ethyl-",27.551
"Benzaldehyde, 2-ethyl-",27.914
"Benzenemethanol, alpha-methyl-, acetate",29.003
"Phenol, 2-(1-methylethyl)-",29.763
"Benzaldehyde, 2,5-dimethyl-",29.999
Nonanoic acid,34.997
3-Undecanone,35.36
Dodecanal,43.026
"5,9-Undecadien-2-one, 6,10-dimethyl-, (E)-",45.709
"Phenol, 2-(1-methylethyl)-, methylcarbamate",51.006
Hexadecane,54.356
Benzyl Benzoate,62.832
