Name,RT
2-Bornene,9.583
Tricyclene,10.422
3-Thujene,10.932
alpha-Pinene,11.246
Sabinen,13.644
beta-Myrcene,14.944
3-Carene,15.807
alpha-Terpinene,16.376
trans-beta-Ocimene,18.613
gamma-Terpinene,19.314
trans-Sabinene hydrate,19.702
Isoterpinolene,20.835
Terpinolene,21.144
Linalool,22.105
"p-Mentha-1,5,8-triene",22.6
Cosmene,24.136
(E)-p-2-Menthen-1-ol,24.695
p-Cymen-8-ol,27.942
"p-Menth-1-en-3-ol, cis-",28.467
Estragole,28.717
trans-p-Menth-1-en-3-ol,29.379
"Benzaldehyde, 4-(1-methylethyl)-",31.424
Piperitone,32.297
Linalyl acetate,32.758
Safrole,34.711
delta-EIemene,37.634
alpha-Terpinyl acetate,38.63
Eugenol,39.253
Ylangene,40.307
beta-Cubebene,41.004
beta-Elemen,41.16
Methyleugenol,42.563
Humulene,44.888
(E)-beta-Famesene,45.599
cis-Methyl isoeugenol,45.737
Germacrene D,46.698
beta-Eudesmene,46.875
Bicyclosesquiphellandrene,47.179
alpha-Muurolene,47.826
trans-Methylisoeugenol,48.268
gamma-Cadinene,48.577
Myristicin,49.469
alpha-Cadinene,49.96
alpha-Calacorene,50.239
Elemicin,51.681
"Di-epi-1,10-cubenol",55.012
alpha-epi-Cadinol,55.742
alpha-Cadinol,56.483
Isoelemicin,56.866
