Name,RT
3-Methylbutanal,2.58
Pentanal,3.14
2-Ethylfuran,3.2
cis-3-Hexenal,5.6
Hexanal,5.64
2-Hexyn-1-ol,7.46
p-Xylene,8.3
1-Hexanol,8.5
Styrene,9.3
2-Heptanone,9.5
Heptanal,9.9
2-Acetyl-1-pyrroline,11.2
"Heptane, 3-ethyl-",13.56
Benzaldehyde,13.4
1-Heptanol,14.3
1-Octen-3-one,14.7
1-Octen-3-ol,14.75
"2,3-Octanedione",15.1
6-Methyl-5-hepten-2-one,15.05
alpha-Myrcene,15.45
Phenol,15.27
"Furan, 2-pentyl-",15.3
6-Methylhept-5-en-2-ol,16
Octanal,16.02
o-Cymene,17.31
"Decane, 4-methyl-",17.35
"3-Cyclohexene-1-carboxaldehyde, 4-methyl-",17.77
2-Propyl-1-pentanol,18.05
Phenylacetaldehyde,18.9
beta-trans-Ocimene,19.25
"3-Octen-1-ol, (Z)-",19.43
"2-Octenal, (E)-",19.87
Dodecane,19.88
"2,6-Dimethyldecane",19.9
"Decane, 3,7-dimethyl-",20.2
"p-Mentha-3,8-diene",20.77
2-ethyl-p-xylene,20.8
1-Octanol,20.7
"1,3,8-p-Menthatriene",20.9
trans-Linalool oxide (furanoid),21.65
Guaicol,22.25
Methyl benzoate,22.32
2-Nonanone,22.1
Linalool,22.8
"Heptanoic acid, ethyl ester",22.87
"Decane, 2,4,6-trimethyl-",22.78
Nonanal,23.08
"Decane, 2,6,8-trimethyl-",22.9
"Benzene, 1,2,4,5-tetramethyl-",23.6
Isophorone,23.8
"Octanoic acid, methyl ester",24.71
2'-Methylacetophenone,24.9
"Hexanoic acid, 3-hydroxy-, ethyl ester",24.72
o-Isopropenyltoluene,25.5
m-Cymene,25.88
2-Nonenal,26.75
"Undecane, 4,8-dimethyl-",27
1-Nonanol,27.8
Naphthalene,27.81
p-Cymen-8-ol,28.6
Octanoic acid,28.81
Methyl salicylate,29
Decanal,29.8
"Dodecane, 4-methyl-",30.12
2-Decanone,30.22
"Dodecane, 2-methyl-",30.45
"Dodecane, 2,5-dimethyl-",30.65
beta-Cyclocitral,30.5
"Dodecane, 4,6-dimethyl-",31.2
Benzothiazole,31.5
cis-Geraniol,31.6
"Dodecane, 5,8-diethyl-",32.68
"2-Dodecene, (Z)-",33.07
p-Menth-1-en-3-one,33
"Dodecane, 6,7-diethyl-",33.26
"6-Dodecene, (Z)-",33.43
"4-Dodecene, (E)-",33.7
"2-Decenal, (E)-",33.83
"Dodecane, 2,4,10-trimethyl-",34.1
"Dodecane, 2,6,11-trimethyl-",35.01
2-Butylhept-2-enal,35
"Dodecane, 2,7,10-trimethyl-",35.65
"Tridecane, 2,5-dimethyl-",36
"Naphthalene, 2-methyl-",36.11
"Hexanoic acid, pentyl ester",36.24
1-Tridecene,36.41
Indole,36.2
"Tridecane, 2-methyl-",36.74
Undecanal,36.7
2-Methoxy-4-vinylphenol,37.3
"2,4-Decadienal",37.7
"2-Tridecene, (Z)-",38.11
"Tridecane, 4-methyl-",38.73
"Tridecane, 4,8-dimethyl-",39.18
Copaene,39.3
"2(3H)-Furanone, dihydro-5-pentyl-",40.3
"2,3,3,4,7-Pentamethyl-2,3-dihydro-benzofuran",40.4
"Benzene, 4-ethenyl-1,2-dimethoxy-",41.08
"2-Octenal, 2-butyl-",40.85
"Tridecane, 7-methyl-",42.3
Geranyl acetate,41.9
"Hexanoic acid, hexyl ester",42.21
"Undecanoic acid, ethyl ester",42.72
delta-EIemene,42.78
"Tridecane, 6-methyl-",42.78
Dodecanal,43.2
"Tridecane, 3-methyl-",44.17
"Tetradecane, 2,2-dimethyl-",46.03
cis-Geranylacetone,45.9
trans-Geranylacetone,46.01
"Tetradecane, 4-methyl-",46.63
"Tetradecane, 4,11-dimethyl-",46.8
"Tetradecane, 2,5-dimethyl",47.37
"Tetradecane, 2,6,10-Trimethyl",48.1
delta-Guaiene,48.65
"Octadecane, 2-methyl-",48.67
Pentadecane,48.92
trans-Calamenene,49.94
"Actinidiolide, dihydro-",49.9
alpha-Calacorene,50.8
Pentadecene,51.29
beta-Calacorene,52.2
Hexadecane,54.7
Heptadecane,60.57
Pentadecanal-,60.92
Octadecane,64.05
"2-Pentadecanone, 6,10,14-trimethyl-",64.57
"Hexadecanoic acid, methyl ester",65.24
