Name,RT
Acetaldehyde,1.496
Ethanol,1.585
"2,3-Butanedione",2.002
"Butanal, 3-methyl-",2.482
1-Penten-3-ol,2.777
1-Penten-3-one,2.836
3-Pentanone,2.922
"Furan, 2-ethyl-",3.027
"2-Pentenal, (E)-",4.076
1-Pentanol,4.435
"2-Penten-1-ol, (Z)-",4.503
"4-Pentenal, 2-methyl-",5.229
Hexanal,5.278
Butanoic acid,6.514
"2-Hexenal, (E)-",6.941
2-Hexenal,7.603
"3-Hexen-1-ol, (Z)-",7.78
"2-Hexen-1-ol, (E)-",8.089
1-Hexanol,8.172
Cyclohexanol,8.673
Styrene,8.888
Heptanal,9.516
"Ethanol, 2-butoxy-",9.835
Pentanoic acid,9.984
"2,4-Hexadienal, (E,E)-",9.943
"3-Hexen-1-ol, formate, (Z)-",10.541
"2-Heptenal, (Z)-",12.552
Benzaldehyde,12.621
4-Oxohex-2-enal,13.014
alpha-Methylstyrene,13.926
"5-Hepten-2-one, 6-methyl-",14.465
Octanal,15.407
"3-Hexen-1-ol, acetate, (Z)-",15.795
D-sylvestrene,16.79
"1-Hexanol, 2-ethyl-",17.227
Benzeneacetaldehyde,17.933
"2,6-Dimethyl-1,3,5,7-octatetraene, E,E-",23.354
"Benzaldehyde, 3-ethyl-",25.904
"Benzaldehyde, 4-ethyl-",26.904
Methyl salicylate,28.072
Decanal,29.126
beta-Cyclocitral,29.793
"Ethanone, 1-(4-ethylphenyl)-",33.943
"Naphthalene, 1-methyl-",35.331
Undecanal,35.89
Carvacryl acetate,40.03
Tetradecane,41.801
"Naphthalene, 1,7-dimethyl-",42.203
"Naphthalene, 1,3-dimethyl-",43.375
trans-beta-Ionone,46.794
Pentadecane,47.873
"Pentadecane, 3-methyl-",51.944
Diethyl Phthalate,53.263
Hexadecane,53.641
"1,3-di-iso-propylnaphthalene",57.364
Heptadecane,59.124
"1,4-di-iso-propylnaphthalene",59.708
"2,6-Diisopropylnaphthalene",60.243
"Cyclohexane, undecyl-",61.915
Phenanthrene,62.288
Heptadecane,63.71
Diisobutyl phthalate,64.544
Nonadecane,64.824
"Hexadecanoic acid, methyl ester",65.03
Dibutyl phthalate,65.275
