Name,RT
Ethanol,1.57
Methyl vinyl ketone,2.021
"3-Buten-2-ol, 2-methyl-",2.129
Toluene,4.385
Prenol,4.753
"3-Penten-2-one, 4-methyl-",5.288
Tricyclene,10.389
Dehydrosabinene,12.228
Sabinen,13.513
"5-Hepten-2-one, 6-methyl-",14.632
beta-Myrcene,14.754
alpha-Phellandrene,15.353
alpha-Terpinene,16.174
Eucalyptol,17.226
gamma-Terpinene,19.012
Acetophenone,19.728
cis-Linalool oxide,20.017
Terpinolene,20.969
p-Cymenene,21.067
Linalool,22.171
Fenchol,22.691
Chrysanthenone,23.47
alpha-Campholenal,23.549
Cosmene,24.01
Isopulegol,24.873
trans-3-Pinanone,25.781
L-Borneol,26.217
endo-Borneol,26.453
delta-Terpineol,26.6
"3-Pinanone, cis",26.703
Terpinen-4-ol,27.076
p-Cymen-8-ol,27.272
Estragole,28.67
Myrtenol,28.92
"2-Oxabicyclo[2.2.2]octan-6-one, 1,3,3-trimethyl-",29.778
trans-Carveol,30.112
Citronellol,31.004
"Benzaldehyde, 4-(1-methylethyl)-",31.338
Piperitone,32.309
"Benzaldehyde, 4-methoxy-",32.476
Citral,33.727
Thymol,35.026
Carvacrol,35.561
Isoascaridol,35.698
"Phenol, 2-ethyl-4,5-dimethyl-",35.958
Myrtenyl acetate,37.067
Piperitenone,37.95
Eugenol,39.176
Geranyl acetate,41.094
Methyleugenol,42.354
Aromandendrene,44.527
Valencen,47.764
cis-alpha-Bisabolene,48.343
"Phenol, 2,5-bis(1,1-dimethylethyl)-",48.897
Humulene epoxide 2,53.782
Methyl jasmonate,56.407
"11,11-Dimethyl-4,8-dimethylenebicyclo[7.2.0]undecan-3-ol",56.598
Benzyl Benzoate,62.513
"Isopimara-9(11),15-diene",64.892
