Name,RT
Ethanol,1.575
Isopropyl Alcohol,1.653
Isoprene,1.687
1-Propanol,1.874
Acetic acid,2.198
1-Butanol,2.634
Propanoic acid,3.247
"1-Butanol, 3-methyl-",3.728
"1-Butanol, 2-methyl-",3.797
1-Pentanol,4.464
"2-Buten-1-ol, 2-methyl-",4.611
Hexanal,5.351
1-Hexanol,8.118
Eucalyptol,17.084
"1-Hexanol, 2-ethyl-",17.413
"2(3H)-Furanone, 5-ethyldihydro-",18.968
Linalool,22.058
Isophorone,23.294
Estragole,28.763
Anethole,34.732
Eugenol,39.348
gamma-Gurjunene,46.23
"Naphthalene, 1,2,4a,5,6,8a-hexahydro-4,7-dimethyl-1-(1-methylethyl)-",47.333
"Bicyclo[4.4.0]dec-1-ene, 2-isopropyl-5-methyl-9-methylene-",48.442
Nonadecane,64.854
"Hexadecanoic acid, methyl ester",65.07
