Name,RT
Ethanol,1.584
Toluene,4.415
Tricyclene,10.414
3-Thujene,10.821
alpha-Pinene,11.154
Camphene,11.87
Sabinen,13.465
beta-Myrcene,14.779
alpha-Phellandrene,15.417
alpha-Terpinene,16.192
D-sylvestrene,17.045
beta-cis-Ocimene,17.884
trans-beta-Ocimene,18.536
gamma-Terpinene,19.037
p-Cymenene,21.151
"3-Pinanone, cis",26.728
2-Pinen-4-one,29.318
Isothymol methyl ether,30.917
Methyl thymyl ether,31.196
p-Cymene-2-ol methyl ether,31.824
"1,5,5-Trimethyl-6-methylene-cyclohexene",37.637
beta-Cubebene,41.007
beta-Elemen,41.163
Caryophyllene,42.63
Humulene,44.71
"cis-Muurola-4(15),5-diene",45.333
Germacrene D,46.436
Bicyclosesquiphellandrene,47.04
Bicyclogermacren,47.363
alpha-Muurolene,47.741
gamma-Cadinene,48.467
Junenol,54.255
