Name,RT
Ethanol,1.57
Acetone,1.648
"Acetic acid, methyl ester",1.761
Biacetyl,2.016
2-Butanone,2.08
Ethyl Acetate,2.193
Amylene hydrate,2.399
1-Butanol,2.644
1-Penten-3-ol,2.889
2-Pentanone,2.963
"Acetamide, 2,2,2-trifluoro-N-methyl-",3.149
Acetoin,3.36
Methyl butyrate,3.527
Isoamylol,3.811
"1-Butanol, 2-methyl-",3.875
"2-Pentanone, 3-methyl-",4.213
"2-Pentenal, (E)-",4.287
Hexanal,5.499
Ethyl butyrate,5.587
Butanoic acid,5.695
Butyl acetate,6.038
Isopropyl butyrate,7.156
2-Hexenal,7.254
"2-Hexenal, (E)-",7.514
"2-Hexen-1-ol, (E)-",8.24
1-Hexanol,8.353
Isoamyl acetate,8.721
"1-Butanol, 2-methyl-, acetate",8.824
"Butanoic acid, 2-methyl-",9.015
Styrene,9.182
2-Heptanone,9.354
2-Heptanol,9.913
Butyl propanoate,10.364
Methyl caproate,11.208
Benzaldehyde,12.983
"2H-Pyran, 2-ethenyltetrahydro-2,6,6-trimethyl-",13.753
alpha-Methylstyrene,14.376
1-Octen-3-ol,14.524
Phenol,14.975
beta-Myrcene,15.112
"Butanoic acid, butyl ester",15.558
Ethyl caproate,15.838
Hexyl acetate,16.736
"2-Hexen-1-ol, acetate, (E)-",16.937
D-Limonene,17.324
"1-Hexanol, 2-ethyl-",17.731
gamma-Terpinene,19.409
"2-Octenal, (E)-",19.551
Mesifuran,19.865
"Linalool oxide, (Z)-",20.463
1-Octanol,20.63
trans-Linalool oxide (furanoid),21.533
beta-Linalool,22.455
Nonanal,22.754
"Hexanoic acid, 2-ethyl-",24.814
Benzyl acetate,26.82
Dill ether,28.041
alpha-Terpineol,28.483
Myrtenal,28.689
n-Hexyl butyrate,28.924
(E)-2-Hexenyl butyrate,29.174
Decanal,29.714
Octyl acetate,30.293
"1,4-Butanediol, diacetate",30.714
"3,9-Epoxy-1-p-menthene",30.945
p-Allylphenol,33.309
Nonanoic acid,34.859
Eugenol,39.641
2-Undecenal,40.112
Octyl butyrate,41.873
Perilla acetate,43.021
Octyl 2-methylbutanoate,44.576
Lyratyl acetate,44.87
Cinnamyl acetate,45.066
gamma-Curcumene,47.058
alpha-Curcumene,47.268
(-)-Zingiberene,48.053
beta-Bisabolene,48.823
alpha-Farnesene,48.956
"2,4-Di-tert-butylphenol",49.265
(-)-beta-Sesquiphellandrene,49.672
E-Nerolidol,52.119
Dodecanoic acid,52.625
n-Octyl hexanoate,53.365
Decyl butyrate,53.664
Cetane,54.263
Benzophenone,55.307
(-)-alpha-Bisabolol oxide B,56.951
gamma-Dodecalactone,58.427
3-Pentadecanone,59.359
trans-Sedanolide,60.707
"4-Formyl-2,6-di-tert-butylphenol",62.777
