Name,RT
Ethanol,1.579
"Butanal, 3-methyl-",2.487
1-Penten-3-ol,2.791
"Furan, 2-ethyl-",3.046
"1-Butanol, 3-methyl-",3.689
"2-Pentenal, (E)-",4.145
1-Pentanol,4.469
"2-Penten-1-ol, (Z)-",4.542
Hexanal,5.273
2-Hexenal,7.868
"3-Hexen-1-ol, (Z)-",7.897
"2-Hexen-1-ol, (E)-",8.123
1-Hexanol,8.216
"2,4-Hexadienal, (E,E)-",10.002
Benzaldehyde,12.704
"2(5H)-Furanone, 5-ethyl-",13.062
"2-Hexene, 3,5,5-trimethyl-",13.67
1-Octen-3-ol,14.063
"5-Hepten-2-one, 6-methyl-",14.519
"2,4-Heptadienal, (E,E)-",15.966
"Cyclohexanone, 2,2,6-trimethyl-",17.202
"1-Hexanol, 2-ethyl-",17.246
Benzeneacetaldehyde,17.958
Linalool,21.896
"Benzaldehyde, 3-ethyl-",26.085
alpha-Terpineol,27.915
Decanal,29.166
beta-Cyclocitral,29.784
delta-EIemene,37.504
alpha-Cubebene,38.26
Ylangene,39.545
Copaene,39.824
beta-Cubebene,40.8
(-)-beta-Elemene,40.977
Caryophyllene,42.512
beta-Ylangene,43.086
gamma-Elemene,43.532
"Benzene, 1-(1,5-dimethylhexyl)-4-methyl-",44.494
(E)-beta-Famesene,45.249
"Amorpha-4,11-diene",45.386
gamma-Gurjunene,45.882
gamma-Muurolene,46.112
alpha-Curcumene,46.647
trans-beta-Ionone,46.809
(-)-Zingiberene,47.422
alpha-Muurolene,47.579
(��)-beta-Alaskene,48.207
beta-Curcumene,48.383
"Cadina-3,9-diene",48.923
Nerolidol,51.537
"Phthalic acid, diisobutyl ester",64.555
Dibutyl phthalate,65.301
