Name,RT
Ethanol,1.584
Acetonitrile,1.673
"Acetic acid, methyl ester",1.781
Acetic acid,2.34
2-Heptanone,9.168
2-Heptanol,9.746
Eucalyptol,17.104
Benzyl alcohol,18.105
"2-Heptanol, acetate",18.36
trans-Linalool oxide (furanoid),21.161
"Benzoic acid, methyl ester",21.798
Linalool,22.088
"Acetic acid, phenylmethyl ester",26.492
"Benzoic acid, ethyl ester",26.806
Methyl salicylate,28.224
"Benzaldehyde, 4-(1-methylethyl)-",31.505
"2-Nonanol, acetate",31.643
"Phenol, 4-(2-propenyl)-",32.928
2-Undecanone,35.321
alpha-Cubebene,38.48
Eugenol,39.363
Caryophyllene,43.238
Aromandendrene,44.341
Humulene,45.283
Alloaromadendrene,45.587
gamma-Muurolene,46.573
Germacrene D,46.735
beta-Eudesmene,46.975
Bicyclosesquiphellandrene,47.279
Valencen,47.549
alpha-Muurolene,47.917
gamma-Cadinene,48.652
alpha-Farnesene,48.8
beta-Calacorene,51.497
Caryophyllene oxide,52.552
Axenol,52.812
Humulene epoxide 2,53.945
Acetisoeugenol,54.867
"Di-epi-1,10-cubenol",55.068
Epicubenol,55.813
delta-Cadinol,56.108
alpha-epi-Muurolol,56.52
Benzyl Benzoate,62.528
"7,9-Di-tert-butyl-1-oxaspiro(4,5)deca-6,9-diene-2,8-dione",65.01
"Hexadecanoic acid, methyl ester",65.059
