Name,RT
Ethanol,1.575
2-Heptanone,9.266
3-Thujene,11.081
Benzaldehyde,13.116
Sabinen,13.518
Eucalyptol,17.094
Benzyl alcohol,18.159
trans-beta-Ocimene,18.546
"Benzenemethanol, alpha-methyl-",19.566
Linalool,22.068
2-Nonanol,22.382
"(E)-4,8-Dimethylnona-1,3,7-triene",23.191
Benzoic acid,26.919
Methyl salicylate,28.268
"Phenol, 4-(2-propenyl)-",32.996
2-Undecanone,35.307
alpha-Cubebene,38.554
Eugenol,39.392
beta-Cubebene,41.266
alpha-Gurjunene,42.242
Methyleugenol,42.644
Caryophyllene,43.218
beta-Copaene,43.949
Humulene,44.979
"cis-Muurola-4(15),5-diene",46.166
Germacrene D,46.661
beta-Selinene,46.833
Bicyclosesquiphellandrene,47.142
alpha-Muurolene,47.794
Bicyclogermacren,48.089
gamma-Cadinene,48.167
alpha-Farnesene,48.599
L-calamenene,49.133
"Cadala-1(10),3,8-triene",51.34
E-Nerolidol,51.733
Caryophyllene oxide,52.39
Axenol,52.674
Viridiflorol,53.489
Humulene epoxide I,53.827
Widdrol,54.264
"Di-epi-1,10-cubenol",54.99
Xanthoxylin,57.893
Octadecane,63.774
Nonadecane,64.853
