Name,RT
1-Penten-3-ol,2.874
3-Pentanol,3.1
1-Pentanol,4.57
"2-Penten-1-ol, (Z)-",4.67
Hexanal,5.498
"2-Hexenal, (E)-",7.476
"3-Hexen-1-ol, (E)-",7.691
"2-Hexen-1-ol, (E)-",8.201
1-Hexanol,8.289
Styrene,9.138
alpha-Thujene,11.08
alpha-Pinene,11.399
Camphene,12.13
Dehydrosabinene,12.53
Sabinen,13.837
1-Octen-3-ol,14.514
beta-Myrcene,15.092
"p-Mentha-1(7),8-diene",15.676
alpha-Terpinene,16.54
"Acetic acid, hexyl ester",16.873
Limonene,17.295
cis-beta-Ocimene,18.134
trans-beta-Ocimene,18.84
gamma-Caprolactone,19.105
gamma-Terpinene,19.34
Nonanal,23.68
Fenchol,23.01
"2,6-Dimethyl-1,3,5,7-octatetraene, E,E-",24.868
Isopulegol,25.201
L-Borneol,26.6
Terpinen-4-ol,27.462
p-Cymen-8-ol,28.01
alpha-Terpineol,28.62
trans-Carveol,30.42
p-Cymen-3-ol,35.3
p-Cymen-2-ol,36.22
Ylangene,40.12
isoledene,40.244
Copaene,40.426
"Sativene, (+)-",41.2
"Hexanoic acid, 3-hexenyl ester, (Z)-",41.36
"Hexanoic acid, hexyl ester",41.7
Isocaryophyllene,42.339
Caryophyllene,43.275
Aromandendrene,44.296
"1,1,4,7-Tetramethyl-1a,2,3,4,6,7,7a,7b-octahydro-1H-cyclopropa[e]azulene",44.42
Humulene,45.188
Alloaromadendrene,45.6
"(4R,4aS,6S)-4,4a-Dimethyl-6-(prop-1-en-2-yl)-1,2,3,4,4a,5,6,7-octahydronaphthalene",46.159
gamma-Gurjunene,46.34
"Cadina-1(6),4-diene",46.503
gamma-Muurolene,46.665
beta-Eudesmene,47.165
Valencen,47.288
"4a,8-Dimethyl-2-(prop-1-en-2-yl)-1,2,3,4,4a,5,6,7-octahydronaphthalene",47.719
alpha-Muurolene,48.234
gamma-Cadinene,48.89
"Cadina-3,9-diene",49.514
Cubenene,49.941
alpha-Cadinene,50.255
alpha-Calacorene,50.6
Ledol,51.417
beta-Calacorene,51.7
Caryophyllenyl alcohol,21.95
Caryophyllene oxide,52.702
Axenol,53.06
Cubeban-11-ol,53.4
"1,10-Diepicubenol",55.4
Caryophylladienol II,55.75
.tau.-Cadinol,56.116
delta-Cadinol,56.45
alpha-Cadinol,56.85
Cadalin,57.911
