Name,RT
1-Penten-3-ol,2.879
3-Pentanone,3.08
3-Hexanone,5.062
"2-Hexenal, (E)-",7.554
"3-Hexen-1-ol, (Z)-",7.662
p-Xylene,8.118
1-Hexanol,8.333
Styrene,9.138
"3-Heptanone, 6-methyl-",12.753
1-Octen-3-one,14.337
3-Octanone,15.112
3-Octanol,15.598
"Ethanone, 1-(2-pyridinyl)-",17.712
trans-beta-Ocimene,18.835
5-Nonanol,21.528
Linalool,22.361
"(E)-4,8-Dimethylnona-1,3,7-triene",23.514
"1-Propanone, 1-(2-pyridinyl)-",24.686
"2-Propionyl-3,4,5,6-tetrahydropyridine",25.486
Methyl salicylate,28.591
Heptadecane,59.692
