Name,RT
Ethanol,1.565
Dimethyl sulfide,1.756
"2,3-Butanedione",2.041
2-Butanone,2.1
Ethyl Acetate,2.222
"1-Propanol, 2-methyl-",2.315
"Butanal, 2-methyl-",2.756
1-Penten-3-ol,2.909
1-Penten-3-one,2.973
Pentanal,3.115
"1-Butanol, 3-methyl-",3.821
"1-Butanol, 2-methyl-",3.9
"Pentane, 1-chloro-",4.253
(E)-2-Pentenal,4.287
"Propanoic acid, 2-methyl-",4.557
1-Pentanol,4.601
Hexanal,5.548
"Acetic acid, butyl ester",6.141
"Heptane, 2,4-dimethyl-",6.308
"Butanoic acid, 3-methyl-",7.465
"2-Hexenal, (E)-",7.612
Ethylbenzene,7.897
"Octane, 4-methyl-",8.059
p-Xylene,8.23
"Butanoic acid, 2-methyl-",8.333
1-Methoxy-2-propyl acetate,8.583
Styrene,9.28
o-Xylene,9.363
Cyclohexanone,9.422
Pentanoic acid,9.574
"4-Heptenal, (Z)-",9.741
Heptanal,9.991
Benzaldehyde,13.15
1-Octen-3-one,14.459
1-Octen-3-ol,14.587
"2,3-Octanedione",14.95
6-Methyl-5-heptene-2-one,15.067
Hexanoic acid,15.499
"2,4-Heptadienal, (E,E)-",15.592
Decane,15.837
"1-Hexanol, 2-ethyl-",17.877
Benzeneacetaldehyde,18.554
"Decane, 4-methyl-",19.903
o-Guaiacol,21.689
Linalool,22.606
Undecane,22.787
Nonanal,22.91
"Pentanedioic acid, dimethyl ester",25.406
Methyl salicylate,28.829
Dodecane,29.57
"Benzaldehyde, 2,5-dimethyl-",30.134
"Undecane, 2,6-dimethyl-",30.507
"2-Decenal, (E)-",33.615
"2,4-Decadienal, (E,Z)-",35.72
Tridecane,36.265
alpha-Cubebene,39.158
beta-Cubebene,41.706
Tetradecane,42.65
Dodecanal,43.18
Caryophyllene,43.371
Humulene,45.446
Alloaromadendrene,45.888
gamma-Muurolene,46.991
Germacrene D,47.163
