Name,RT
Acetaldehyde,1.496
Methanethiol,1.526
Ethanol,1.575
"1,4-Pentadiene",1.653
Isoprene,1.683
Butanal,2.026
1-Butanol,2.614
1-Penten-3-ol,2.786
1-Penten-3-one,2.845
3-Pentanone,2.992
"Furan, 2-ethyl-",3.046
2-Vinylfuran,3.492
"1-Butanol, 3-methyl-",3.669
"2-Pentenal, (E)-",4.101
1-Pentanol,4.42
"2-Penten-1-ol, (Z)-",4.527
Hexanal,5.283
"2-Hexenal, (E)-",7
2-Hexenal,7.701
"3-Hexen-1-ol, (Z)-",7.765
"2-Hexen-1-ol, (E)-",8.069
1-Hexanol,8.147
Cyclohexanol,8.677
"4-Heptenal, (E)-",9.457
"Ethanol, 2-butoxy-",9.84
"2,4-Hexadienal, (E,E)-",9.997
"2-Heptenal, (Z)-",12.577
Benzaldehyde,12.625
4-Oxohex-2-enal,12.91
1-Heptanol,13.553
"5-Hepten-2-one, 6-methyl-",14.485
"5-Hepten-2-ol, 6-methyl-",14.911
2-Carene,14.985
"2,4-Heptadienal, (E,E)-",15.956
beta-Phellandrene,16.77
D-sylvestrene,16.81
"1-Hexanol, 2-ethyl-",17.236
Benzyl alcohol,17.511
Benzeneacetaldehyde,17.928
"Benzene, 1-methyl-3-(1-methylethenyl)-",20.503
p-Cymenene,20.94
Linalool,21.901
Nonanal,22.2
Phenylethyl Alcohol,22.705
"3-Nonen-1-ol, (Z)-",25.668
"3,6-Nonadien-1-ol, (E,Z)-",25.889
Methyl salicylate,28.16
Decanal,29.136
beta-Cyclocitral,29.783
Carvone,31.5
Eugenol,39.118
trans-beta-Ionone,46.809
Isobutyl phthalate,64.565
Dibutyl phthalate,65.306
