Name,RT
Ethanol,1.57
Acetone,1.648
"Propanal, 2-methyl-",1.854
Toluene,4.39
2-Heptanol,9.673
1R-alpha-Pinene,11.076
Benzaldehyde,12.969
Sabinen,13.509
"5-Hepten-2-one, 6-methyl-",14.647
beta-Myrcene,14.754
alpha-Phellandrene,15.353
3-Carene,15.696
alpha-Terpinen,16.162
Eucalyptol,17.084
beta-cis-Ocimene,17.864
gamma-Terpinene,19.012
p-Cymenene,21.067
Linalool,22.043
2-Nonanol,22.269
4-Acetyl-1-methylcyclohexene,24
Isoborneol,25.516
Terpinen-4-ol,27.032
p-Cymen-8-ol,27.767
Estragole,28.596
2-Decanol,29.136
Citronellol,31.005
Piperitone,32.299
"2,6-Octadien-1-ol, 3,7-dimethyl-",32.746
(Z)-Undec-6-en-2-one,34.114
2-Undecanone,35.242
2-Undecanol,35.851
Piperitenone,37.94
alpha-Cubebene,38.458
alpha-Terpinyl acetate,38.612
Eugenol,39.299
7-epi-Sesquithujene,41.172
2-epi-alpha-Funebrene,41.432
2-Dodecanone,41.731
Sesquithujene,42.271
alpha-Santalene,42.889
gamma-Elemene,43.723
alpha-Himachalene,44.738
(E)-beta-Famesene,45.523
alpha-Curcumene,47.274
Zingiberene,48.01
beta-Bisabolene,49.059
beta-Sesquiphellandrene,49.868
trans-gamma-Bisabolene,50.354
beta-Calacorene,51.585
aR-Turmerol,52.62
(��)-Dihydro-ar-turmerone,53.361
beta-Elemenone,53.866
Zingiberenol,54.479
aR-Turmerone,57.74
(Z)-alpha-Atlantone,60.104
Curcuphenol,60.301
"(6R,7R)-Bisabolone",61.184
1-Bisabolone,61.669
Xanthorrhizol,62.061
(E)-Atlantone,63.091
