Name,RT
Hexanal,5.464
2-Hexenal,7.47
"3-Hexen-1-ol, (E)-",7.681
1-Hexanol,8.285
Benzeneacetaldehyde,18.492
Nonanal,22.695
"1-Cyclohexene-1-carboxaldehyde, 2,6,6-trimethyl-",30.337
"Formamide, N,N-dibutyl-",36.258
alpha-Cubebene,38.838
Copaene,40.417
"1H-Cycloprop[e]azulene, 1a,2,3,4,4a,5,6,7b-octahydro-1,1,4,7-tetramethyl-, [1aR-(1aalpha,4alpha,4abeta,7balpha)]-",42.487
Caryophyllene,43.036
alpha-Ionone,43.83
trans-beta-Ionone,47.377
"Naphthalene, 1,2,4a,5,8,8a-hexahydro-4,7-dimethyl-1-(1-methylethyl)-, [1S-(1alpha,4abeta,8aalpha)]-",49.506
