Name,RT
Ethanol,1.579
"3-Buten-2-ol, 2-methyl-",2.168
Acetic acid,2.217
"Furan, 2,3-dihydro-",2.536
1-Butanol,2.663
"Furan, 3-methyl-",2.84
"Ethanone, 1-cyclopropyl-",3.581
Prenol,4.831
Hexanal,5.538
"2-Hexen-1-ol, (E)-",8.275
1-Hexanol,8.368
Benzaldehyde,13.062
1-Hepten-3-one,14.416
1-Octen-3-ol,14.543
3-Methyl-3-cyclohexen-1-one,14.656
"5-Hepten-2-one, 6-methyl-",14.985
alpha-Phellandrene,15.814
o-Cymene,17.167
"1-Hexanol, 2-ethyl-",17.795
Benzyl alcohol,18.08
Benzeneacetaldehyde,18.487
cis-Arbusculone,19.095
"2-Octenal, (E)-",19.595
Acetophenone,19.968
trans-Arbusculone,20.4
cis-Linalool oxide,20.493
p-Cresol,21.125
Linalool,22.504
"6-Methyl-3,5-heptadiene-2-one",22.837
"Ethanone, 1-(1,4-dimethyl-3-cyclohexen-1-yl)-",25.697
Sabina ketone,26.217
Terpinen-4-ol,27.585
p-Acetyltoluene,28.066
"Cryptone, L-",28.174
alpha-Terpineol,28.537
"Benzaldehyde, 2,5-dimethyl-",30.018
p-Cumenol,31.47
p-Cumic aldehyde,31.764
Carvone,32.107
Phellandral,34.04
alpha-Terpinen-7-al,34.687
p-Cymen-7-ol,35.364
Carvacrol,35.771
Isoascaridol,36.188
Tricycloekasantalal,38.189
alpha-Cubebene,39.028
Copaene,40.598
7-epi-Sesquithujene,41.731
cis-Jasmone,42.231
alpha-Cedrene,42.687
Caryophyllene,43.227
alpha-Santalene,43.467
Cuminyl acetate,43.854
gamma-Elemene,44.443
gamma-Curcumene,47.18
alpha-Curcumene,47.391
beta-Bisabolene,48.946
delta-Cadinene,49.701
(E)-gamma-Bisabolene,50.275
alpha-Calacorene,50.716
Nerolidol,52.251
Spathulenol,52.722
Caryophyllene oxide,52.904
Mintketone,53.556
(E)-alpha-Santalal,58.465
alpha-Santalol,59.427
"Phenol, 2-(1-phenylethyl)-",63.247
