Name,RT
1-Penten-3-ol,2.874
Acetoin,3.262
3-Penten-2-one,3.551
"1-Butanol, 3-methyl-",3.782
"2-Penten-1-ol, (Z)-",4.67
Hexanal,5.498
"2-Hexenal, (E)-",7.476
"3-Hexen-1-ol, (Z)-",7.691
p-Xylene,8.108
"2-Hexen-1-ol, (E)-",8.201
1-Hexanol,8.289
Styrene,9.138
o-Xylene,9.216
"Benzene, 1-ethyl-3-methyl-",13.06
1-Octen-3-ol,14.514
3-Methyl-3-cyclohexen-1-one,14.517
"Benzene, 1,2,4-trimethyl-",14.96
"3-Hexen-1-ol, acetate, (Z)-",16.294
"Acetic acid, hexyl ester",16.691
p-Cymene,17.03
beta-Terpinen,17.241
"1-Hexanol, 2-ethyl-",17.672
trans-beta-Ocimene,18.2
"1,3,7-Octatriene, 3,7-dimethyl-",18.83
"Benzene, 1-ethyl-3,5-dimethyl-",20.53
"Benzene, 1-methyl-4-(1-methylethenyl)-",21.46
Linalool,22.425
"Benzene, 1,2,4,5-tetramethyl-",23.382
"(E)-4,8-Dimethylnona-1,3,7-triene",23.514
Naphthalene,27.4
"Ethanone, 1-(4-methylphenyl)-",27.9
"Butanoic acid, 3-hexenyl ester, (E)-",28.434
"Butanoic acid, hexyl ester",28.86
"Phenol, 2,4,6-trimethyl-",29.23
Decanal,29.66
cis-3-Hexenyl-alpha-methylbutyrate,31.5
Menthyl acetate,35.45
"Naphthalene, 1-methyl-",35.9
"1,5,5-Trimethyl-6-methylene-cyclohexene",38
"2-Acetoxy-1,8-cineole",38.5
"beta-Elemene, (-)-",41.603
Caryophyllene,43.275
"10,10-Dimethyl-2,6-dimethylenebicyclo[7.2.0]undecane",43.97
Aromandendrene,44.4
Humulene,45.4
(E)-beta-Famesene,45.85
beta-Chamigrene,46.64
gamma-Curcumene,47
beta-Eudesmene,47.165
alpha-Selinene,47.71
Bicyclogermacren,48.45
beta-Bisabolene,48.95
(E)-gamma-Bisabolene,50.43
E-Nerolidol,52.1
Caryophyllene oxide,52.77
Humulene epoxide 2,54.233
"11,11-Dimethyl-4,8-dimethylenebicyclo[7.2.0]undecan-3-ol",55.78
"Eudesma-4(15),7-dien-1beta -ol",56.5
alpha-Bisabolol,58.73
