Name,RT
Ethanol,1.565
"Propanal, 2-methyl-",1.844
Butanal,2.011
"3-Buten-2-ol, 2-methyl-",2.114
Ethyl Acetate,2.153
"Butanal, 3-methyl-",2.472
Benzene,2.556
"2-Propanol, 1-methoxy-",2.713
1-Penten-3-ol,2.781
Pentanal,2.968
"Furan, 2-ethyl-",3.071
"1-Butanol, 3-methyl-",3.664
3-Penten-2-one,3.811
"2-Butenal, 2-methyl-",3.841
"2-Pentenal, (E)-",4.086
Toluene,4.317
1-Pentanol,4.39
"2-Penten-1-ol, (Z)-",4.493
Hexanal,5.253
"Butanoic acid, ethyl ester",5.356
2-Hexenal,7.23
"3-Hexen-1-ol, (Z)-",7.505
p-Xylene,7.838
"2-Hexen-1-ol, (E)-",7.971
1-Hexanol,8.079
Styrene,8.839
2-Heptanone,9.006
"4-Heptenal, (Z)-",9.383
Heptanal,9.472
"Octane, 2,7-dimethyl-",10.894
"2-Heptenal, (Z)-",12.523
Benzaldehyde,12.562
"Nonane, 2-methyl-",12.959
2-Thujene,13.386
1-Octen-3-ol,14.053
"5-Hepten-2-one, 6-methyl-",14.465
Octanal,15.412
"3-Hexen-1-ol, acetate, (Z)-",15.794
"2,4-Heptadienal, (E,E)-",16.093
"Nonane, 2,5-dimethyl-",16.466
"Nonane, 2,6-dimethyl-",16.653
"1-Hexanol, 2-ethyl-",17.231
Benzyl alcohol,17.55
Benzeneacetaldehyde,17.918
"Decane, 4-methyl-",19.184
Acetophenone,19.463
cis-Linalool oxide,19.856
"3,5-Octadien-2-one, (E,E)-",19.978
p-Cymenene,20.631
"3,5-Octadien-2-one",21.479
Nonanal,22.185
Phenylethyl Alcohol,22.681
Isophorone,23.014
"Benzaldehyde, 3-ethyl-",25.953
"Undecane, 2-methyl-",26.262
"Benzaldehyde, 4-ethyl-",26.978
Dodecane,28.743
Decanal,29.155
"Benzaldehyde, 2,5-dimethyl-",29.391
beta-Cyclocitral,29.769
"Dodecane, 2,6,11-trimethyl-",34.09
"Dodecane, 4,6-dimethyl-",37.097
"Propanoic acid, 2-methyl-, 2-ethyl-3-hydroxyhexyl ester",39.853
Tetradecane,41.786
"beta-Ionone, dihydro-",43.9
trans-beta-Ionone,46.769
Pentadecane,47.853
"2,4-Di-tert-butylphenol",48.702
Hexadecane,53.616
Triethyl citrate,57.344
Heptadecane,59.11
"Phthalic acid, diisobutyl ester",64.544
Dibutyl phthalate,65.285
