Name,RT
Toluene,4.393
Hexanal,5.369
"Butanoic acid, 3-methyl-",8.028
2-Heptanol,9.715
3-Thujene,10.789
alpha-Pinene,11.084
Benzaldehyde,12.854
"5-Hepten-2-one, 6-methyl-",14.605
beta-Myrcene,14.767
alpha-Phellandrene,15.361
3-Carene,15.709
alpha-Terpinene,16.19
Eucalyptol,17.303
trans-beta-Ocimene,18.524
gamma-Terpinene,19.079
Acetophenone,19.667
cis-Linalool oxide,20.025
p-Cymenene,21.085
Linalool,22.267
"1,5,7-Octatrien-3-ol, 3,7-dimethyl-",22.429
"p-Mentha-1,5,8-triene",22.576
Rose oxide,22.748
cis-2-p-Menthen-1-ol,23.287
trans-Rose oxide,23.792
Cosmene,23.974
Isopulegol,24.862
Pinocarvone,25.955
delta-Terpineol,26.451
3-Thujen-2-one,26.902
Terpinen-4-ol,27.147
Estragole,28.668
trans-Piperitol,29.291
cis-Geraniol,30.841
Citronellol,31.076
Methyl thymyl ether,31.174
"Benzaldehyde, 4-(1-methylethyl)-",31.292
Neral,31.625
Piperitone,32.283
Geraniol,32.803
alpha-Citral,33.68
alpha-Terpinen-7-al,34.117
Anethole,34.441
Carvacrol,35.083
2-Undecanone,35.25
Isoascaridol,35.677
"3,4-Xylenol, 6-ethyl-",36.03
delta-EIemene,37.639
alpha-Terpinyl acetate,38.625
Citronellol acetate,39.14
Eugenol,39.252
Cyclosativene,39.738
Ylangene,40.57
Copaene,40.729
beta-Cubebene,40.999
beta-Elemen,41.165
beta-Cubebene,41.337
beta-Maaliene,42.083
Sesquithujene,42.264
Methyleugenol,42.401
Caryophyllene,42.828
alpha-Santalene,42.916
trans-alpha-Bergamotene,43.927
(E)-beta-Famesene,45.663
gamma-Muurolene,46.57
Germacrene D,46.698
"Naphthalene, 1,2,4a,5,6,8a-hexahydro-4,7-dimethyl-1-(1-methylethyl)-",46.865
Bicyclosesquiphellandrene,47.13
alpha-Muurolene,47.836
gamma-Cadinene,48.679
alpha-Cadinene,49.955
alpha-Calacorene,50.185
Sesquirosefuran,51.142
(6E)-Nerolidol,51.706
Germacrene D-4-ol,52.025
"Di-epi-1,10-cubenol",54.967
alpha-epi-Cadinol,55.718
delta-Cadinol,56.032
alpha-Cadinol,56.493
"Eudesma-4(15),7-dien-1beta-ol",58.999
trans-Farnesol,60.539
Oplopanone,60.936
"trans,trans-Farnesal",61.442
"7-Hexadecenal, (Z)-",63.767
all-trans-Farnesyl acetate,64.331
Nonadecane,64.85
"Hexadecanoic acid, methyl ester",65.066
